survey,year,battery,item,item_1,item_2,estimate,ci_low,ci_high,spearman_weighted,unweighted,pairwise_complete,n_pairwise,n_complete,n_psu,method,uncertainty
EVS,1999,core,private_ownership__competition,private_ownership,competition,0.3916397263986038,0.3275661216488794,0.4555201767726724,0.3662229462359832,0.3978225002776963,0.3992399400006442,999,989,1195,Weighted Pearson; complete cases for named battery,2000 PSU bootstrap replicates; approximate
EVS,1999,core,private_ownership__individual_responsibility,private_ownership,individual_responsibility,0.4067192341622968,0.3411149988110671,0.4704664270314513,0.4072591958616875,0.39821903883119186,0.4008723671208455,1021,989,1195,Weighted Pearson; complete cases for named battery,2000 PSU bootstrap replicates; approximate
EVS,1999,core,private_ownership__income_incentives,private_ownership,income_incentives,-0.01647114464389313,-0.08498480433318605,0.053640780501493276,-0.04097709641826356,-0.018680627901780985,-0.018456132300515387,1014,989,1195,Weighted Pearson; complete cases for named battery,2000 PSU bootstrap replicates; approximate
EVS,1999,core,competition__individual_responsibility,competition,individual_responsibility,0.32227875638496284,0.2593952984693522,0.38194048867528874,0.29366894824059714,0.33012995892006824,0.3209075695728586,1096,989,1195,Weighted Pearson; complete cases for named battery,2000 PSU bootstrap replicates; approximate
EVS,1999,core,competition__income_incentives,competition,income_incentives,-0.06414227550168732,-0.1286278070791052,0.0010114930814262482,0.0089742176437242,-0.07002600752306955,-0.03509518137825113,1085,989,1195,Weighted Pearson; complete cases for named battery,2000 PSU bootstrap replicates; approximate
EVS,1999,core,individual_responsibility__income_incentives,individual_responsibility,income_incentives,-0.09783204638879167,-0.16622577848775297,-0.02901506511709169,-0.14787470919141296,-0.10539361498967648,-0.06499369022110292,1151,989,1195,Weighted Pearson; complete cases for named battery,2000 PSU bootstrap replicates; approximate
EVS,1999,common_three,private_ownership__competition,private_ownership,competition,0.391592023412433,0.3286440796963829,0.45335441079928057,0.3660144639507231,0.39777440622500815,0.3992399400006442,999,990,1195,Weighted Pearson; complete cases for named battery,2000 PSU bootstrap replicates; approximate
EVS,1999,common_three,private_ownership__income_incentives,private_ownership,income_incentives,-0.016972690335825935,-0.09189512617199458,0.05309450350225759,-0.041469754890965146,-0.01933536748848717,-0.018456132300515387,1014,990,1195,Weighted Pearson; complete cases for named battery,2000 PSU bootstrap replicates; approximate
EVS,1999,common_three,competition__income_incentives,competition,income_incentives,-0.06409439484451665,-0.12473676204648987,0.0014800716188711532,0.009169570512292474,-0.06999877793945196,-0.03509518137825113,1085,990,1195,Weighted Pearson; complete cases for named battery,2000 PSU bootstrap replicates; approximate
EVS,2008,core,private_ownership__competition,private_ownership,competition,0.20179025046811175,0.14428198629900535,0.2633117283740874,0.18885799474756193,0.19119548174223572,0.19863217410757522,1279,1264,1507,Weighted Pearson; complete cases for named battery,2000 PSU bootstrap replicates; approximate
EVS,2008,core,private_ownership__individual_responsibility,private_ownership,individual_responsibility,0.23689682663408484,0.17295282980416607,0.2958764052862649,0.24164478244809026,0.23726310820513297,0.23622670561964498,1337,1264,1507,Weighted Pearson; complete cases for named battery,2000 PSU bootstrap replicates; approximate
EVS,2008,core,private_ownership__income_incentives,private_ownership,income_incentives,-0.1374450653673052,-0.19946221827617713,-0.07618983037058323,-0.17489839476780555,-0.144401051089807,-0.14004824922003653,1329,1264,1507,Weighted Pearson; complete cases for named battery,2000 PSU bootstrap replicates; approximate
EVS,2008,core,competition__individual_responsibility,competition,individual_responsibility,0.25390182966702113,0.1947997725921368,0.311138848981144,0.2562715192886314,0.2451824658304695,0.23455737411090735,1382,1264,1507,Weighted Pearson; complete cases for named battery,2000 PSU bootstrap replicates; approximate
EVS,2008,core,competition__income_incentives,competition,income_incentives,0.019466146546831688,-0.04239627570023464,0.07965428533088359,0.056575936416966136,0.01058752152297765,0.010597932527383709,1370,1264,1507,Weighted Pearson; complete cases for named battery,2000 PSU bootstrap replicates; approximate
EVS,2008,core,individual_responsibility__income_incentives,individual_responsibility,income_incentives,-0.07436599616975312,-0.12979483658656815,-0.01950078397668093,-0.08472206873447824,-0.07105326105438316,-0.059797103135396754,1470,1264,1507,Weighted Pearson; complete cases for named battery,2000 PSU bootstrap replicates; approximate
EVS,2008,common_three,private_ownership__competition,private_ownership,competition,0.20440427681303713,0.14558528671981494,0.2642815440241251,0.1912525563856402,0.19330436042514015,0.19863217410757522,1279,1267,1507,Weighted Pearson; complete cases for named battery,2000 PSU bootstrap replicates; approximate
EVS,2008,common_three,private_ownership__income_incentives,private_ownership,income_incentives,-0.1357868431687052,-0.19492686017407224,-0.07797272257929032,-0.17296810232392126,-0.1430944879243821,-0.14004824922003653,1329,1267,1507,Weighted Pearson; complete cases for named battery,2000 PSU bootstrap replicates; approximate
EVS,2008,common_three,competition__income_incentives,competition,income_incentives,0.020512964304772483,-0.03640250406425148,0.07983522157918788,0.05762360975233729,0.011192194302608715,0.010597932527383709,1370,1267,1507,Weighted Pearson; complete cases for named battery,2000 PSU bootstrap replicates; approximate
EVS,2020,core,private_ownership__competition,private_ownership,competition,0.24785529795133243,0.11038306117231333,0.3707365742951555,0.24605223377393226,0.1892748711040243,0.2462371706764397,1411,1399,1612,Weighted Pearson; complete cases for named battery,2000 PSU bootstrap replicates; approximate
EVS,2020,core,private_ownership__individual_responsibility,private_ownership,individual_responsibility,0.38111691925271873,0.24694664375908187,0.5039636926282655,0.37374833268378327,0.33413455958863253,0.388295487842078,1425,1399,1612,Weighted Pearson; complete cases for named battery,2000 PSU bootstrap replicates; approximate
EVS,2020,core,private_ownership__income_incentives,private_ownership,income_incentives,-0.10213972970871524,-0.25930910370380933,0.04774821579249764,-0.12194252816803855,-0.12377313904369433,-0.10993998826672782,1428,1399,1612,Weighted Pearson; complete cases for named battery,2000 PSU bootstrap replicates; approximate
EVS,2020,core,competition__individual_responsibility,competition,individual_responsibility,0.3017932003619673,0.15209897734509392,0.4342392876116621,0.2860673697696063,0.2547415157703308,0.3477754109694135,1526,1399,1612,Weighted Pearson; complete cases for named battery,2000 PSU bootstrap replicates; approximate
EVS,2020,core,competition__income_incentives,competition,income_incentives,0.03783212954015704,-0.12162478011011608,0.19285992211678826,0.07163728898358561,0.01896080725959363,-0.043378873744430925,1525,1399,1612,Weighted Pearson; complete cases for named battery,2000 PSU bootstrap replicates; approximate
EVS,2020,core,individual_responsibility__income_incentives,individual_responsibility,income_incentives,0.018942726160691363,-0.1353748476482603,0.17576276296398544,-0.00041279550957304146,-0.07138636278156849,-0.04519991948704431,1556,1399,1612,Weighted Pearson; complete cases for named battery,2000 PSU bootstrap replicates; approximate
EVS,2020,common_three,private_ownership__competition,private_ownership,competition,0.24459972305391278,0.10268134574658921,0.36908569678370884,0.24325328455668516,0.18479566287246985,0.2462371706764397,1411,1405,1612,Weighted Pearson; complete cases for named battery,2000 PSU bootstrap replicates; approximate
EVS,2020,common_three,private_ownership__income_incentives,private_ownership,income_incentives,-0.09951525172009344,-0.24638319195062852,0.048422479345190686,-0.11944151348326407,-0.12002177893476505,-0.10993998826672782,1428,1405,1612,Weighted Pearson; complete cases for named battery,2000 PSU bootstrap replicates; approximate
EVS,2020,common_three,competition__income_incentives,competition,income_incentives,0.035382308638129696,-0.11838758370276536,0.18102407217669583,0.06865176183286956,0.014181601096087936,-0.043378873744430925,1525,1405,1612,Weighted Pearson; complete cases for named battery,2000 PSU bootstrap replicates; approximate
WVS,1996,core,private_ownership__competition,private_ownership,competition,0.3060686137544679,0.2643059382344197,0.34630710347845095,0.2680792609991372,0.3060686137544679,0.31060344819511376,2380,2271,2811,Weighted Pearson; complete cases for named battery,2000 PSU bootstrap replicates; approximate
WVS,1996,core,private_ownership__individual_responsibility,private_ownership,individual_responsibility,0.24051715489218917,0.19753621022824286,0.2854865220988227,0.2587366474727792,0.24051715489218917,0.2456582029017048,2544,2271,2811,Weighted Pearson; complete cases for named battery,2000 PSU bootstrap replicates; approximate
WVS,1996,core,private_ownership__income_incentives,private_ownership,income_incentives,0.12386579927034475,0.07870813120312793,0.17214693336059092,0.11291209244517983,0.12386579927034473,0.11967152278196411,2435,2271,2811,Weighted Pearson; complete cases for named battery,2000 PSU bootstrap replicates; approximate
WVS,1996,core,competition__individual_responsibility,competition,individual_responsibility,0.06192794071214917,0.01930879190501618,0.10507886250379608,0.013173495195825474,0.061927940712149174,0.06896434907332218,2416,2271,2811,Weighted Pearson; complete cases for named battery,2000 PSU bootstrap replicates; approximate
WVS,1996,core,competition__income_incentives,competition,income_incentives,0.34395772562748694,0.30005943015375425,0.38660335486266634,0.37807969051480084,0.3439577256274869,0.3410630412892743,2346,2271,2811,Weighted Pearson; complete cases for named battery,2000 PSU bootstrap replicates; approximate
WVS,1996,core,individual_responsibility__income_incentives,individual_responsibility,income_incentives,0.18253567547541985,0.14327087318245066,0.2226580297425386,0.13969877877781423,0.18253567547541985,0.17146788937754093,2504,2271,2811,Weighted Pearson; complete cases for named battery,2000 PSU bootstrap replicates; approximate
WVS,1996,common_three,private_ownership__competition,private_ownership,competition,0.3074038757647511,0.2649984449940048,0.3479686151926987,0.27000915764846967,0.30740387576475114,0.31060344819511376,2380,2290,2811,Weighted Pearson; complete cases for named battery,2000 PSU bootstrap replicates; approximate
WVS,1996,common_three,private_ownership__income_incentives,private_ownership,income_incentives,0.12421896950330164,0.07537628329213854,0.17207002675081867,0.11369487739066848,0.1242189695033016,0.11967152278196411,2435,2290,2811,Weighted Pearson; complete cases for named battery,2000 PSU bootstrap replicates; approximate
WVS,1996,common_three,competition__income_incentives,competition,income_incentives,0.3465851016009726,0.3029725889121818,0.3914076894564308,0.38161526628465603,0.34658510160097267,0.3410630412892743,2346,2290,2811,Weighted Pearson; complete cases for named battery,2000 PSU bootstrap replicates; approximate
WVS,2006,core,private_ownership__competition,private_ownership,competition,0.18867707078322227,0.11112030506442881,0.26608204090002013,0.1549722227324646,0.20483890630922189,0.20014149635562195,916,904,1000,Weighted Pearson; complete cases for named battery,2000 PSU bootstrap replicates; approximate
WVS,2006,core,private_ownership__individual_responsibility,private_ownership,individual_responsibility,0.12723955943665322,0.04918871487201757,0.20013976279479403,0.16850134666232147,0.13969788086368817,0.1221427366283717,940,904,1000,Weighted Pearson; complete cases for named battery,2000 PSU bootstrap replicates; approximate
WVS,2006,core,private_ownership__income_incentives,private_ownership,income_incentives,-0.025224088431616477,-0.10346932572136137,0.05300873375238555,-0.09264874830489686,-0.003851669200441985,-0.025538866896171686,934,904,1000,Weighted Pearson; complete cases for named battery,2000 PSU bootstrap replicates; approximate
WVS,2006,core,competition__individual_responsibility,competition,individual_responsibility,-0.034000163052336135,-0.1153301370117556,0.044155854451020445,-0.04924498927586511,-0.046894129574379356,-0.03701434784720523,929,904,1000,Weighted Pearson; complete cases for named battery,2000 PSU bootstrap replicates; approximate
WVS,2006,core,competition__income_incentives,competition,income_incentives,0.2121368150165395,0.1299631594040308,0.2899807545675548,0.23398678729406178,0.16077267847503637,0.21177256653002297,928,904,1000,Weighted Pearson; complete cases for named battery,2000 PSU bootstrap replicates; approximate
WVS,2006,core,individual_responsibility__income_incentives,individual_responsibility,income_incentives,0.14291883827522317,0.06766391436047725,0.21804831725521973,0.11543365664862686,0.188400841223224,0.16109821953323256,954,904,1000,Weighted Pearson; complete cases for named battery,2000 PSU bootstrap replicates; approximate
WVS,2006,common_three,private_ownership__competition,private_ownership,competition,0.19675066082349518,0.12145219012280176,0.27108832469198124,0.16205931397098006,0.2100304416853118,0.20014149635562195,916,909,1000,Weighted Pearson; complete cases for named battery,2000 PSU bootstrap replicates; approximate
WVS,2006,common_three,private_ownership__income_incentives,private_ownership,income_incentives,-0.024121017760198073,-0.10592226674452568,0.057755495737731984,-0.09158367962814182,-0.003168351206541994,-0.025538866896171686,934,909,1000,Weighted Pearson; complete cases for named battery,2000 PSU bootstrap replicates; approximate
WVS,2006,common_three,competition__income_incentives,competition,income_incentives,0.21173144510117958,0.13117449765251304,0.29561479302653126,0.23344069174996274,0.1607857619545603,0.21177256653002297,928,909,1000,Weighted Pearson; complete cases for named battery,2000 PSU bootstrap replicates; approximate
WVS,2011,core,private_ownership__competition,private_ownership,competition,0.1384516051048861,0.07978716759643041,0.19641413479558775,0.1297468587565559,0.13139067721315176,0.1384516051048861,1500,1500,1500,Weighted Pearson; complete cases for named battery,2000 PSU bootstrap replicates; approximate
WVS,2011,core,private_ownership__individual_responsibility,private_ownership,individual_responsibility,0.1370048768215939,0.0802357569535976,0.19332381292076672,0.19111580062544473,0.1394298930911921,0.1370048768215939,1500,1500,1500,Weighted Pearson; complete cases for named battery,2000 PSU bootstrap replicates; approximate
WVS,2011,core,private_ownership__income_incentives,private_ownership,income_incentives,0.11637310717919057,0.06249303778342165,0.1712661463112198,0.2052325254235332,0.11870388523199672,0.11637310717919057,1500,1500,1500,Weighted Pearson; complete cases for named battery,2000 PSU bootstrap replicates; approximate
WVS,2011,core,competition__individual_responsibility,competition,individual_responsibility,-0.012584879580694848,-0.07069113401139392,0.04553424997016619,-0.04044597128615113,-0.02998820522163779,-0.012584879580694848,1500,1500,1500,Weighted Pearson; complete cases for named battery,2000 PSU bootstrap replicates; approximate
WVS,2011,core,competition__income_incentives,competition,income_incentives,-0.03623969664858347,-0.09778875328113412,0.024596410379958186,-0.032680485063995485,-0.022442333870400812,-0.03623969664858347,1500,1500,1500,Weighted Pearson; complete cases for named battery,2000 PSU bootstrap replicates; approximate
WVS,2011,core,individual_responsibility__income_incentives,individual_responsibility,income_incentives,0.32339314671053065,0.26517098363156827,0.38268777773468554,0.3854876788543806,0.3302533595914212,0.32339314671053065,1500,1500,1500,Weighted Pearson; complete cases for named battery,2000 PSU bootstrap replicates; approximate
WVS,2011,common_three,private_ownership__competition,private_ownership,competition,0.1384516051048861,0.08342764168251368,0.19520512354770958,0.1297468587565559,0.13139067721315176,0.1384516051048861,1500,1500,1500,Weighted Pearson; complete cases for named battery,2000 PSU bootstrap replicates; approximate
WVS,2011,common_three,private_ownership__income_incentives,private_ownership,income_incentives,0.11637310717919057,0.06084480274463714,0.1717649832746115,0.2052325254235332,0.11870388523199672,0.11637310717919057,1500,1500,1500,Weighted Pearson; complete cases for named battery,2000 PSU bootstrap replicates; approximate
WVS,2011,common_three,competition__income_incentives,competition,income_incentives,-0.03623969664858347,-0.09679009972060575,0.02674037583389029,-0.032680485063995485,-0.022442333870400812,-0.03623969664858347,1500,1500,1500,Weighted Pearson; complete cases for named battery,2000 PSU bootstrap replicates; approximate
WVS,2020,core,private_ownership__competition,private_ownership,competition,0.14144593827170673,0.07516393648087685,0.21216902023790224,0.1261669437200777,0.1499958786842223,0.13379119963275693,1093,1072,1289,Weighted Pearson; complete cases for named battery,2000 PSU bootstrap replicates; approximate
WVS,2020,core,private_ownership__individual_responsibility,private_ownership,individual_responsibility,-0.02150186432106952,-0.09548023401700469,0.052805154347527486,-0.021301169289041227,-0.025981861604331132,-0.006416882751196035,1122,1072,1289,Weighted Pearson; complete cases for named battery,2000 PSU bootstrap replicates; approximate
WVS,2020,core,private_ownership__income_incentives,private_ownership,income_incentives,-0.103220808264478,-0.17933603529455308,-0.029018205157003003,-0.1537580195786232,-0.08800403612801899,-0.09008854363733698,1111,1072,1289,Weighted Pearson; complete cases for named battery,2000 PSU bootstrap replicates; approximate
WVS,2020,core,competition__individual_responsibility,competition,individual_responsibility,-0.19368131996817578,-0.2700095296977363,-0.12324947976961839,-0.21396611742987798,-0.1929788314212088,-0.18360043276895135,1192,1072,1289,Weighted Pearson; complete cases for named battery,2000 PSU bootstrap replicates; approximate
WVS,2020,core,competition__income_incentives,competition,income_incentives,0.02016669895584303,-0.0480886664299306,0.08785544114985538,0.05051236537533898,0.020900006647746903,0.015392061172322833,1179,1072,1289,Weighted Pearson; complete cases for named battery,2000 PSU bootstrap replicates; approximate
WVS,2020,core,individual_responsibility__income_incentives,individual_responsibility,income_incentives,0.15140123115281612,0.07836249646530025,0.22274499805419912,0.1323358119234051,0.15405250793428363,0.18268597983260831,1213,1072,1289,Weighted Pearson; complete cases for named battery,2000 PSU bootstrap replicates; approximate
WVS,2020,common_three,private_ownership__competition,private_ownership,competition,0.1378868607854265,0.0688214687837231,0.2057956310445854,0.12256957077262307,0.14625777068907808,0.13379119963275693,1093,1076,1289,Weighted Pearson; complete cases for named battery,2000 PSU bootstrap replicates; approximate
WVS,2020,common_three,private_ownership__income_incentives,private_ownership,income_incentives,-0.10551050863625147,-0.1844685382625182,-0.027313555483166375,-0.15576351359483537,-0.09044729626415748,-0.09008854363733698,1111,1076,1289,Weighted Pearson; complete cases for named battery,2000 PSU bootstrap replicates; approximate
WVS,2020,common_three,competition__income_incentives,competition,income_incentives,0.022029541237166682,-0.045797552595833506,0.08860759608009369,0.052224880526271555,0.02283798508056635,0.015392061172322833,1179,1076,1289,Weighted Pearson; complete cases for named battery,2000 PSU bootstrap replicates; approximate
LiTS,2006,market_redistribution,market_choice__less_redistribution,market_choice,less_redistribution,0.038183766028867534,-0.05206907217710926,0.13521035626836433,0.07237835508150142,0.04250169062243352,0.038183766028867534,983,983,50,Weighted Pearson; complete cases for named battery,2000 PSU bootstrap replicates; approximate
LiTS,2010,market_redistribution,market_choice__less_redistribution,market_choice,less_redistribution,0.10887404659860773,0.02646413428177084,0.2019013036376473,0.12225277136814235,0.11987040045702121,0.10887404659860773,1325,1325,75,Weighted Pearson; complete cases for named battery,2000 PSU bootstrap replicates; approximate
LiTS,2010,core,private_ownership__competition,private_ownership,competition,0.08472662233276075,-0.0069437512736566205,0.1708558542572321,0.0681459609724057,0.08664226332626866,0.08472662233276075,1558,1558,75,Weighted Pearson; complete cases for named battery,2000 PSU bootstrap replicates; approximate
LiTS,2010,core,private_ownership__income_incentives,private_ownership,income_incentives,0.013761259012929213,-0.09633576663707914,0.12242400287840649,0.02429317102793366,0.013683938677268649,0.013761259012929213,1558,1558,75,Weighted Pearson; complete cases for named battery,2000 PSU bootstrap replicates; approximate
LiTS,2010,core,competition__income_incentives,competition,income_incentives,-0.006547546576832104,-0.09874697357004562,0.08556646984885247,-0.014435307226911583,-0.011310445223293377,-0.006547546576832104,1558,1558,75,Weighted Pearson; complete cases for named battery,2000 PSU bootstrap replicates; approximate
LiTS,2010,extended,private_ownership__competition,private_ownership,competition,0.08952271396073978,-0.0016846249527894353,0.184417125439315,0.06789382203721284,0.0938432296478178,0.08472662233276075,1558,1325,75,Weighted Pearson; complete cases for named battery,2000 PSU bootstrap replicates; approximate
LiTS,2010,extended,private_ownership__income_incentives,private_ownership,income_incentives,0.007089012144709381,-0.10494489259568723,0.12108623930358565,0.021736985929101216,0.015005695689716807,0.013761259012929213,1558,1325,75,Weighted Pearson; complete cases for named battery,2000 PSU bootstrap replicates; approximate
LiTS,2010,extended,private_ownership__market_choice,private_ownership,market_choice,0.14469659328119167,0.06538746794857316,0.22478059814604714,0.15031042085434945,0.15632402796963604,0.13473169782927588,1357,1325,75,Weighted Pearson; complete cases for named battery,2000 PSU bootstrap replicates; approximate
LiTS,2010,extended,private_ownership__less_redistribution,private_ownership,less_redistribution,0.06344432726276103,-0.028707384288132527,0.14808550203797688,0.06809083371934976,0.0743971935030043,0.06590792221893921,1499,1325,75,Weighted Pearson; complete cases for named battery,2000 PSU bootstrap replicates; approximate
LiTS,2010,extended,competition__income_incentives,competition,income_incentives,-0.01974740361392549,-0.11456277062880531,0.07644525098797439,-0.026120603281007994,-0.02369250180605948,-0.006547546576832104,1558,1325,75,Weighted Pearson; complete cases for named battery,2000 PSU bootstrap replicates; approximate
LiTS,2010,extended,competition__market_choice,competition,market_choice,0.08220577561193618,0.006000273252737571,0.15898063151032052,0.07089150540454003,0.08370553853230525,0.07565291467251045,1357,1325,75,Weighted Pearson; complete cases for named battery,2000 PSU bootstrap replicates; approximate
LiTS,2010,extended,competition__less_redistribution,competition,less_redistribution,-0.041738261078006135,-0.11013775166659355,0.029546558646942986,-0.033143603300064904,-0.029784731641588742,-0.045264932266704944,1499,1325,75,Weighted Pearson; complete cases for named battery,2000 PSU bootstrap replicates; approximate
LiTS,2010,extended,income_incentives__market_choice,income_incentives,market_choice,0.06128631212101517,-0.025787577643612326,0.1461645196422817,0.07980019379876248,0.054716221266745135,0.06774281062567236,1357,1325,75,Weighted Pearson; complete cases for named battery,2000 PSU bootstrap replicates; approximate
LiTS,2010,extended,income_incentives__less_redistribution,income_incentives,less_redistribution,0.11296229965084449,0.03408095217109072,0.2038476711443236,0.1768928135193013,0.10642582250527409,0.11068886604836967,1499,1325,75,Weighted Pearson; complete cases for named battery,2000 PSU bootstrap replicates; approximate
LiTS,2010,extended,market_choice__less_redistribution,market_choice,less_redistribution,0.10887404659860773,0.02100127422899459,0.19937977677691912,0.12225277136814235,0.11987040045702121,0.10887404659860773,1325,1325,75,Weighted Pearson; complete cases for named battery,2000 PSU bootstrap replicates; approximate
LiTS,2016,market_redistribution,market_choice__less_redistribution,market_choice,less_redistribution,0.05792407463621457,-0.07505357020154721,0.19426174887856298,0.05818734359520741,0.0024710500680521262,0.05792407463621457,1362,1362,75,Weighted Pearson; complete cases for named battery,2000 PSU bootstrap replicates; approximate
LiTS,2016,core,private_ownership__competition,private_ownership,competition,0.4379447269000274,0.23088112239094596,0.6112799922835648,0.42222355626194874,0.3319916814065858,0.4378996183900916,1447,1443,75,Weighted Pearson; complete cases for named battery,2000 PSU bootstrap replicates; approximate
LiTS,2016,core,private_ownership__income_incentives,private_ownership,income_incentives,-0.07834141103457916,-0.2678342940813862,0.08582065380138222,-0.07767379849992682,-0.17450563557940135,-0.07592846902653187,1456,1443,75,Weighted Pearson; complete cases for named battery,2000 PSU bootstrap replicates; approximate
LiTS,2016,core,competition__income_incentives,competition,income_incentives,0.051293270031909116,-0.15628048235680547,0.2185936875334686,-0.038072758382621745,-0.016714202457825546,0.05429309115973972,1461,1443,75,Weighted Pearson; complete cases for named battery,2000 PSU bootstrap replicates; approximate
LiTS,2016,extended,private_ownership__competition,private_ownership,competition,0.4853700989015249,0.29174890964915295,0.6293286820890623,0.46684206298858705,0.35098777038487244,0.4378996183900916,1447,1320,75,Weighted Pearson; complete cases for named battery,2000 PSU bootstrap replicates; approximate
LiTS,2016,extended,private_ownership__income_incentives,private_ownership,income_incentives,-0.09322661842143669,-0.3058866396600638,0.0890315286443989,-0.0953142101057332,-0.185981393294697,-0.07592846902653187,1456,1320,75,Weighted Pearson; complete cases for named battery,2000 PSU bootstrap replicates; approximate
LiTS,2016,extended,private_ownership__market_choice,private_ownership,market_choice,0.1326243240926717,0.03778117010390403,0.19961730064219535,0.1400270662345524,0.0546290939357521,0.13558978248521306,1364,1320,75,Weighted Pearson; complete cases for named battery,2000 PSU bootstrap replicates; approximate
LiTS,2016,extended,private_ownership__less_redistribution,private_ownership,less_redistribution,0.05933478702592751,-0.11260254453570889,0.22012470542623663,0.07023837671216045,0.0022876299342627004,0.06230140689602507,1425,1320,75,Weighted Pearson; complete cases for named battery,2000 PSU bootstrap replicates; approximate
LiTS,2016,extended,competition__income_incentives,competition,income_incentives,0.0646751395504824,-0.1663779749951822,0.23714788459529415,-0.021557834118513093,-0.011631326555821596,0.05429309115973972,1461,1320,75,Weighted Pearson; complete cases for named battery,2000 PSU bootstrap replicates; approximate
LiTS,2016,extended,competition__market_choice,competition,market_choice,0.14609897105029745,0.041294353836605284,0.23137384827988539,0.1603428398588026,0.15532228544624335,0.1404887629795705,1368,1320,75,Weighted Pearson; complete cases for named battery,2000 PSU bootstrap replicates; approximate
LiTS,2016,extended,competition__less_redistribution,competition,less_redistribution,-0.05659775123760549,-0.2289906141860335,0.13326060832129905,-0.05493191159915718,-0.1313064898829912,-0.03557030348498093,1431,1320,75,Weighted Pearson; complete cases for named battery,2000 PSU bootstrap replicates; approximate
LiTS,2016,extended,income_incentives__market_choice,income_incentives,market_choice,0.08375916066103632,-0.0255446562280888,0.18969583093442258,0.07819574155710422,0.14504591550922954,0.08160952873698615,1386,1320,75,Weighted Pearson; complete cases for named battery,2000 PSU bootstrap replicates; approximate
LiTS,2016,extended,income_incentives__less_redistribution,income_incentives,less_redistribution,0.08839451256469452,-0.03375363026757229,0.2162003824858226,0.15897397676149708,0.1344462575238447,0.10380331583219539,1461,1320,75,Weighted Pearson; complete cases for named battery,2000 PSU bootstrap replicates; approximate
LiTS,2016,extended,market_choice__less_redistribution,market_choice,less_redistribution,0.06348753456040182,-0.07025003657624893,0.2032087016336333,0.0634958934216462,0.009187253277759795,0.05792407463621457,1362,1320,75,Weighted Pearson; complete cases for named battery,2000 PSU bootstrap replicates; approximate
