survey,round,year,fieldwork_period,item,question,question_type,source_file,source_sha256,source_field,source_table,study_status,age_group,response,estimate,se,ci_low,ci_high,n_valid,n_domain,n_psu,design_df,kish_n,weight_sum,weighted,variance_method,denominator,excluded_non_numeric_pct
ESS,2,2005,2005,gincdif,Should the government take measures to reduce differences in income levels?,ordinal,ESS2e03_6-ESS3e03_7-ESS4e04_6-ESS5e03_6-ESS6e02_7-ESS11e04_2-subset.sav,3aef7081ad1e48f989b7c93ef68f05e922159010a21d894d10d83899b764a852,gincdif,original microdata,ESS integrated round,All,Agree,64.04553483497514,1.4060591302265568,61.288065486262205,66.80300418368809,1984,1984,2031,2030,1169.8798685138213,1956.9689107760787,True,Approximate weighted respondent linearization; PSU/stratum unavailable in supplied file,all eligible adults,
ESS,2,2005,2005,gincdif,Should the government take measures to reduce differences in income levels?,ordinal,ESS2e03_6-ESS3e03_7-ESS4e04_6-ESS5e03_6-ESS6e02_7-ESS11e04_2-subset.sav,3aef7081ad1e48f989b7c93ef68f05e922159010a21d894d10d83899b764a852,gincdif,original microdata,ESS integrated round,All,Disagree,15.62437187648856,1.101188419867334,13.464794622826018,17.7839491301511,1984,1984,2031,2030,1169.8798685138213,1956.9689107760787,True,Approximate weighted respondent linearization; PSU/stratum unavailable in supplied file,all eligible adults,
ESS,2,2005,2005,gincdif,Should the government take measures to reduce differences in income levels?,ordinal,ESS2e03_6-ESS3e03_7-ESS4e04_6-ESS5e03_6-ESS6e02_7-ESS11e04_2-subset.sav,3aef7081ad1e48f989b7c93ef68f05e922159010a21d894d10d83899b764a852,gincdif,original microdata,ESS integrated round,All,Neither agree nor disagree,16.514221676701535,1.084246435101925,14.387869913128766,18.640573440274302,1984,1984,2031,2030,1169.8798685138213,1956.9689107760787,True,Approximate weighted respondent linearization; PSU/stratum unavailable in supplied file,all eligible adults,
ESS,2,2005,2005,gincdif,Should the government take measures to reduce differences in income levels?,ordinal,ESS2e03_6-ESS3e03_7-ESS4e04_6-ESS5e03_6-ESS6e02_7-ESS11e04_2-subset.sav,3aef7081ad1e48f989b7c93ef68f05e922159010a21d894d10d83899b764a852,gincdif,original microdata,ESS integrated round,All,Don't know,3.8158716118347584,0.47911184674410734,2.876269426122089,4.755473797547428,1984,1984,2031,2030,1169.8798685138213,1956.9689107760787,True,Approximate weighted respondent linearization; PSU/stratum unavailable in supplied file,all eligible adults,
ESS,2,2005,2005,gincdif,Should the government take measures to reduce differences in income levels?,ordinal,ESS2e03_6-ESS3e03_7-ESS4e04_6-ESS5e03_6-ESS6e02_7-ESS11e04_2-subset.sav,3aef7081ad1e48f989b7c93ef68f05e922159010a21d894d10d83899b764a852,gincdif,original microdata,ESS integrated round,All,Refused / no answer,0.0,0.0,0.0,0.0,1984,1984,2031,2030,1169.8798685138213,1956.9689107760787,True,Approximate weighted respondent linearization; PSU/stratum unavailable in supplied file,all eligible adults,
ESS,2,2005,2005,imbgeco,Is immigration bad or good for Ukraine's economy?,numeric,ESS2e03_6-ESS3e03_7-ESS4e04_6-ESS5e03_6-ESS6e02_7-ESS11e04_2-subset.sav,3aef7081ad1e48f989b7c93ef68f05e922159010a21d894d10d83899b764a852,imbgeco,original microdata,ESS integrated round,All,Mean,4.817899378951864,0.08326947109784782,4.654596848283146,4.981201909620583,1655,1984,2031,2030,976.0403833978406,1647.2829371243715,True,Approximate weighted respondent linearization; PSU/stratum unavailable in supplied file,valid 0–10 ratings,15.824777386417162
ESS,3,2007,2006–07,gincdif,Should the government take measures to reduce differences in income levels?,ordinal,ESS2e03_6-ESS3e03_7-ESS4e04_6-ESS5e03_6-ESS6e02_7-ESS11e04_2-subset.sav,3aef7081ad1e48f989b7c93ef68f05e922159010a21d894d10d83899b764a852,gincdif,original microdata,ESS integrated round,All,Agree,80.01222641134751,1.2311136433258996,77.59782760335426,82.42662521934076,1949,1949,2002,2001,1021.7500065429812,1918.1659134756774,True,Approximate weighted respondent linearization; PSU/stratum unavailable in supplied file,all eligible adults,
ESS,3,2007,2006–07,gincdif,Should the government take measures to reduce differences in income levels?,ordinal,ESS2e03_6-ESS3e03_7-ESS4e04_6-ESS5e03_6-ESS6e02_7-ESS11e04_2-subset.sav,3aef7081ad1e48f989b7c93ef68f05e922159010a21d894d10d83899b764a852,gincdif,original microdata,ESS integrated round,All,Disagree,6.13816763491484,0.7761211855694056,4.616077391292196,7.660257878537484,1949,1949,2002,2001,1021.7500065429812,1918.1659134756774,True,Approximate weighted respondent linearization; PSU/stratum unavailable in supplied file,all eligible adults,
ESS,3,2007,2006–07,gincdif,Should the government take measures to reduce differences in income levels?,ordinal,ESS2e03_6-ESS3e03_7-ESS4e04_6-ESS5e03_6-ESS6e02_7-ESS11e04_2-subset.sav,3aef7081ad1e48f989b7c93ef68f05e922159010a21d894d10d83899b764a852,gincdif,original microdata,ESS integrated round,All,Neither agree nor disagree,11.045808969810771,0.9409112724223008,9.200540609022699,12.891077330598844,1949,1949,2002,2001,1021.7500065429812,1918.1659134756774,True,Approximate weighted respondent linearization; PSU/stratum unavailable in supplied file,all eligible adults,
ESS,3,2007,2006–07,gincdif,Should the government take measures to reduce differences in income levels?,ordinal,ESS2e03_6-ESS3e03_7-ESS4e04_6-ESS5e03_6-ESS6e02_7-ESS11e04_2-subset.sav,3aef7081ad1e48f989b7c93ef68f05e922159010a21d894d10d83899b764a852,gincdif,original microdata,ESS integrated round,All,Don't know,2.803796983926876,0.4895038270912415,1.8438064395573126,3.7637875282964397,1949,1949,2002,2001,1021.7500065429812,1918.1659134756774,True,Approximate weighted respondent linearization; PSU/stratum unavailable in supplied file,all eligible adults,
ESS,3,2007,2006–07,gincdif,Should the government take measures to reduce differences in income levels?,ordinal,ESS2e03_6-ESS3e03_7-ESS4e04_6-ESS5e03_6-ESS6e02_7-ESS11e04_2-subset.sav,3aef7081ad1e48f989b7c93ef68f05e922159010a21d894d10d83899b764a852,gincdif,original microdata,ESS integrated round,All,Refused / no answer,0.0,0.0,0.0,0.0,1949,1949,2002,2001,1021.7500065429812,1918.1659134756774,True,Approximate weighted respondent linearization; PSU/stratum unavailable in supplied file,all eligible adults,
ESS,3,2007,2006–07,imbgeco,Is immigration bad or good for Ukraine's economy?,numeric,ESS2e03_6-ESS3e03_7-ESS4e04_6-ESS5e03_6-ESS6e02_7-ESS11e04_2-subset.sav,3aef7081ad1e48f989b7c93ef68f05e922159010a21d894d10d83899b764a852,imbgeco,original microdata,ESS integrated round,All,Mean,4.422519352376545,0.09498598446437695,4.23623756684836,4.60880113790473,1636,1949,2002,2001,865.526320268884,1620.0544662009925,True,Approximate weighted respondent linearization; PSU/stratum unavailable in supplied file,valid 0–10 ratings,15.54148393422929
ESS,4,2009,2009,gincdif,Should the government take measures to reduce differences in income levels?,ordinal,ESS2e03_6-ESS3e03_7-ESS4e04_6-ESS5e03_6-ESS6e02_7-ESS11e04_2-subset.sav,3aef7081ad1e48f989b7c93ef68f05e922159010a21d894d10d83899b764a852,gincdif,original microdata,ESS integrated round,All,Agree,67.61260130906855,1.5237928463824675,64.6240606140264,70.6011420041107,1798,1798,1845,1844,975.6709010464692,1797.102615531534,True,Approximate weighted respondent linearization; PSU/stratum unavailable in supplied file,all eligible adults,
ESS,4,2009,2009,gincdif,Should the government take measures to reduce differences in income levels?,ordinal,ESS2e03_6-ESS3e03_7-ESS4e04_6-ESS5e03_6-ESS6e02_7-ESS11e04_2-subset.sav,3aef7081ad1e48f989b7c93ef68f05e922159010a21d894d10d83899b764a852,gincdif,original microdata,ESS integrated round,All,Disagree,11.134601760434698,1.0497015366263718,9.075873261148397,13.193330259721,1798,1798,1845,1844,975.6709010464692,1797.102615531534,True,Approximate weighted respondent linearization; PSU/stratum unavailable in supplied file,all eligible adults,
ESS,4,2009,2009,gincdif,Should the government take measures to reduce differences in income levels?,ordinal,ESS2e03_6-ESS3e03_7-ESS4e04_6-ESS5e03_6-ESS6e02_7-ESS11e04_2-subset.sav,3aef7081ad1e48f989b7c93ef68f05e922159010a21d894d10d83899b764a852,gincdif,original microdata,ESS integrated round,All,Neither agree nor disagree,16.57403546130961,1.2369557319287878,14.148054428775637,19.00001649384358,1798,1798,1845,1844,975.6709010464692,1797.102615531534,True,Approximate weighted respondent linearization; PSU/stratum unavailable in supplied file,all eligible adults,
ESS,4,2009,2009,gincdif,Should the government take measures to reduce differences in income levels?,ordinal,ESS2e03_6-ESS3e03_7-ESS4e04_6-ESS5e03_6-ESS6e02_7-ESS11e04_2-subset.sav,3aef7081ad1e48f989b7c93ef68f05e922159010a21d894d10d83899b764a852,gincdif,original microdata,ESS integrated round,All,Don't know,4.57567571277716,0.6247646972012955,3.350355140598082,5.800996284956239,1798,1798,1845,1844,975.6709010464692,1797.102615531534,True,Approximate weighted respondent linearization; PSU/stratum unavailable in supplied file,all eligible adults,
ESS,4,2009,2009,gincdif,Should the government take measures to reduce differences in income levels?,ordinal,ESS2e03_6-ESS3e03_7-ESS4e04_6-ESS5e03_6-ESS6e02_7-ESS11e04_2-subset.sav,3aef7081ad1e48f989b7c93ef68f05e922159010a21d894d10d83899b764a852,gincdif,original microdata,ESS integrated round,All,Refused / no answer,0.10308575640997591,0.10306023734841181,0.0,0.3052127804917805,1798,1798,1845,1844,975.6709010464692,1797.102615531534,True,Approximate weighted respondent linearization; PSU/stratum unavailable in supplied file,all eligible adults,
ESS,4,2009,2009,imbgeco,Is immigration bad or good for Ukraine's economy?,numeric,ESS2e03_6-ESS3e03_7-ESS4e04_6-ESS5e03_6-ESS6e02_7-ESS11e04_2-subset.sav,3aef7081ad1e48f989b7c93ef68f05e922159010a21d894d10d83899b764a852,imbgeco,original microdata,ESS integrated round,All,Mean,4.453152343501557,0.09090340761601681,4.27486791748957,4.631436769513544,1511,1798,1845,1844,826.9150365898906,1524.1556602455676,True,Approximate weighted respondent linearization; PSU/stratum unavailable in supplied file,valid 0–10 ratings,15.188167493999007
ESS,5,2011,2011,gincdif,Should the government take measures to reduce differences in income levels?,ordinal,ESS2e03_6-ESS3e03_7-ESS4e04_6-ESS5e03_6-ESS6e02_7-ESS11e04_2-subset.sav,3aef7081ad1e48f989b7c93ef68f05e922159010a21d894d10d83899b764a852,gincdif,original microdata,ESS integrated round,All,Agree,85.8972544791739,1.0957233237627004,83.74832858193443,88.04618037641336,1886,1886,1931,1930,1024.95822704157,1862.148847103119,True,Approximate weighted respondent linearization; PSU/stratum unavailable in supplied file,all eligible adults,
ESS,5,2011,2011,gincdif,Should the government take measures to reduce differences in income levels?,ordinal,ESS2e03_6-ESS3e03_7-ESS4e04_6-ESS5e03_6-ESS6e02_7-ESS11e04_2-subset.sav,3aef7081ad1e48f989b7c93ef68f05e922159010a21d894d10d83899b764a852,gincdif,original microdata,ESS integrated round,All,Disagree,3.752816947536167,0.6356647470028253,2.506155124088139,4.9994787709841955,1886,1886,1931,1930,1024.95822704157,1862.148847103119,True,Approximate weighted respondent linearization; PSU/stratum unavailable in supplied file,all eligible adults,
ESS,5,2011,2011,gincdif,Should the government take measures to reduce differences in income levels?,ordinal,ESS2e03_6-ESS3e03_7-ESS4e04_6-ESS5e03_6-ESS6e02_7-ESS11e04_2-subset.sav,3aef7081ad1e48f989b7c93ef68f05e922159010a21d894d10d83899b764a852,gincdif,original microdata,ESS integrated round,All,Neither agree nor disagree,7.554130742065751,0.8448951505810305,5.89712752769517,9.211133956436331,1886,1886,1931,1930,1024.95822704157,1862.148847103119,True,Approximate weighted respondent linearization; PSU/stratum unavailable in supplied file,all eligible adults,
ESS,5,2011,2011,gincdif,Should the government take measures to reduce differences in income levels?,ordinal,ESS2e03_6-ESS3e03_7-ESS4e04_6-ESS5e03_6-ESS6e02_7-ESS11e04_2-subset.sav,3aef7081ad1e48f989b7c93ef68f05e922159010a21d894d10d83899b764a852,gincdif,original microdata,ESS integrated round,All,Don't know,2.7582463072140087,0.44722467808061267,1.8811519972090274,3.63534061721899,1886,1886,1931,1930,1024.95822704157,1862.148847103119,True,Approximate weighted respondent linearization; PSU/stratum unavailable in supplied file,all eligible adults,
ESS,5,2011,2011,gincdif,Should the government take measures to reduce differences in income levels?,ordinal,ESS2e03_6-ESS3e03_7-ESS4e04_6-ESS5e03_6-ESS6e02_7-ESS11e04_2-subset.sav,3aef7081ad1e48f989b7c93ef68f05e922159010a21d894d10d83899b764a852,gincdif,original microdata,ESS integrated round,All,Refused / no answer,0.03755152401018158,0.027793125965481724,0.0,0.09205923307980879,1886,1886,1931,1930,1024.95822704157,1862.148847103119,True,Approximate weighted respondent linearization; PSU/stratum unavailable in supplied file,all eligible adults,
ESS,5,2011,2011,imbgeco,Is immigration bad or good for Ukraine's economy?,numeric,ESS2e03_6-ESS3e03_7-ESS4e04_6-ESS5e03_6-ESS6e02_7-ESS11e04_2-subset.sav,3aef7081ad1e48f989b7c93ef68f05e922159010a21d894d10d83899b764a852,imbgeco,original microdata,ESS integrated round,All,Mean,4.447352357031803,0.08930645408093191,4.272205084172707,4.622499629890899,1604,1886,1931,1930,871.8631415494615,1620.2294086627662,True,Approximate weighted respondent linearization; PSU/stratum unavailable in supplied file,valid 0–10 ratings,12.99141251875211
ESS,6,2013,2013,gincdif,Should the government take measures to reduce differences in income levels?,ordinal,ESS2e03_6-ESS3e03_7-ESS4e04_6-ESS5e03_6-ESS6e02_7-ESS11e04_2-subset.sav,3aef7081ad1e48f989b7c93ef68f05e922159010a21d894d10d83899b764a852,gincdif,original microdata,ESS integrated round,All,Agree,81.81033358309895,0.9772899238670578,79.89381499731545,83.72685216888246,2119,2119,2178,2177,1639.4662757160793,2098.8269617557526,True,Approximate weighted respondent linearization; PSU/stratum unavailable in supplied file,all eligible adults,
ESS,6,2013,2013,gincdif,Should the government take measures to reduce differences in income levels?,ordinal,ESS2e03_6-ESS3e03_7-ESS4e04_6-ESS5e03_6-ESS6e02_7-ESS11e04_2-subset.sav,3aef7081ad1e48f989b7c93ef68f05e922159010a21d894d10d83899b764a852,gincdif,original microdata,ESS integrated round,All,Disagree,5.858476848138231,0.6062903557857736,4.669508552377108,7.047445143899354,2119,2119,2178,2177,1639.4662757160793,2098.8269617557526,True,Approximate weighted respondent linearization; PSU/stratum unavailable in supplied file,all eligible adults,
ESS,6,2013,2013,gincdif,Should the government take measures to reduce differences in income levels?,ordinal,ESS2e03_6-ESS3e03_7-ESS4e04_6-ESS5e03_6-ESS6e02_7-ESS11e04_2-subset.sav,3aef7081ad1e48f989b7c93ef68f05e922159010a21d894d10d83899b764a852,gincdif,original microdata,ESS integrated round,All,Neither agree nor disagree,9.524472339532922,0.7484210012359304,8.056778133515012,10.992166545550832,2119,2119,2178,2177,1639.4662757160793,2098.8269617557526,True,Approximate weighted respondent linearization; PSU/stratum unavailable in supplied file,all eligible adults,
ESS,6,2013,2013,gincdif,Should the government take measures to reduce differences in income levels?,ordinal,ESS2e03_6-ESS3e03_7-ESS4e04_6-ESS5e03_6-ESS6e02_7-ESS11e04_2-subset.sav,3aef7081ad1e48f989b7c93ef68f05e922159010a21d894d10d83899b764a852,gincdif,original microdata,ESS integrated round,All,Don't know,2.550499509808872,0.3722015102527659,1.8205921459495125,3.2804068736682312,2119,2119,2178,2177,1639.4662757160793,2098.8269617557526,True,Approximate weighted respondent linearization; PSU/stratum unavailable in supplied file,all eligible adults,
ESS,6,2013,2013,gincdif,Should the government take measures to reduce differences in income levels?,ordinal,ESS2e03_6-ESS3e03_7-ESS4e04_6-ESS5e03_6-ESS6e02_7-ESS11e04_2-subset.sav,3aef7081ad1e48f989b7c93ef68f05e922159010a21d894d10d83899b764a852,gincdif,original microdata,ESS integrated round,All,Refused / no answer,0.2562177194210179,0.16056194709466967,0.0,0.5710884126119394,2119,2119,2178,2177,1639.4662757160793,2098.8269617557526,True,Approximate weighted respondent linearization; PSU/stratum unavailable in supplied file,all eligible adults,
ESS,6,2013,2013,imbgeco,Is immigration bad or good for Ukraine's economy?,numeric,ESS2e03_6-ESS3e03_7-ESS4e04_6-ESS5e03_6-ESS6e02_7-ESS11e04_2-subset.sav,3aef7081ad1e48f989b7c93ef68f05e922159010a21d894d10d83899b764a852,imbgeco,original microdata,ESS integrated round,All,Mean,4.740573322563505,0.07063437980690852,4.6020554698882465,4.879091175238764,1778,2119,2178,2177,1377.2531181014851,1786.7009125053883,True,Approximate weighted respondent linearization; PSU/stratum unavailable in supplied file,valid 0–10 ratings,14.87145224155394
ESS,6,2013,2013,gvctzpv,How important is government protection against poverty for democracy?,numeric,ESS2e03_6-ESS3e03_7-ESS4e04_6-ESS5e03_6-ESS6e02_7-ESS11e04_2-subset.sav,3aef7081ad1e48f989b7c93ef68f05e922159010a21d894d10d83899b764a852,gvctzpv,original microdata,ESS integrated round,All,Mean,9.146195763193882,0.040853944587754806,9.066078960397855,9.22631256598991,2072,2119,2178,2177,1602.2457579857028,2055.9444062411785,True,Approximate weighted respondent linearization; PSU/stratum unavailable in supplied file,valid 0–10 ratings,2.043167745410564
ESS,6,2013,2013,grdfinc,How important is government reduction of income differences for democracy?,numeric,ESS2e03_6-ESS3e03_7-ESS4e04_6-ESS5e03_6-ESS6e02_7-ESS11e04_2-subset.sav,3aef7081ad1e48f989b7c93ef68f05e922159010a21d894d10d83899b764a852,grdfinc,original microdata,ESS integrated round,All,Mean,9.022169734351996,0.04541889575522417,8.933100814541367,9.111238654162625,2059,2119,2178,2177,1591.5043423494715,2044.6777593493462,True,Approximate weighted respondent linearization; PSU/stratum unavailable in supplied file,valid 0–10 ratings,2.5799745950046513
ESS,6,2013,2013,gvctzpvc,To what extent does the government in Ukraine protect citizens against poverty?,numeric,ESS2e03_6-ESS3e03_7-ESS4e04_6-ESS5e03_6-ESS6e02_7-ESS11e04_2-subset.sav,3aef7081ad1e48f989b7c93ef68f05e922159010a21d894d10d83899b764a852,gvctzpvc,original microdata,ESS integrated round,All,Mean,1.8116579896632787,0.05827271878443771,1.6973820252160048,1.9259339541105527,2065,2119,2178,2177,1598.0183068662895,2047.9877471029758,True,Approximate weighted respondent linearization; PSU/stratum unavailable in supplied file,valid 0–10 ratings,2.4222680372967806
ESS,6,2013,2013,grdfincc,To what extent does the government in Ukraine reduce income differences?,numeric,ESS2e03_6-ESS3e03_7-ESS4e04_6-ESS5e03_6-ESS6e02_7-ESS11e04_2-subset.sav,3aef7081ad1e48f989b7c93ef68f05e922159010a21d894d10d83899b764a852,grdfincc,original microdata,ESS integrated round,All,Mean,1.9160565290946565,0.061354277255577995,1.7957374612254728,2.03637559696384,2035,2119,2178,2177,1571.2151581203418,2016.387178093195,True,Approximate weighted respondent linearization; PSU/stratum unavailable in supplied file,valid 0–10 ratings,3.9278980670990347
ESS,10,2022,2022,gincdif,Should the government take measures to reduce differences in income levels?,ordinal,ESS10UAe4.sav,4dd67ab20a1ddf8df15f5000e7302e0fd68bc35a46357afea0e2b47d455c3aa8,gincdif,original microdata,Related study using ESS10 questionnaire,All,Agree,67.90893622919006,1.6455139556894336,64.66809913710763,71.14977332127249,1507,1507,299,250,1062.9613297156018,1497.1426081075301,True,Stratified PSU Taylor linearization; fixed supplied weights; no FPC,all eligible adults,
ESS,10,2022,2022,gincdif,Should the government take measures to reduce differences in income levels?,ordinal,ESS10UAe4.sav,4dd67ab20a1ddf8df15f5000e7302e0fd68bc35a46357afea0e2b47d455c3aa8,gincdif,original microdata,Related study using ESS10 questionnaire,All,Disagree,10.789417846893048,1.3714178002620903,8.08841269256769,13.490423001218407,1507,1507,299,250,1062.9613297156018,1497.1426081075301,True,Stratified PSU Taylor linearization; fixed supplied weights; no FPC,all eligible adults,
ESS,10,2022,2022,gincdif,Should the government take measures to reduce differences in income levels?,ordinal,ESS10UAe4.sav,4dd67ab20a1ddf8df15f5000e7302e0fd68bc35a46357afea0e2b47d455c3aa8,gincdif,original microdata,Related study using ESS10 questionnaire,All,Neither agree nor disagree,18.731336895072527,1.3864924462392019,16.000642249713856,21.462031540431198,1507,1507,299,250,1062.9613297156018,1497.1426081075301,True,Stratified PSU Taylor linearization; fixed supplied weights; no FPC,all eligible adults,
ESS,10,2022,2022,gincdif,Should the government take measures to reduce differences in income levels?,ordinal,ESS10UAe4.sav,4dd67ab20a1ddf8df15f5000e7302e0fd68bc35a46357afea0e2b47d455c3aa8,gincdif,original microdata,Related study using ESS10 questionnaire,All,Don't know,2.362526916119813,0.5289077416665282,1.3208439686395752,3.4042098636000504,1507,1507,299,250,1062.9613297156018,1497.1426081075301,True,Stratified PSU Taylor linearization; fixed supplied weights; no FPC,all eligible adults,
ESS,10,2022,2022,gincdif,Should the government take measures to reduce differences in income levels?,ordinal,ESS10UAe4.sav,4dd67ab20a1ddf8df15f5000e7302e0fd68bc35a46357afea0e2b47d455c3aa8,gincdif,original microdata,Related study using ESS10 questionnaire,All,Refused / no answer,0.20778211272454125,0.10784575134834805,0.0,0.4201841467424099,1507,1507,299,250,1062.9613297156018,1497.1426081075301,True,Stratified PSU Taylor linearization; fixed supplied weights; no FPC,all eligible adults,
ESS,10,2022,2022,imbgeco,Is immigration bad or good for Ukraine's economy?,numeric,ESS10UAe4.sav,4dd67ab20a1ddf8df15f5000e7302e0fd68bc35a46357afea0e2b47d455c3aa8,imbgeco,original microdata,Related study using ESS10 questionnaire,All,Mean,5.774920916776529,0.09535727860323265,5.587114909766449,5.962726923786609,1312,1507,299,250,921.969982476788,1323.7999096099297,True,Stratified PSU Taylor linearization; fixed supplied weights; no FPC,valid 0–10 ratings,11.578235604203051
ESS,10,2022,2022,gvctzpv,How important is government protection against poverty for democracy?,numeric,ESS10UAe4.sav,4dd67ab20a1ddf8df15f5000e7302e0fd68bc35a46357afea0e2b47d455c3aa8,gvctzpv,original microdata,Related study using ESS10 questionnaire,All,Mean,9.39487894476538,0.04523081911724285,9.305796919180848,9.483960970349914,1498,1507,299,250,1057.0593175619374,1491.5647685116874,True,Stratified PSU Taylor linearization; fixed supplied weights; no FPC,valid 0–10 ratings,0.37256568383245686
ESS,10,2022,2022,grdfinc,How important is government reduction of income differences for democracy?,numeric,ESS10UAe4.sav,4dd67ab20a1ddf8df15f5000e7302e0fd68bc35a46357afea0e2b47d455c3aa8,grdfinc,original microdata,Related study using ESS10 questionnaire,All,Mean,8.960855057924395,0.06361987975525586,8.835555806956771,9.086154308892018,1486,1507,299,250,1047.2858206430237,1481.595646743077,True,Stratified PSU Taylor linearization; fixed supplied weights; no FPC,valid 0–10 ratings,1.0384422486048526
ESS,10,2022,2022,gvctzpvc,To what extent does the government in Ukraine protect citizens against poverty?,numeric,ESS10UAe4.sav,4dd67ab20a1ddf8df15f5000e7302e0fd68bc35a46357afea0e2b47d455c3aa8,gvctzpvc,original microdata,Related study using ESS10 questionnaire,All,Mean,1.776132060872339,0.07666808209494876,1.6251343963596563,1.9271297253850217,1482,1507,299,250,1044.3564153143088,1471.560257259442,True,Stratified PSU Taylor linearization; fixed supplied weights; no FPC,valid 0–10 ratings,1.708745092788837
ESS,10,2022,2022,grdfincc,To what extent does the government in Ukraine reduce income differences?,numeric,ESS10UAe4.sav,4dd67ab20a1ddf8df15f5000e7302e0fd68bc35a46357afea0e2b47d455c3aa8,grdfincc,original microdata,Related study using ESS10 questionnaire,All,Mean,1.8878975061162675,0.0746147016626356,1.740943971066108,2.034851041166427,1464,1507,299,250,1034.324385303753,1454.1959243031993,True,Stratified PSU Taylor linearization; fixed supplied weights; no FPC,valid 0–10 ratings,2.8685766854647134
ESS,11,2024,2024,gincdif,Should the government take measures to reduce differences in income levels?,ordinal,ESS2e03_6-ESS3e03_7-ESS4e04_6-ESS5e03_6-ESS6e02_7-ESS11e04_2-subset.sav,3aef7081ad1e48f989b7c93ef68f05e922159010a21d894d10d83899b764a852,gincdif,original microdata,ESS integrated round,All,Agree,63.54036240346202,1.3941277503220186,60.79058972028118,66.29013508664285,2581,2581,233,192,1970.8959511961216,2550.7575619518757,True,Stratified PSU Taylor linearization; fixed supplied weights; no FPC,all eligible adults,
ESS,11,2024,2024,gincdif,Should the government take measures to reduce differences in income levels?,ordinal,ESS2e03_6-ESS3e03_7-ESS4e04_6-ESS5e03_6-ESS6e02_7-ESS11e04_2-subset.sav,3aef7081ad1e48f989b7c93ef68f05e922159010a21d894d10d83899b764a852,gincdif,original microdata,ESS integrated round,All,Disagree,11.492019917435453,0.8418174165735021,9.83162219865753,13.152417636213375,2581,2581,233,192,1970.8959511961216,2550.7575619518757,True,Stratified PSU Taylor linearization; fixed supplied weights; no FPC,all eligible adults,
ESS,11,2024,2024,gincdif,Should the government take measures to reduce differences in income levels?,ordinal,ESS2e03_6-ESS3e03_7-ESS4e04_6-ESS5e03_6-ESS6e02_7-ESS11e04_2-subset.sav,3aef7081ad1e48f989b7c93ef68f05e922159010a21d894d10d83899b764a852,gincdif,original microdata,ESS integrated round,All,Neither agree nor disagree,21.45990208562543,1.1093614077235296,19.271801537430626,23.648002633820234,2581,2581,233,192,1970.8959511961216,2550.7575619518757,True,Stratified PSU Taylor linearization; fixed supplied weights; no FPC,all eligible adults,
ESS,11,2024,2024,gincdif,Should the government take measures to reduce differences in income levels?,ordinal,ESS2e03_6-ESS3e03_7-ESS4e04_6-ESS5e03_6-ESS6e02_7-ESS11e04_2-subset.sav,3aef7081ad1e48f989b7c93ef68f05e922159010a21d894d10d83899b764a852,gincdif,original microdata,ESS integrated round,All,Don't know,2.8853211648633104,0.40302810370687137,2.0903899472103054,3.6802523825163154,2581,2581,233,192,1970.8959511961216,2550.7575619518757,True,Stratified PSU Taylor linearization; fixed supplied weights; no FPC,all eligible adults,
ESS,11,2024,2024,gincdif,Should the government take measures to reduce differences in income levels?,ordinal,ESS2e03_6-ESS3e03_7-ESS4e04_6-ESS5e03_6-ESS6e02_7-ESS11e04_2-subset.sav,3aef7081ad1e48f989b7c93ef68f05e922159010a21d894d10d83899b764a852,gincdif,original microdata,ESS integrated round,All,Refused / no answer,0.6223944286137911,0.25935393551063324,0.11084563620373078,1.1339432210238516,2581,2581,233,192,1970.8959511961216,2550.7575619518757,True,Stratified PSU Taylor linearization; fixed supplied weights; no FPC,all eligible adults,
ESS,11,2024,2024,imbgeco,Is immigration bad or good for Ukraine's economy?,numeric,ESS2e03_6-ESS3e03_7-ESS4e04_6-ESS5e03_6-ESS6e02_7-ESS11e04_2-subset.sav,3aef7081ad1e48f989b7c93ef68f05e922159010a21d894d10d83899b764a852,imbgeco,original microdata,ESS integrated round,All,Mean,6.101952102051879,0.09530117400693473,5.913980400822345,6.289923803281413,2349,2581,233,192,1801.6858497168196,2337.3266439139843,True,Stratified PSU Taylor linearization; fixed supplied weights; no FPC,valid 0–10 ratings,8.367354123398973
