survey,item,year,source_question,response_position,percent,coefficient,source_file,source_url,source_sha256,pdf_page
Pew,free_market_better,2014,Q13a,1,23.0,1,pew_2014_inequality.pdf,https://www.pewresearch.org/wp-content/uploads/sites/2/2014/10/Pew-Research-Center-Inequality-Report-FINAL-October-17-2014.pdf,d8de87347489510fcb5f35245c4f8b7aad85784aeea1acd4a778b652e3f7ce90,36
Pew,free_market_better,2014,Q13a,2,38.0,1,pew_2014_inequality.pdf,https://www.pewresearch.org/wp-content/uploads/sites/2/2014/10/Pew-Research-Center-Inequality-Report-FINAL-October-17-2014.pdf,d8de87347489510fcb5f35245c4f8b7aad85784aeea1acd4a778b652e3f7ce90,36
Pew,free_market_better,2009,Q13a,1,12.0,1,pew_2014_inequality.pdf,https://www.pewresearch.org/wp-content/uploads/sites/2/2014/10/Pew-Research-Center-Inequality-Report-FINAL-October-17-2014.pdf,d8de87347489510fcb5f35245c4f8b7aad85784aeea1acd4a778b652e3f7ce90,36
Pew,free_market_better,2009,Q13a,2,34.0,1,pew_2014_inequality.pdf,https://www.pewresearch.org/wp-content/uploads/sites/2/2014/10/Pew-Research-Center-Inequality-Report-FINAL-October-17-2014.pdf,d8de87347489510fcb5f35245c4f8b7aad85784aeea1acd4a778b652e3f7ce90,36
Pew,free_market_better,2007,Q13a,1,23.0,1,pew_2014_inequality.pdf,https://www.pewresearch.org/wp-content/uploads/sites/2/2014/10/Pew-Research-Center-Inequality-Report-FINAL-October-17-2014.pdf,d8de87347489510fcb5f35245c4f8b7aad85784aeea1acd4a778b652e3f7ce90,36
Pew,free_market_better,2007,Q13a,2,43.0,1,pew_2014_inequality.pdf,https://www.pewresearch.org/wp-content/uploads/sites/2/2014/10/Pew-Research-Center-Inequality-Report-FINAL-October-17-2014.pdf,d8de87347489510fcb5f35245c4f8b7aad85784aeea1acd4a778b652e3f7ce90,36
Pew,free_market_better,2002,Q13a,1,29.0,1,pew_2014_inequality.pdf,https://www.pewresearch.org/wp-content/uploads/sites/2/2014/10/Pew-Research-Center-Inequality-Report-FINAL-October-17-2014.pdf,d8de87347489510fcb5f35245c4f8b7aad85784aeea1acd4a778b652e3f7ce90,36
Pew,free_market_better,2002,Q13a,2,35.0,1,pew_2014_inequality.pdf,https://www.pewresearch.org/wp-content/uploads/sites/2/2014/10/Pew-Research-Center-Inequality-Report-FINAL-October-17-2014.pdf,d8de87347489510fcb5f35245c4f8b7aad85784aeea1acd4a778b652e3f7ce90,36
Pew,success_outside_control,2014,Q13b,1,19.0,1,pew_2014_inequality.pdf,https://www.pewresearch.org/wp-content/uploads/sites/2/2014/10/Pew-Research-Center-Inequality-Report-FINAL-October-17-2014.pdf,d8de87347489510fcb5f35245c4f8b7aad85784aeea1acd4a778b652e3f7ce90,39
Pew,success_outside_control,2014,Q13b,2,36.0,1,pew_2014_inequality.pdf,https://www.pewresearch.org/wp-content/uploads/sites/2/2014/10/Pew-Research-Center-Inequality-Report-FINAL-October-17-2014.pdf,d8de87347489510fcb5f35245c4f8b7aad85784aeea1acd4a778b652e3f7ce90,39
Pew,success_outside_control,2011,Q13b,1,17.0,1,pew_2014_inequality.pdf,https://www.pewresearch.org/wp-content/uploads/sites/2/2014/10/Pew-Research-Center-Inequality-Report-FINAL-October-17-2014.pdf,d8de87347489510fcb5f35245c4f8b7aad85784aeea1acd4a778b652e3f7ce90,39
Pew,success_outside_control,2011,Q13b,2,37.0,1,pew_2014_inequality.pdf,https://www.pewresearch.org/wp-content/uploads/sites/2/2014/10/Pew-Research-Center-Inequality-Report-FINAL-October-17-2014.pdf,d8de87347489510fcb5f35245c4f8b7aad85784aeea1acd4a778b652e3f7ce90,39
Pew,success_outside_control,2009,Q13b,1,15.0,1,pew_2014_inequality.pdf,https://www.pewresearch.org/wp-content/uploads/sites/2/2014/10/Pew-Research-Center-Inequality-Report-FINAL-October-17-2014.pdf,d8de87347489510fcb5f35245c4f8b7aad85784aeea1acd4a778b652e3f7ce90,39
Pew,success_outside_control,2009,Q13b,2,34.0,1,pew_2014_inequality.pdf,https://www.pewresearch.org/wp-content/uploads/sites/2/2014/10/Pew-Research-Center-Inequality-Report-FINAL-October-17-2014.pdf,d8de87347489510fcb5f35245c4f8b7aad85784aeea1acd4a778b652e3f7ce90,39
Pew,success_outside_control,2007,Q13b,1,17.0,1,pew_2014_inequality.pdf,https://www.pewresearch.org/wp-content/uploads/sites/2/2014/10/Pew-Research-Center-Inequality-Report-FINAL-October-17-2014.pdf,d8de87347489510fcb5f35245c4f8b7aad85784aeea1acd4a778b652e3f7ce90,39
Pew,success_outside_control,2007,Q13b,2,40.0,1,pew_2014_inequality.pdf,https://www.pewresearch.org/wp-content/uploads/sites/2/2014/10/Pew-Research-Center-Inequality-Report-FINAL-October-17-2014.pdf,d8de87347489510fcb5f35245c4f8b7aad85784aeea1acd4a778b652e3f7ce90,39
Pew,success_outside_control,2002,Q13b,1,27.0,1,pew_2014_inequality.pdf,https://www.pewresearch.org/wp-content/uploads/sites/2/2014/10/Pew-Research-Center-Inequality-Report-FINAL-October-17-2014.pdf,d8de87347489510fcb5f35245c4f8b7aad85784aeea1acd4a778b652e3f7ce90,39
Pew,success_outside_control,2002,Q13b,2,35.0,1,pew_2014_inequality.pdf,https://www.pewresearch.org/wp-content/uploads/sites/2/2014/10/Pew-Research-Center-Inequality-Report-FINAL-October-17-2014.pdf,d8de87347489510fcb5f35245c4f8b7aad85784aeea1acd4a778b652e3f7ce90,39
Pew,success_outside_control,1991,Q13b,1,20.0,1,pew_2014_inequality.pdf,https://www.pewresearch.org/wp-content/uploads/sites/2/2014/10/Pew-Research-Center-Inequality-Report-FINAL-October-17-2014.pdf,d8de87347489510fcb5f35245c4f8b7aad85784aeea1acd4a778b652e3f7ce90,39
Pew,success_outside_control,1991,Q13b,2,45.0,1,pew_2014_inequality.pdf,https://www.pewresearch.org/wp-content/uploads/sites/2/2014/10/Pew-Research-Center-Inequality-Report-FINAL-October-17-2014.pdf,d8de87347489510fcb5f35245c4f8b7aad85784aeea1acd4a778b652e3f7ce90,39
Pew,low_tax_growth,2014,Q77b,2,14.0,1,pew_2014_inequality.pdf,https://www.pewresearch.org/wp-content/uploads/sites/2/2014/10/Pew-Research-Center-Inequality-Report-FINAL-October-17-2014.pdf,d8de87347489510fcb5f35245c4f8b7aad85784aeea1acd4a778b652e3f7ce90,48
Pew,high_tax_redistribution,2014,Q77b,1,48.0,1,pew_2014_inequality.pdf,https://www.pewresearch.org/wp-content/uploads/sites/2/2014/10/Pew-Research-Center-Inequality-Report-FINAL-October-17-2014.pdf,d8de87347489510fcb5f35245c4f8b7aad85784aeea1acd4a778b652e3f7ce90,48
Pew,success_Q66a,2014,Q66a,7,5.0,1,pew_2014_inequality.pdf,https://www.pewresearch.org/wp-content/uploads/sites/2/2014/10/Pew-Research-Center-Inequality-Report-FINAL-October-17-2014.pdf,d8de87347489510fcb5f35245c4f8b7aad85784aeea1acd4a778b652e3f7ce90,44
Pew,success_Q66a,2014,Q66a,8,8.0,1,pew_2014_inequality.pdf,https://www.pewresearch.org/wp-content/uploads/sites/2/2014/10/Pew-Research-Center-Inequality-Report-FINAL-October-17-2014.pdf,d8de87347489510fcb5f35245c4f8b7aad85784aeea1acd4a778b652e3f7ce90,44
Pew,success_Q66a,2014,Q66a,9,12.0,1,pew_2014_inequality.pdf,https://www.pewresearch.org/wp-content/uploads/sites/2/2014/10/Pew-Research-Center-Inequality-Report-FINAL-October-17-2014.pdf,d8de87347489510fcb5f35245c4f8b7aad85784aeea1acd4a778b652e3f7ce90,44
Pew,success_Q66a,2014,Q66a,10,15.0,1,pew_2014_inequality.pdf,https://www.pewresearch.org/wp-content/uploads/sites/2/2014/10/Pew-Research-Center-Inequality-Report-FINAL-October-17-2014.pdf,d8de87347489510fcb5f35245c4f8b7aad85784aeea1acd4a778b652e3f7ce90,44
Pew,success_Q66a,2014,Q66a,11,56.0,1,pew_2014_inequality.pdf,https://www.pewresearch.org/wp-content/uploads/sites/2/2014/10/Pew-Research-Center-Inequality-Report-FINAL-October-17-2014.pdf,d8de87347489510fcb5f35245c4f8b7aad85784aeea1acd4a778b652e3f7ce90,44
Pew,success_Q66b,2014,Q66b,7,4.0,1,pew_2014_inequality.pdf,https://www.pewresearch.org/wp-content/uploads/sites/2/2014/10/Pew-Research-Center-Inequality-Report-FINAL-October-17-2014.pdf,d8de87347489510fcb5f35245c4f8b7aad85784aeea1acd4a778b652e3f7ce90,44
Pew,success_Q66b,2014,Q66b,8,7.0,1,pew_2014_inequality.pdf,https://www.pewresearch.org/wp-content/uploads/sites/2/2014/10/Pew-Research-Center-Inequality-Report-FINAL-October-17-2014.pdf,d8de87347489510fcb5f35245c4f8b7aad85784aeea1acd4a778b652e3f7ce90,44
Pew,success_Q66b,2014,Q66b,9,12.0,1,pew_2014_inequality.pdf,https://www.pewresearch.org/wp-content/uploads/sites/2/2014/10/Pew-Research-Center-Inequality-Report-FINAL-October-17-2014.pdf,d8de87347489510fcb5f35245c4f8b7aad85784aeea1acd4a778b652e3f7ce90,44
Pew,success_Q66b,2014,Q66b,10,21.0,1,pew_2014_inequality.pdf,https://www.pewresearch.org/wp-content/uploads/sites/2/2014/10/Pew-Research-Center-Inequality-Report-FINAL-October-17-2014.pdf,d8de87347489510fcb5f35245c4f8b7aad85784aeea1acd4a778b652e3f7ce90,44
Pew,success_Q66b,2014,Q66b,11,53.0,1,pew_2014_inequality.pdf,https://www.pewresearch.org/wp-content/uploads/sites/2/2014/10/Pew-Research-Center-Inequality-Report-FINAL-October-17-2014.pdf,d8de87347489510fcb5f35245c4f8b7aad85784aeea1acd4a778b652e3f7ce90,44
Pew,success_Q66c,2014,Q66c,7,5.0,1,pew_2014_inequality.pdf,https://www.pewresearch.org/wp-content/uploads/sites/2/2014/10/Pew-Research-Center-Inequality-Report-FINAL-October-17-2014.pdf,d8de87347489510fcb5f35245c4f8b7aad85784aeea1acd4a778b652e3f7ce90,45
Pew,success_Q66c,2014,Q66c,8,7.0,1,pew_2014_inequality.pdf,https://www.pewresearch.org/wp-content/uploads/sites/2/2014/10/Pew-Research-Center-Inequality-Report-FINAL-October-17-2014.pdf,d8de87347489510fcb5f35245c4f8b7aad85784aeea1acd4a778b652e3f7ce90,45
Pew,success_Q66c,2014,Q66c,9,15.0,1,pew_2014_inequality.pdf,https://www.pewresearch.org/wp-content/uploads/sites/2/2014/10/Pew-Research-Center-Inequality-Report-FINAL-October-17-2014.pdf,d8de87347489510fcb5f35245c4f8b7aad85784aeea1acd4a778b652e3f7ce90,45
Pew,success_Q66c,2014,Q66c,10,17.0,1,pew_2014_inequality.pdf,https://www.pewresearch.org/wp-content/uploads/sites/2/2014/10/Pew-Research-Center-Inequality-Report-FINAL-October-17-2014.pdf,d8de87347489510fcb5f35245c4f8b7aad85784aeea1acd4a778b652e3f7ce90,45
Pew,success_Q66c,2014,Q66c,11,42.0,1,pew_2014_inequality.pdf,https://www.pewresearch.org/wp-content/uploads/sites/2/2014/10/Pew-Research-Center-Inequality-Report-FINAL-October-17-2014.pdf,d8de87347489510fcb5f35245c4f8b7aad85784aeea1acd4a778b652e3f7ce90,45
Pew,success_Q66d,2014,Q66d,7,6.0,1,pew_2014_inequality.pdf,https://www.pewresearch.org/wp-content/uploads/sites/2/2014/10/Pew-Research-Center-Inequality-Report-FINAL-October-17-2014.pdf,d8de87347489510fcb5f35245c4f8b7aad85784aeea1acd4a778b652e3f7ce90,45
Pew,success_Q66d,2014,Q66d,8,5.0,1,pew_2014_inequality.pdf,https://www.pewresearch.org/wp-content/uploads/sites/2/2014/10/Pew-Research-Center-Inequality-Report-FINAL-October-17-2014.pdf,d8de87347489510fcb5f35245c4f8b7aad85784aeea1acd4a778b652e3f7ce90,45
Pew,success_Q66d,2014,Q66d,9,5.0,1,pew_2014_inequality.pdf,https://www.pewresearch.org/wp-content/uploads/sites/2/2014/10/Pew-Research-Center-Inequality-Report-FINAL-October-17-2014.pdf,d8de87347489510fcb5f35245c4f8b7aad85784aeea1acd4a778b652e3f7ce90,45
Pew,success_Q66d,2014,Q66d,10,5.0,1,pew_2014_inequality.pdf,https://www.pewresearch.org/wp-content/uploads/sites/2/2014/10/Pew-Research-Center-Inequality-Report-FINAL-October-17-2014.pdf,d8de87347489510fcb5f35245c4f8b7aad85784aeea1acd4a778b652e3f7ce90,45
Pew,success_Q66d,2014,Q66d,11,7.0,1,pew_2014_inequality.pdf,https://www.pewresearch.org/wp-content/uploads/sites/2/2014/10/Pew-Research-Center-Inequality-Report-FINAL-October-17-2014.pdf,d8de87347489510fcb5f35245c4f8b7aad85784aeea1acd4a778b652e3f7ce90,45
Pew,success_Q66f,2014,Q66f,7,8.0,1,pew_2014_inequality.pdf,https://www.pewresearch.org/wp-content/uploads/sites/2/2014/10/Pew-Research-Center-Inequality-Report-FINAL-October-17-2014.pdf,d8de87347489510fcb5f35245c4f8b7aad85784aeea1acd4a778b652e3f7ce90,46
Pew,success_Q66f,2014,Q66f,8,9.0,1,pew_2014_inequality.pdf,https://www.pewresearch.org/wp-content/uploads/sites/2/2014/10/Pew-Research-Center-Inequality-Report-FINAL-October-17-2014.pdf,d8de87347489510fcb5f35245c4f8b7aad85784aeea1acd4a778b652e3f7ce90,46
Pew,success_Q66f,2014,Q66f,9,14.0,1,pew_2014_inequality.pdf,https://www.pewresearch.org/wp-content/uploads/sites/2/2014/10/Pew-Research-Center-Inequality-Report-FINAL-October-17-2014.pdf,d8de87347489510fcb5f35245c4f8b7aad85784aeea1acd4a778b652e3f7ce90,46
Pew,success_Q66f,2014,Q66f,10,14.0,1,pew_2014_inequality.pdf,https://www.pewresearch.org/wp-content/uploads/sites/2/2014/10/Pew-Research-Center-Inequality-Report-FINAL-October-17-2014.pdf,d8de87347489510fcb5f35245c4f8b7aad85784aeea1acd4a778b652e3f7ce90,46
Pew,success_Q66f,2014,Q66f,11,28.0,1,pew_2014_inequality.pdf,https://www.pewresearch.org/wp-content/uploads/sites/2/2014/10/Pew-Research-Center-Inequality-Report-FINAL-October-17-2014.pdf,d8de87347489510fcb5f35245c4f8b7aad85784aeea1acd4a778b652e3f7ce90,46
Pew,success_Q66g,2014,Q66g,7,5.0,1,pew_2014_inequality.pdf,https://www.pewresearch.org/wp-content/uploads/sites/2/2014/10/Pew-Research-Center-Inequality-Report-FINAL-October-17-2014.pdf,d8de87347489510fcb5f35245c4f8b7aad85784aeea1acd4a778b652e3f7ce90,47
Pew,success_Q66g,2014,Q66g,8,8.0,1,pew_2014_inequality.pdf,https://www.pewresearch.org/wp-content/uploads/sites/2/2014/10/Pew-Research-Center-Inequality-Report-FINAL-October-17-2014.pdf,d8de87347489510fcb5f35245c4f8b7aad85784aeea1acd4a778b652e3f7ce90,47
Pew,success_Q66g,2014,Q66g,9,10.0,1,pew_2014_inequality.pdf,https://www.pewresearch.org/wp-content/uploads/sites/2/2014/10/Pew-Research-Center-Inequality-Report-FINAL-October-17-2014.pdf,d8de87347489510fcb5f35245c4f8b7aad85784aeea1acd4a778b652e3f7ce90,47
Pew,success_Q66g,2014,Q66g,10,15.0,1,pew_2014_inequality.pdf,https://www.pewresearch.org/wp-content/uploads/sites/2/2014/10/Pew-Research-Center-Inequality-Report-FINAL-October-17-2014.pdf,d8de87347489510fcb5f35245c4f8b7aad85784aeea1acd4a778b652e3f7ce90,47
Pew,success_Q66g,2014,Q66g,11,51.0,1,pew_2014_inequality.pdf,https://www.pewresearch.org/wp-content/uploads/sites/2/2014/10/Pew-Research-Center-Inequality-Report-FINAL-October-17-2014.pdf,d8de87347489510fcb5f35245c4f8b7aad85784aeea1acd4a778b652e3f7ce90,47
Pew,trade_good,2014,Q27,1,37.0,1,pew_2014_trade.pdf,https://www.pewresearch.org/wp-content/uploads/sites/2/2014/09/Pew-Research-Center-Trade-Report-FINAL-September-16-2014.pdf,0b56f578fb0f63816329d02c0c588c4073130dc6a668ddc5779afa49ffd72e02,34
Pew,trade_good,2014,Q27,2,47.0,1,pew_2014_trade.pdf,https://www.pewresearch.org/wp-content/uploads/sites/2/2014/09/Pew-Research-Center-Trade-Report-FINAL-September-16-2014.pdf,0b56f578fb0f63816329d02c0c588c4073130dc6a668ddc5779afa49ffd72e02,34
Pew,trade_good,2011,Q27,1,40.0,1,pew_2014_trade.pdf,https://www.pewresearch.org/wp-content/uploads/sites/2/2014/09/Pew-Research-Center-Trade-Report-FINAL-September-16-2014.pdf,0b56f578fb0f63816329d02c0c588c4073130dc6a668ddc5779afa49ffd72e02,34
Pew,trade_good,2011,Q27,2,40.0,1,pew_2014_trade.pdf,https://www.pewresearch.org/wp-content/uploads/sites/2/2014/09/Pew-Research-Center-Trade-Report-FINAL-September-16-2014.pdf,0b56f578fb0f63816329d02c0c588c4073130dc6a668ddc5779afa49ffd72e02,34
Pew,trade_good,2007,Q27,1,48.0,1,pew_2014_trade.pdf,https://www.pewresearch.org/wp-content/uploads/sites/2/2014/09/Pew-Research-Center-Trade-Report-FINAL-September-16-2014.pdf,0b56f578fb0f63816329d02c0c588c4073130dc6a668ddc5779afa49ffd72e02,34
Pew,trade_good,2007,Q27,2,43.0,1,pew_2014_trade.pdf,https://www.pewresearch.org/wp-content/uploads/sites/2/2014/09/Pew-Research-Center-Trade-Report-FINAL-September-16-2014.pdf,0b56f578fb0f63816329d02c0c588c4073130dc6a668ddc5779afa49ffd72e02,34
Pew,trade_good,2002,Q27,1,31.0,1,pew_2014_trade.pdf,https://www.pewresearch.org/wp-content/uploads/sites/2/2014/09/Pew-Research-Center-Trade-Report-FINAL-September-16-2014.pdf,0b56f578fb0f63816329d02c0c588c4073130dc6a668ddc5779afa49ffd72e02,34
Pew,trade_good,2002,Q27,2,62.0,1,pew_2014_trade.pdf,https://www.pewresearch.org/wp-content/uploads/sites/2/2014/09/Pew-Research-Center-Trade-Report-FINAL-September-16-2014.pdf,0b56f578fb0f63816329d02c0c588c4073130dc6a668ddc5779afa49ffd72e02,34
Pew,trade_wages,2014,Q28,1,50.0,1,pew_2014_trade.pdf,https://www.pewresearch.org/wp-content/uploads/sites/2/2014/09/Pew-Research-Center-Trade-Report-FINAL-September-16-2014.pdf,0b56f578fb0f63816329d02c0c588c4073130dc6a668ddc5779afa49ffd72e02,37
Pew,trade_jobs,2014,Q29,1,61.0,1,pew_2014_trade.pdf,https://www.pewresearch.org/wp-content/uploads/sites/2/2014/09/Pew-Research-Center-Trade-Report-FINAL-September-16-2014.pdf,0b56f578fb0f63816329d02c0c588c4073130dc6a668ddc5779afa49ffd72e02,38
Pew,trade_prices,2014,Q30,2,29.0,1,pew_2014_trade.pdf,https://www.pewresearch.org/wp-content/uploads/sites/2/2014/09/Pew-Research-Center-Trade-Report-FINAL-September-16-2014.pdf,0b56f578fb0f63816329d02c0c588c4073130dc6a668ddc5779afa49ffd72e02,39
Pew,foreign_acquisitions,2014,Q31,1,11.0,1,pew_2014_trade.pdf,https://www.pewresearch.org/wp-content/uploads/sites/2/2014/09/Pew-Research-Center-Trade-Report-FINAL-September-16-2014.pdf,0b56f578fb0f63816329d02c0c588c4073130dc6a668ddc5779afa49ffd72e02,40
Pew,foreign_acquisitions,2014,Q31,2,27.0,1,pew_2014_trade.pdf,https://www.pewresearch.org/wp-content/uploads/sites/2/2014/09/Pew-Research-Center-Trade-Report-FINAL-September-16-2014.pdf,0b56f578fb0f63816329d02c0c588c4073130dc6a668ddc5779afa49ffd72e02,40
Pew,foreign_factories,2014,Q32,1,24.0,1,pew_2014_trade.pdf,https://www.pewresearch.org/wp-content/uploads/sites/2/2014/09/Pew-Research-Center-Trade-Report-FINAL-September-16-2014.pdf,0b56f578fb0f63816329d02c0c588c4073130dc6a668ddc5779afa49ffd72e02,41
Pew,foreign_factories,2014,Q32,2,43.0,1,pew_2014_trade.pdf,https://www.pewresearch.org/wp-content/uploads/sites/2/2014/09/Pew-Research-Center-Trade-Report-FINAL-September-16-2014.pdf,0b56f578fb0f63816329d02c0c588c4073130dc6a668ddc5779afa49ffd72e02,41
Pew,government_care_poor,2015,Q16a,1,92.0,1,pew_2015_cee_topline.pdf,https://assets.pewresearch.org/wp-content/uploads/sites/11/2017/05/09154356/Central-and-Eastern-Europe-Topline_FINAL-FOR-PUBLICATION.pdf,58c7af5bc824711a27614dfcaf907f8d9184c77a0aa141a49906fff98f39e356,33
Pew,free_market_better,2015,Q16b,1,47.0,1,pew_2015_cee_topline.pdf,https://assets.pewresearch.org/wp-content/uploads/sites/11/2017/05/09154356/Central-and-Eastern-Europe-Topline_FINAL-FOR-PUBLICATION.pdf,58c7af5bc824711a27614dfcaf907f8d9184c77a0aa141a49906fff98f39e356,34
Pew,inequality_problem,2015,Q3a,1,60.0,1,pew_2015_cee_topline.pdf,https://assets.pewresearch.org/wp-content/uploads/sites/11/2017/05/09154356/Central-and-Eastern-Europe-Topline_FINAL-FOR-PUBLICATION.pdf,58c7af5bc824711a27614dfcaf907f8d9184c77a0aa141a49906fff98f39e356,3
Pew,success_ability,2011,Q16a,2,32.0,1,pew_2011_soviet_topline.pdf,https://www.pewresearch.org/wp-content/uploads/sites/2/2011/12/Pew-Global-Attitudes-Former-Soviet-Union-Report-Topline.pdf,ebdd2b159262fdcc86e8e64c9f678879199dd3266a9b91d5c75eaa7e74eb0c78,4
Pew,success_ability,1992,Q16a,2,29.0,1,pew_2011_soviet_topline.pdf,https://www.pewresearch.org/wp-content/uploads/sites/2/2011/12/Pew-Global-Attitudes-Former-Soviet-Union-Report-Topline.pdf,ebdd2b159262fdcc86e8e64c9f678879199dd3266a9b91d5c75eaa7e74eb0c78,4
Pew,success_ability,1991,Q16a,2,37.0,1,pew_2011_soviet_topline.pdf,https://www.pewresearch.org/wp-content/uploads/sites/2/2011/12/Pew-Global-Attitudes-Former-Soviet-Union-Report-Topline.pdf,ebdd2b159262fdcc86e8e64c9f678879199dd3266a9b91d5c75eaa7e74eb0c78,4
Pew,failure_individual,2011,Q16b,2,40.0,1,pew_2011_soviet_topline.pdf,https://www.pewresearch.org/wp-content/uploads/sites/2/2011/12/Pew-Global-Attitudes-Former-Soviet-Union-Report-Topline.pdf,ebdd2b159262fdcc86e8e64c9f678879199dd3266a9b91d5c75eaa7e74eb0c78,4
Pew,failure_individual,1991,Q16b,2,36.0,1,pew_2011_soviet_topline.pdf,https://www.pewresearch.org/wp-content/uploads/sites/2/2011/12/Pew-Global-Attitudes-Former-Soviet-Union-Report-Topline.pdf,ebdd2b159262fdcc86e8e64c9f678879199dd3266a9b91d5c75eaa7e74eb0c78,4
Pew,freedom_vs_welfare,2011,Q61,1,21.0,1,pew_2011_soviet_topline.pdf,https://www.pewresearch.org/wp-content/uploads/sites/2/2011/12/Pew-Global-Attitudes-Former-Soviet-Union-Report-Topline.pdf,ebdd2b159262fdcc86e8e64c9f678879199dd3266a9b91d5c75eaa7e74eb0c78,11
Pew,freedom_vs_welfare,2009,Q61,1,30.0,1,pew_2011_soviet_topline.pdf,https://www.pewresearch.org/wp-content/uploads/sites/2/2011/12/Pew-Global-Attitudes-Former-Soviet-Union-Report-Topline.pdf,ebdd2b159262fdcc86e8e64c9f678879199dd3266a9b91d5c75eaa7e74eb0c78,11
Pew,freedom_vs_welfare,2002,Q61,1,24.0,1,pew_2011_soviet_topline.pdf,https://www.pewresearch.org/wp-content/uploads/sites/2/2011/12/Pew-Global-Attitudes-Former-Soviet-Union-Report-Topline.pdf,ebdd2b159262fdcc86e8e64c9f678879199dd3266a9b91d5c75eaa7e74eb0c78,11
Pew,freedom_vs_welfare,1991,Q61,1,54.0,1,pew_2011_soviet_topline.pdf,https://www.pewresearch.org/wp-content/uploads/sites/2/2011/12/Pew-Global-Attitudes-Former-Soviet-Union-Report-Topline.pdf,ebdd2b159262fdcc86e8e64c9f678879199dd3266a9b91d5c75eaa7e74eb0c78,11
Pew,welfare_vs_freedom,2011,Q61,2,75.0,1,pew_2011_soviet_topline.pdf,https://www.pewresearch.org/wp-content/uploads/sites/2/2011/12/Pew-Global-Attitudes-Former-Soviet-Union-Report-Topline.pdf,ebdd2b159262fdcc86e8e64c9f678879199dd3266a9b91d5c75eaa7e74eb0c78,11
Pew,welfare_vs_freedom,2009,Q61,2,52.0,1,pew_2011_soviet_topline.pdf,https://www.pewresearch.org/wp-content/uploads/sites/2/2011/12/Pew-Global-Attitudes-Former-Soviet-Union-Report-Topline.pdf,ebdd2b159262fdcc86e8e64c9f678879199dd3266a9b91d5c75eaa7e74eb0c78,11
Pew,welfare_vs_freedom,2002,Q61,2,76.0,1,pew_2011_soviet_topline.pdf,https://www.pewresearch.org/wp-content/uploads/sites/2/2011/12/Pew-Global-Attitudes-Former-Soviet-Union-Report-Topline.pdf,ebdd2b159262fdcc86e8e64c9f678879199dd3266a9b91d5c75eaa7e74eb0c78,11
Pew,welfare_vs_freedom,1991,Q61,2,37.0,1,pew_2011_soviet_topline.pdf,https://www.pewresearch.org/wp-content/uploads/sites/2/2011/12/Pew-Global-Attitudes-Former-Soviet-Union-Report-Topline.pdf,ebdd2b159262fdcc86e8e64c9f678879199dd3266a9b91d5c75eaa7e74eb0c78,11
Pew,rich_richer,2009,Q40j,1,48.0,1,pew_2009_europe_topline.pdf,https://www.pewresearch.org/global/wp-content/uploads/sites/2/2009/11/Pew-Research-Center_TOPLINE-Two-Decades-After-the-Walls-Fall-End-of-Communism-Cheered-But-Now-With-More-Reservations_2009.pdf,53c9aca1ff4da278008aebf448e2ece7a97cb9a54d676bf58979ebbf5be160c8,44
Pew,rich_richer,2009,Q40j,2,36.0,1,pew_2009_europe_topline.pdf,https://www.pewresearch.org/global/wp-content/uploads/sites/2/2009/11/Pew-Research-Center_TOPLINE-Two-Decades-After-the-Walls-Fall-End-of-Communism-Cheered-But-Now-With-More-Reservations_2009.pdf,53c9aca1ff4da278008aebf448e2ece7a97cb9a54d676bf58979ebbf5be160c8,44
Pew,rich_richer,1991,Q40j,1,65.0,1,pew_2009_europe_topline.pdf,https://www.pewresearch.org/global/wp-content/uploads/sites/2/2009/11/Pew-Research-Center_TOPLINE-Two-Decades-After-the-Walls-Fall-End-of-Communism-Cheered-But-Now-With-More-Reservations_2009.pdf,53c9aca1ff4da278008aebf448e2ece7a97cb9a54d676bf58979ebbf5be160c8,44
Pew,rich_richer,1991,Q40j,2,28.0,1,pew_2009_europe_topline.pdf,https://www.pewresearch.org/global/wp-content/uploads/sites/2/2009/11/Pew-Research-Center_TOPLINE-Two-Decades-After-the-Walls-Fall-End-of-Communism-Cheered-But-Now-With-More-Reservations_2009.pdf,53c9aca1ff4da278008aebf448e2ece7a97cb9a54d676bf58979ebbf5be160c8,44
Pew,better_than_communism,2019,Q17,1,25.0,1,pew_2019_europe_topline.pdf,https://www.pewresearch.org/global/wp-content/uploads/sites/2/2019/10/Pew-Research-Center-Value-of-Europe-Topline-for-Release-FINAL.pdf,63d849917258b912ed7543e05cec3770f400de2d3726f5d0506c4e9f41141b98,37
Pew,better_than_communism,2009,Q17,1,12.0,1,pew_2019_europe_topline.pdf,https://www.pewresearch.org/global/wp-content/uploads/sites/2/2019/10/Pew-Research-Center-Value-of-Europe-Topline-for-Release-FINAL.pdf,63d849917258b912ed7543e05cec3770f400de2d3726f5d0506c4e9f41141b98,37
Pew,transition_ordinary,2019,Q20a,1,6.0,1,pew_2019_europe_topline.pdf,https://www.pewresearch.org/global/wp-content/uploads/sites/2/2019/10/Pew-Research-Center-Value-of-Europe-Topline-for-Release-FINAL.pdf,63d849917258b912ed7543e05cec3770f400de2d3726f5d0506c4e9f41141b98,38
Pew,transition_ordinary,2019,Q20a,2,15.0,1,pew_2019_europe_topline.pdf,https://www.pewresearch.org/global/wp-content/uploads/sites/2/2019/10/Pew-Research-Center-Value-of-Europe-Topline-for-Release-FINAL.pdf,63d849917258b912ed7543e05cec3770f400de2d3726f5d0506c4e9f41141b98,38
Pew,transition_ordinary,2011,Q20a,1,1.0,1,pew_2019_europe_topline.pdf,https://www.pewresearch.org/global/wp-content/uploads/sites/2/2019/10/Pew-Research-Center-Value-of-Europe-Topline-for-Release-FINAL.pdf,63d849917258b912ed7543e05cec3770f400de2d3726f5d0506c4e9f41141b98,38
Pew,transition_ordinary,2011,Q20a,2,10.0,1,pew_2019_europe_topline.pdf,https://www.pewresearch.org/global/wp-content/uploads/sites/2/2019/10/Pew-Research-Center-Value-of-Europe-Topline-for-Release-FINAL.pdf,63d849917258b912ed7543e05cec3770f400de2d3726f5d0506c4e9f41141b98,38
Pew,transition_ordinary,2009,Q20a,1,1.0,1,pew_2019_europe_topline.pdf,https://www.pewresearch.org/global/wp-content/uploads/sites/2/2019/10/Pew-Research-Center-Value-of-Europe-Topline-for-Release-FINAL.pdf,63d849917258b912ed7543e05cec3770f400de2d3726f5d0506c4e9f41141b98,38
Pew,transition_ordinary,2009,Q20a,2,9.0,1,pew_2019_europe_topline.pdf,https://www.pewresearch.org/global/wp-content/uploads/sites/2/2019/10/Pew-Research-Center-Value-of-Europe-Topline-for-Release-FINAL.pdf,63d849917258b912ed7543e05cec3770f400de2d3726f5d0506c4e9f41141b98,38
Pew,transition_business,2019,Q20b,1,64.0,1,pew_2019_europe_topline.pdf,https://www.pewresearch.org/global/wp-content/uploads/sites/2/2019/10/Pew-Research-Center-Value-of-Europe-Topline-for-Release-FINAL.pdf,63d849917258b912ed7543e05cec3770f400de2d3726f5d0506c4e9f41141b98,38
Pew,transition_business,2019,Q20b,2,25.0,1,pew_2019_europe_topline.pdf,https://www.pewresearch.org/global/wp-content/uploads/sites/2/2019/10/Pew-Research-Center-Value-of-Europe-Topline-for-Release-FINAL.pdf,63d849917258b912ed7543e05cec3770f400de2d3726f5d0506c4e9f41141b98,38
Pew,transition_business,2011,Q20b,1,42.0,1,pew_2019_europe_topline.pdf,https://www.pewresearch.org/global/wp-content/uploads/sites/2/2019/10/Pew-Research-Center-Value-of-Europe-Topline-for-Release-FINAL.pdf,63d849917258b912ed7543e05cec3770f400de2d3726f5d0506c4e9f41141b98,38
Pew,transition_business,2011,Q20b,2,34.0,1,pew_2019_europe_topline.pdf,https://www.pewresearch.org/global/wp-content/uploads/sites/2/2019/10/Pew-Research-Center-Value-of-Europe-Topline-for-Release-FINAL.pdf,63d849917258b912ed7543e05cec3770f400de2d3726f5d0506c4e9f41141b98,38
Pew,transition_business,2009,Q20b,1,46.0,1,pew_2019_europe_topline.pdf,https://www.pewresearch.org/global/wp-content/uploads/sites/2/2019/10/Pew-Research-Center-Value-of-Europe-Topline-for-Release-FINAL.pdf,63d849917258b912ed7543e05cec3770f400de2d3726f5d0506c4e9f41141b98,38
Pew,transition_business,2009,Q20b,2,36.0,1,pew_2019_europe_topline.pdf,https://www.pewresearch.org/global/wp-content/uploads/sites/2/2019/10/Pew-Research-Center-Value-of-Europe-Topline-for-Release-FINAL.pdf,63d849917258b912ed7543e05cec3770f400de2d3726f5d0506c4e9f41141b98,38
Pew,transition_politicians,2019,Q20c,1,68.0,1,pew_2019_europe_topline.pdf,https://www.pewresearch.org/global/wp-content/uploads/sites/2/2019/10/Pew-Research-Center-Value-of-Europe-Topline-for-Release-FINAL.pdf,63d849917258b912ed7543e05cec3770f400de2d3726f5d0506c4e9f41141b98,39
Pew,transition_politicians,2019,Q20c,2,20.0,1,pew_2019_europe_topline.pdf,https://www.pewresearch.org/global/wp-content/uploads/sites/2/2019/10/Pew-Research-Center-Value-of-Europe-Topline-for-Release-FINAL.pdf,63d849917258b912ed7543e05cec3770f400de2d3726f5d0506c4e9f41141b98,39
Pew,transition_politicians,2011,Q20c,1,74.0,1,pew_2019_europe_topline.pdf,https://www.pewresearch.org/global/wp-content/uploads/sites/2/2019/10/Pew-Research-Center-Value-of-Europe-Topline-for-Release-FINAL.pdf,63d849917258b912ed7543e05cec3770f400de2d3726f5d0506c4e9f41141b98,39
Pew,transition_politicians,2011,Q20c,2,21.0,1,pew_2019_europe_topline.pdf,https://www.pewresearch.org/global/wp-content/uploads/sites/2/2019/10/Pew-Research-Center-Value-of-Europe-Topline-for-Release-FINAL.pdf,63d849917258b912ed7543e05cec3770f400de2d3726f5d0506c4e9f41141b98,39
Pew,transition_politicians,2009,Q20c,1,76.0,1,pew_2019_europe_topline.pdf,https://www.pewresearch.org/global/wp-content/uploads/sites/2/2019/10/Pew-Research-Center-Value-of-Europe-Topline-for-Release-FINAL.pdf,63d849917258b912ed7543e05cec3770f400de2d3726f5d0506c4e9f41141b98,39
Pew,transition_politicians,2009,Q20c,2,16.0,1,pew_2019_europe_topline.pdf,https://www.pewresearch.org/global/wp-content/uploads/sites/2/2019/10/Pew-Research-Center-Value-of-Europe-Topline-for-Release-FINAL.pdf,63d849917258b912ed7543e05cec3770f400de2d3726f5d0506c4e9f41141b98,39
Monitoring,start_business,2004,a9,4,20.7,1,mon2020.pdf,https://isnasu.org.ua/assets/files/monitoring/mon2020.pdf,ea193794ff60a7abbde98ba7194bfb89820dd2b70714d50dca8f4c16b6c2e449,446
Monitoring,start_business,2004,a9,5,20.6,1,mon2020.pdf,https://isnasu.org.ua/assets/files/monitoring/mon2020.pdf,ea193794ff60a7abbde98ba7194bfb89820dd2b70714d50dca8f4c16b6c2e449,446
Monitoring,start_business,2005,a9,4,16.5,1,mon2020.pdf,https://isnasu.org.ua/assets/files/monitoring/mon2020.pdf,ea193794ff60a7abbde98ba7194bfb89820dd2b70714d50dca8f4c16b6c2e449,446
Monitoring,start_business,2005,a9,5,27.3,1,mon2020.pdf,https://isnasu.org.ua/assets/files/monitoring/mon2020.pdf,ea193794ff60a7abbde98ba7194bfb89820dd2b70714d50dca8f4c16b6c2e449,446
Monitoring,start_business,2006,a9,4,16.7,1,mon2020.pdf,https://isnasu.org.ua/assets/files/monitoring/mon2020.pdf,ea193794ff60a7abbde98ba7194bfb89820dd2b70714d50dca8f4c16b6c2e449,446
Monitoring,start_business,2006,a9,5,28.9,1,mon2020.pdf,https://isnasu.org.ua/assets/files/monitoring/mon2020.pdf,ea193794ff60a7abbde98ba7194bfb89820dd2b70714d50dca8f4c16b6c2e449,446
Monitoring,start_business,2008,a9,4,16.8,1,mon2020.pdf,https://isnasu.org.ua/assets/files/monitoring/mon2020.pdf,ea193794ff60a7abbde98ba7194bfb89820dd2b70714d50dca8f4c16b6c2e449,446
Monitoring,start_business,2008,a9,5,29.0,1,mon2020.pdf,https://isnasu.org.ua/assets/files/monitoring/mon2020.pdf,ea193794ff60a7abbde98ba7194bfb89820dd2b70714d50dca8f4c16b6c2e449,446
Monitoring,start_business,2010,a9,4,18.7,1,mon2020.pdf,https://isnasu.org.ua/assets/files/monitoring/mon2020.pdf,ea193794ff60a7abbde98ba7194bfb89820dd2b70714d50dca8f4c16b6c2e449,446
Monitoring,start_business,2010,a9,5,30.6,1,mon2020.pdf,https://isnasu.org.ua/assets/files/monitoring/mon2020.pdf,ea193794ff60a7abbde98ba7194bfb89820dd2b70714d50dca8f4c16b6c2e449,446
Monitoring,start_business,2012,a9,4,19.1,1,mon2020.pdf,https://isnasu.org.ua/assets/files/monitoring/mon2020.pdf,ea193794ff60a7abbde98ba7194bfb89820dd2b70714d50dca8f4c16b6c2e449,446
Monitoring,start_business,2012,a9,5,26.3,1,mon2020.pdf,https://isnasu.org.ua/assets/files/monitoring/mon2020.pdf,ea193794ff60a7abbde98ba7194bfb89820dd2b70714d50dca8f4c16b6c2e449,446
Monitoring,start_business,2014,a9,4,20.0,1,mon2020.pdf,https://isnasu.org.ua/assets/files/monitoring/mon2020.pdf,ea193794ff60a7abbde98ba7194bfb89820dd2b70714d50dca8f4c16b6c2e449,446
Monitoring,start_business,2014,a9,5,30.6,1,mon2020.pdf,https://isnasu.org.ua/assets/files/monitoring/mon2020.pdf,ea193794ff60a7abbde98ba7194bfb89820dd2b70714d50dca8f4c16b6c2e449,446
Monitoring,start_business,2016,a9,4,21.7,1,mon2020.pdf,https://isnasu.org.ua/assets/files/monitoring/mon2020.pdf,ea193794ff60a7abbde98ba7194bfb89820dd2b70714d50dca8f4c16b6c2e449,446
Monitoring,start_business,2016,a9,5,20.7,1,mon2020.pdf,https://isnasu.org.ua/assets/files/monitoring/mon2020.pdf,ea193794ff60a7abbde98ba7194bfb89820dd2b70714d50dca8f4c16b6c2e449,446
Monitoring,start_business,2020,a9,4,18.6,1,mon2020.pdf,https://isnasu.org.ua/assets/files/monitoring/mon2020.pdf,ea193794ff60a7abbde98ba7194bfb89820dd2b70714d50dca8f4c16b6c2e449,446
Monitoring,start_business,2020,a9,5,18.5,1,mon2020.pdf,https://isnasu.org.ua/assets/files/monitoring/mon2020.pdf,ea193794ff60a7abbde98ba7194bfb89820dd2b70714d50dca8f4c16b6c2e449,446
Monitoring,market_relations_natural,2003,r5,1,8.3,1,monitoring-2021dlya-tipografii.pdf,https://isnasu.org.ua/assets/files/monitoring/monitoring-2021dlya-tipografii.pdf,08b33f2d1c15e43544f277469410eeaec3b4c8c5e6851ad37cebe9cae29d02e9,700
Monitoring,market_relations_natural,2007,r5,1,16.0,1,monitoring-2021dlya-tipografii.pdf,https://isnasu.org.ua/assets/files/monitoring/monitoring-2021dlya-tipografii.pdf,08b33f2d1c15e43544f277469410eeaec3b4c8c5e6851ad37cebe9cae29d02e9,700
Monitoring,market_relations_natural,2009,r5,1,18.0,1,monitoring-2021dlya-tipografii.pdf,https://isnasu.org.ua/assets/files/monitoring/monitoring-2021dlya-tipografii.pdf,08b33f2d1c15e43544f277469410eeaec3b4c8c5e6851ad37cebe9cae29d02e9,700
Monitoring,market_relations_natural,2012,r5,1,15.4,1,monitoring-2021dlya-tipografii.pdf,https://isnasu.org.ua/assets/files/monitoring/monitoring-2021dlya-tipografii.pdf,08b33f2d1c15e43544f277469410eeaec3b4c8c5e6851ad37cebe9cae29d02e9,700
Monitoring,market_relations_natural,2013,r5,1,16.5,1,monitoring-2021dlya-tipografii.pdf,https://isnasu.org.ua/assets/files/monitoring/monitoring-2021dlya-tipografii.pdf,08b33f2d1c15e43544f277469410eeaec3b4c8c5e6851ad37cebe9cae29d02e9,700
Monitoring,market_relations_natural,2014,r5,1,15.8,1,monitoring-2021dlya-tipografii.pdf,https://isnasu.org.ua/assets/files/monitoring/monitoring-2021dlya-tipografii.pdf,08b33f2d1c15e43544f277469410eeaec3b4c8c5e6851ad37cebe9cae29d02e9,700
Monitoring,market_relations_natural,2015,r5,1,18.0,1,monitoring-2021dlya-tipografii.pdf,https://isnasu.org.ua/assets/files/monitoring/monitoring-2021dlya-tipografii.pdf,08b33f2d1c15e43544f277469410eeaec3b4c8c5e6851ad37cebe9cae29d02e9,700
Monitoring,market_relations_natural,2019,r5,1,25.4,1,monitoring-2021dlya-tipografii.pdf,https://isnasu.org.ua/assets/files/monitoring/monitoring-2021dlya-tipografii.pdf,08b33f2d1c15e43544f277469410eeaec3b4c8c5e6851ad37cebe9cae29d02e9,700
Monitoring,market_relations_natural,2021,r5,1,23.3,1,monitoring-2021dlya-tipografii.pdf,https://isnasu.org.ua/assets/files/monitoring/monitoring-2021dlya-tipografii.pdf,08b33f2d1c15e43544f277469410eeaec3b4c8c5e6851ad37cebe9cae29d02e9,700
Monitoring,accept_market_values,2013,dn7,3,23.2,1,mon2019.pdf,https://isnasu.org.ua/assets/files/monitoring/mon2019.pdf,06452792bdd9f134894f397770b7c05adb42ac7e1afe1569bb52aee4075f620a,431
Monitoring,accept_market_values,2013,dn7,4,2.8,1,mon2019.pdf,https://isnasu.org.ua/assets/files/monitoring/mon2019.pdf,06452792bdd9f134894f397770b7c05adb42ac7e1afe1569bb52aee4075f620a,431
Monitoring,accept_market_values,2015,dn7,3,23.1,1,mon2019.pdf,https://isnasu.org.ua/assets/files/monitoring/mon2019.pdf,06452792bdd9f134894f397770b7c05adb42ac7e1afe1569bb52aee4075f620a,431
Monitoring,accept_market_values,2015,dn7,4,8.5,1,mon2019.pdf,https://isnasu.org.ua/assets/files/monitoring/mon2019.pdf,06452792bdd9f134894f397770b7c05adb42ac7e1afe1569bb52aee4075f620a,431
Monitoring,accept_market_values,2019,dn7,3,36.0,1,mon2019.pdf,https://isnasu.org.ua/assets/files/monitoring/mon2019.pdf,06452792bdd9f134894f397770b7c05adb42ac7e1afe1569bb52aee4075f620a,431
Monitoring,accept_market_values,2019,dn7,4,8.2,1,mon2019.pdf,https://isnasu.org.ua/assets/files/monitoring/mon2019.pdf,06452792bdd9f134894f397770b7c05adb42ac7e1afe1569bb52aee4075f620a,431
Monitoring,ownership_private,2015,mm2,4,9.5,1,us-2015.pdf,https://i-soc.com.ua/assets/files/monitoring/us-2015.pdf,a32d8f1100b3f73f25cdd75abb16316406bcdee7e1f959e20075c3a259c32ee7,10
Monitoring,ownership_private,2015,mm2,5,1.8,1,us-2015.pdf,https://i-soc.com.ua/assets/files/monitoring/us-2015.pdf,a32d8f1100b3f73f25cdd75abb16316406bcdee7e1f959e20075c3a259c32ee7,10
Monitoring,ownership_mixed,2015,mm2,3,45.8,1,us-2015.pdf,https://i-soc.com.ua/assets/files/monitoring/us-2015.pdf,a32d8f1100b3f73f25cdd75abb16316406bcdee7e1f959e20075c3a259c32ee7,10
Monitoring,ownership_state,2015,mm2,1,8.9,1,us-2015.pdf,https://i-soc.com.ua/assets/files/monitoring/us-2015.pdf,a32d8f1100b3f73f25cdd75abb16316406bcdee7e1f959e20075c3a259c32ee7,10
Monitoring,ownership_state,2015,mm2,2,17.4,1,us-2015.pdf,https://i-soc.com.ua/assets/files/monitoring/us-2015.pdf,a32d8f1100b3f73f25cdd75abb16316406bcdee7e1f959e20075c3a259c32ee7,10
Monitoring,respect_owners_1,2019,em1,6,32.7,1,mon2019.pdf,https://isnasu.org.ua/assets/files/monitoring/mon2019.pdf,06452792bdd9f134894f397770b7c05adb42ac7e1afe1569bb52aee4075f620a,416
Monitoring,respect_owners_2,2019,em2,6,27.1,1,mon2019.pdf,https://isnasu.org.ua/assets/files/monitoring/mon2019.pdf,06452792bdd9f134894f397770b7c05adb42ac7e1afe1569bb52aee4075f620a,416
Monitoring,respect_owners_3,2019,em3,6,53.9,1,mon2019.pdf,https://isnasu.org.ua/assets/files/monitoring/mon2019.pdf,06452792bdd9f134894f397770b7c05adb42ac7e1afe1569bb52aee4075f620a,416
Monitoring,respect_owners_4,2019,em4,6,35.2,1,mon2019.pdf,https://isnasu.org.ua/assets/files/monitoring/mon2019.pdf,06452792bdd9f134894f397770b7c05adb42ac7e1afe1569bb52aee4075f620a,416
Monitoring,benefits_never,2019,dc1,1,61.8,1,mon2019.pdf,https://isnasu.org.ua/assets/files/monitoring/mon2019.pdf,06452792bdd9f134894f397770b7c05adb42ac7e1afe1569bb52aee4075f620a,446
Monitoring,tax_never,2019,dc3,1,60.1,1,mon2019.pdf,https://isnasu.org.ua/assets/files/monitoring/mon2019.pdf,06452792bdd9f134894f397770b7c05adb42ac7e1afe1569bb52aee4075f620a,446
Monitoring,enterprise_initiative,2002,r3.9,4,28.0,1,mon2020.pdf,https://isnasu.org.ua/assets/files/monitoring/mon2020.pdf,ea193794ff60a7abbde98ba7194bfb89820dd2b70714d50dca8f4c16b6c2e449,534
Monitoring,enterprise_initiative,2002,r3.9,5,21.3,1,mon2020.pdf,https://isnasu.org.ua/assets/files/monitoring/mon2020.pdf,ea193794ff60a7abbde98ba7194bfb89820dd2b70714d50dca8f4c16b6c2e449,534
Monitoring,enterprise_initiative,2003,r3.9,4,32.9,1,mon2020.pdf,https://isnasu.org.ua/assets/files/monitoring/mon2020.pdf,ea193794ff60a7abbde98ba7194bfb89820dd2b70714d50dca8f4c16b6c2e449,534
Monitoring,enterprise_initiative,2003,r3.9,5,18.9,1,mon2020.pdf,https://isnasu.org.ua/assets/files/monitoring/mon2020.pdf,ea193794ff60a7abbde98ba7194bfb89820dd2b70714d50dca8f4c16b6c2e449,534
Monitoring,enterprise_initiative,2006,r3.9,4,27.1,1,mon2020.pdf,https://isnasu.org.ua/assets/files/monitoring/mon2020.pdf,ea193794ff60a7abbde98ba7194bfb89820dd2b70714d50dca8f4c16b6c2e449,534
Monitoring,enterprise_initiative,2006,r3.9,5,19.2,1,mon2020.pdf,https://isnasu.org.ua/assets/files/monitoring/mon2020.pdf,ea193794ff60a7abbde98ba7194bfb89820dd2b70714d50dca8f4c16b6c2e449,534
Monitoring,enterprise_initiative,2009,r3.9,4,25.7,1,mon2020.pdf,https://isnasu.org.ua/assets/files/monitoring/mon2020.pdf,ea193794ff60a7abbde98ba7194bfb89820dd2b70714d50dca8f4c16b6c2e449,534
Monitoring,enterprise_initiative,2009,r3.9,5,20.3,1,mon2020.pdf,https://isnasu.org.ua/assets/files/monitoring/mon2020.pdf,ea193794ff60a7abbde98ba7194bfb89820dd2b70714d50dca8f4c16b6c2e449,534
Monitoring,enterprise_initiative,2012,r3.9,4,33.9,1,mon2020.pdf,https://isnasu.org.ua/assets/files/monitoring/mon2020.pdf,ea193794ff60a7abbde98ba7194bfb89820dd2b70714d50dca8f4c16b6c2e449,534
Monitoring,enterprise_initiative,2012,r3.9,5,15.1,1,mon2020.pdf,https://isnasu.org.ua/assets/files/monitoring/mon2020.pdf,ea193794ff60a7abbde98ba7194bfb89820dd2b70714d50dca8f4c16b6c2e449,534
Monitoring,enterprise_initiative,2014,r3.9,4,31.8,1,mon2020.pdf,https://isnasu.org.ua/assets/files/monitoring/mon2020.pdf,ea193794ff60a7abbde98ba7194bfb89820dd2b70714d50dca8f4c16b6c2e449,534
Monitoring,enterprise_initiative,2014,r3.9,5,25.8,1,mon2020.pdf,https://isnasu.org.ua/assets/files/monitoring/mon2020.pdf,ea193794ff60a7abbde98ba7194bfb89820dd2b70714d50dca8f4c16b6c2e449,534
Monitoring,enterprise_initiative,2016,r3.9,4,34.7,1,mon2020.pdf,https://isnasu.org.ua/assets/files/monitoring/mon2020.pdf,ea193794ff60a7abbde98ba7194bfb89820dd2b70714d50dca8f4c16b6c2e449,534
Monitoring,enterprise_initiative,2016,r3.9,5,28.4,1,mon2020.pdf,https://isnasu.org.ua/assets/files/monitoring/mon2020.pdf,ea193794ff60a7abbde98ba7194bfb89820dd2b70714d50dca8f4c16b6c2e449,534
Monitoring,enterprise_initiative,2018,r3.9,4,35.5,1,mon2020.pdf,https://isnasu.org.ua/assets/files/monitoring/mon2020.pdf,ea193794ff60a7abbde98ba7194bfb89820dd2b70714d50dca8f4c16b6c2e449,534
Monitoring,enterprise_initiative,2018,r3.9,5,28.3,1,mon2020.pdf,https://isnasu.org.ua/assets/files/monitoring/mon2020.pdf,ea193794ff60a7abbde98ba7194bfb89820dd2b70714d50dca8f4c16b6c2e449,534
Monitoring,enterprise_initiative,2020,r3.9,4,28.7,1,mon2020.pdf,https://isnasu.org.ua/assets/files/monitoring/mon2020.pdf,ea193794ff60a7abbde98ba7194bfb89820dd2b70714d50dca8f4c16b6c2e449,534
Monitoring,enterprise_initiative,2020,r3.9,5,24.4,1,mon2020.pdf,https://isnasu.org.ua/assets/files/monitoring/mon2020.pdf,ea193794ff60a7abbde98ba7194bfb89820dd2b70714d50dca8f4c16b6c2e449,534
Monitoring,trust_state_managers,1994,d6.20,4,11.9,1,mon2020.pdf,https://isnasu.org.ua/assets/files/monitoring/mon2020.pdf,ea193794ff60a7abbde98ba7194bfb89820dd2b70714d50dca8f4c16b6c2e449,475
Monitoring,trust_state_managers,1994,d6.20,5,2.0,1,mon2020.pdf,https://isnasu.org.ua/assets/files/monitoring/mon2020.pdf,ea193794ff60a7abbde98ba7194bfb89820dd2b70714d50dca8f4c16b6c2e449,475
Monitoring,trust_state_managers,1996,d6.20,4,9.7,1,mon2020.pdf,https://isnasu.org.ua/assets/files/monitoring/mon2020.pdf,ea193794ff60a7abbde98ba7194bfb89820dd2b70714d50dca8f4c16b6c2e449,475
Monitoring,trust_state_managers,1996,d6.20,5,2.5,1,mon2020.pdf,https://isnasu.org.ua/assets/files/monitoring/mon2020.pdf,ea193794ff60a7abbde98ba7194bfb89820dd2b70714d50dca8f4c16b6c2e449,475
Monitoring,trust_state_managers,1998,d6.20,4,7.2,1,mon2020.pdf,https://isnasu.org.ua/assets/files/monitoring/mon2020.pdf,ea193794ff60a7abbde98ba7194bfb89820dd2b70714d50dca8f4c16b6c2e449,475
Monitoring,trust_state_managers,1998,d6.20,5,2.2,1,mon2020.pdf,https://isnasu.org.ua/assets/files/monitoring/mon2020.pdf,ea193794ff60a7abbde98ba7194bfb89820dd2b70714d50dca8f4c16b6c2e449,475
Monitoring,trust_state_managers,2000,d6.20,4,10.3,1,mon2020.pdf,https://isnasu.org.ua/assets/files/monitoring/mon2020.pdf,ea193794ff60a7abbde98ba7194bfb89820dd2b70714d50dca8f4c16b6c2e449,475
Monitoring,trust_state_managers,2000,d6.20,5,2.1,1,mon2020.pdf,https://isnasu.org.ua/assets/files/monitoring/mon2020.pdf,ea193794ff60a7abbde98ba7194bfb89820dd2b70714d50dca8f4c16b6c2e449,475
Monitoring,trust_state_managers,2006,d6.20,4,16.9,1,mon2020.pdf,https://isnasu.org.ua/assets/files/monitoring/mon2020.pdf,ea193794ff60a7abbde98ba7194bfb89820dd2b70714d50dca8f4c16b6c2e449,475
Monitoring,trust_state_managers,2006,d6.20,5,1.4,1,mon2020.pdf,https://isnasu.org.ua/assets/files/monitoring/mon2020.pdf,ea193794ff60a7abbde98ba7194bfb89820dd2b70714d50dca8f4c16b6c2e449,475
Monitoring,trust_state_managers,2008,d6.20,4,17.2,1,mon2020.pdf,https://isnasu.org.ua/assets/files/monitoring/mon2020.pdf,ea193794ff60a7abbde98ba7194bfb89820dd2b70714d50dca8f4c16b6c2e449,475
Monitoring,trust_state_managers,2008,d6.20,5,1.1,1,mon2020.pdf,https://isnasu.org.ua/assets/files/monitoring/mon2020.pdf,ea193794ff60a7abbde98ba7194bfb89820dd2b70714d50dca8f4c16b6c2e449,475
Monitoring,trust_state_managers,2010,d6.20,4,13.7,1,mon2020.pdf,https://isnasu.org.ua/assets/files/monitoring/mon2020.pdf,ea193794ff60a7abbde98ba7194bfb89820dd2b70714d50dca8f4c16b6c2e449,475
Monitoring,trust_state_managers,2010,d6.20,5,0.7,1,mon2020.pdf,https://isnasu.org.ua/assets/files/monitoring/mon2020.pdf,ea193794ff60a7abbde98ba7194bfb89820dd2b70714d50dca8f4c16b6c2e449,475
Monitoring,trust_state_managers,2012,d6.20,4,10.9,1,mon2020.pdf,https://isnasu.org.ua/assets/files/monitoring/mon2020.pdf,ea193794ff60a7abbde98ba7194bfb89820dd2b70714d50dca8f4c16b6c2e449,475
Monitoring,trust_state_managers,2012,d6.20,5,0.8,1,mon2020.pdf,https://isnasu.org.ua/assets/files/monitoring/mon2020.pdf,ea193794ff60a7abbde98ba7194bfb89820dd2b70714d50dca8f4c16b6c2e449,475
Monitoring,trust_state_managers,2013,d6.20,4,10.7,1,mon2020.pdf,https://isnasu.org.ua/assets/files/monitoring/mon2020.pdf,ea193794ff60a7abbde98ba7194bfb89820dd2b70714d50dca8f4c16b6c2e449,475
Monitoring,trust_state_managers,2013,d6.20,5,1.0,1,mon2020.pdf,https://isnasu.org.ua/assets/files/monitoring/mon2020.pdf,ea193794ff60a7abbde98ba7194bfb89820dd2b70714d50dca8f4c16b6c2e449,475
Monitoring,trust_state_managers,2014,d6.20,4,9.0,1,mon2020.pdf,https://isnasu.org.ua/assets/files/monitoring/mon2020.pdf,ea193794ff60a7abbde98ba7194bfb89820dd2b70714d50dca8f4c16b6c2e449,475
Monitoring,trust_state_managers,2014,d6.20,5,0.7,1,mon2020.pdf,https://isnasu.org.ua/assets/files/monitoring/mon2020.pdf,ea193794ff60a7abbde98ba7194bfb89820dd2b70714d50dca8f4c16b6c2e449,475
Monitoring,trust_state_managers,2015,d6.20,4,11.4,1,mon2020.pdf,https://isnasu.org.ua/assets/files/monitoring/mon2020.pdf,ea193794ff60a7abbde98ba7194bfb89820dd2b70714d50dca8f4c16b6c2e449,475
Monitoring,trust_state_managers,2015,d6.20,5,0.4,1,mon2020.pdf,https://isnasu.org.ua/assets/files/monitoring/mon2020.pdf,ea193794ff60a7abbde98ba7194bfb89820dd2b70714d50dca8f4c16b6c2e449,475
Monitoring,trust_state_managers,2020,d6.20,4,10.2,1,mon2020.pdf,https://isnasu.org.ua/assets/files/monitoring/mon2020.pdf,ea193794ff60a7abbde98ba7194bfb89820dd2b70714d50dca8f4c16b6c2e449,475
Monitoring,trust_state_managers,2020,d6.20,5,1.0,1,mon2020.pdf,https://isnasu.org.ua/assets/files/monitoring/mon2020.pdf,ea193794ff60a7abbde98ba7194bfb89820dd2b70714d50dca8f4c16b6c2e449,475
Monitoring,trust_private_entrepreneurs,1994,d6.21,4,11.9,1,dodatki2015.pdf,https://isnasu.org.ua/assets/files/monitoring/dodatki2015.pdf,fef293d6e2daba7c50a2434e8cf80a08e31e1e8879ff97c5212e6c8a2b923cb1,25
Monitoring,trust_private_entrepreneurs,1994,d6.21,5,1.9,1,dodatki2015.pdf,https://isnasu.org.ua/assets/files/monitoring/dodatki2015.pdf,fef293d6e2daba7c50a2434e8cf80a08e31e1e8879ff97c5212e6c8a2b923cb1,25
Monitoring,trust_private_entrepreneurs,1996,d6.21,4,10.4,1,dodatki2015.pdf,https://isnasu.org.ua/assets/files/monitoring/dodatki2015.pdf,fef293d6e2daba7c50a2434e8cf80a08e31e1e8879ff97c5212e6c8a2b923cb1,25
Monitoring,trust_private_entrepreneurs,1996,d6.21,5,2.9,1,dodatki2015.pdf,https://isnasu.org.ua/assets/files/monitoring/dodatki2015.pdf,fef293d6e2daba7c50a2434e8cf80a08e31e1e8879ff97c5212e6c8a2b923cb1,25
Monitoring,trust_private_entrepreneurs,1998,d6.21,4,12.1,1,dodatki2015.pdf,https://isnasu.org.ua/assets/files/monitoring/dodatki2015.pdf,fef293d6e2daba7c50a2434e8cf80a08e31e1e8879ff97c5212e6c8a2b923cb1,25
Monitoring,trust_private_entrepreneurs,1998,d6.21,5,1.8,1,dodatki2015.pdf,https://isnasu.org.ua/assets/files/monitoring/dodatki2015.pdf,fef293d6e2daba7c50a2434e8cf80a08e31e1e8879ff97c5212e6c8a2b923cb1,25
Monitoring,trust_private_entrepreneurs,2000,d6.21,4,14.4,1,dodatki2015.pdf,https://isnasu.org.ua/assets/files/monitoring/dodatki2015.pdf,fef293d6e2daba7c50a2434e8cf80a08e31e1e8879ff97c5212e6c8a2b923cb1,25
Monitoring,trust_private_entrepreneurs,2000,d6.21,5,2.2,1,dodatki2015.pdf,https://isnasu.org.ua/assets/files/monitoring/dodatki2015.pdf,fef293d6e2daba7c50a2434e8cf80a08e31e1e8879ff97c5212e6c8a2b923cb1,25
Monitoring,trust_private_entrepreneurs,2006,d6.21,4,16.8,1,dodatki2015.pdf,https://isnasu.org.ua/assets/files/monitoring/dodatki2015.pdf,fef293d6e2daba7c50a2434e8cf80a08e31e1e8879ff97c5212e6c8a2b923cb1,25
Monitoring,trust_private_entrepreneurs,2006,d6.21,5,1.4,1,dodatki2015.pdf,https://isnasu.org.ua/assets/files/monitoring/dodatki2015.pdf,fef293d6e2daba7c50a2434e8cf80a08e31e1e8879ff97c5212e6c8a2b923cb1,25
Monitoring,trust_private_entrepreneurs,2008,d6.21,4,18.1,1,dodatki2015.pdf,https://isnasu.org.ua/assets/files/monitoring/dodatki2015.pdf,fef293d6e2daba7c50a2434e8cf80a08e31e1e8879ff97c5212e6c8a2b923cb1,25
Monitoring,trust_private_entrepreneurs,2008,d6.21,5,1.3,1,dodatki2015.pdf,https://isnasu.org.ua/assets/files/monitoring/dodatki2015.pdf,fef293d6e2daba7c50a2434e8cf80a08e31e1e8879ff97c5212e6c8a2b923cb1,25
Monitoring,trust_private_entrepreneurs,2010,d6.21,4,15.1,1,dodatki2015.pdf,https://isnasu.org.ua/assets/files/monitoring/dodatki2015.pdf,fef293d6e2daba7c50a2434e8cf80a08e31e1e8879ff97c5212e6c8a2b923cb1,25
Monitoring,trust_private_entrepreneurs,2010,d6.21,5,0.8,1,dodatki2015.pdf,https://isnasu.org.ua/assets/files/monitoring/dodatki2015.pdf,fef293d6e2daba7c50a2434e8cf80a08e31e1e8879ff97c5212e6c8a2b923cb1,25
Monitoring,trust_private_entrepreneurs,2012,d6.21,4,13.3,1,dodatki2015.pdf,https://isnasu.org.ua/assets/files/monitoring/dodatki2015.pdf,fef293d6e2daba7c50a2434e8cf80a08e31e1e8879ff97c5212e6c8a2b923cb1,25
Monitoring,trust_private_entrepreneurs,2012,d6.21,5,0.8,1,dodatki2015.pdf,https://isnasu.org.ua/assets/files/monitoring/dodatki2015.pdf,fef293d6e2daba7c50a2434e8cf80a08e31e1e8879ff97c5212e6c8a2b923cb1,25
Monitoring,trust_private_entrepreneurs,2013,d6.21,4,14.1,1,dodatki2015.pdf,https://isnasu.org.ua/assets/files/monitoring/dodatki2015.pdf,fef293d6e2daba7c50a2434e8cf80a08e31e1e8879ff97c5212e6c8a2b923cb1,25
Monitoring,trust_private_entrepreneurs,2013,d6.21,5,1.0,1,dodatki2015.pdf,https://isnasu.org.ua/assets/files/monitoring/dodatki2015.pdf,fef293d6e2daba7c50a2434e8cf80a08e31e1e8879ff97c5212e6c8a2b923cb1,25
Monitoring,trust_private_entrepreneurs,2014,d6.21,4,15.7,1,dodatki2015.pdf,https://isnasu.org.ua/assets/files/monitoring/dodatki2015.pdf,fef293d6e2daba7c50a2434e8cf80a08e31e1e8879ff97c5212e6c8a2b923cb1,25
Monitoring,trust_private_entrepreneurs,2014,d6.21,5,1.1,1,dodatki2015.pdf,https://isnasu.org.ua/assets/files/monitoring/dodatki2015.pdf,fef293d6e2daba7c50a2434e8cf80a08e31e1e8879ff97c5212e6c8a2b923cb1,25
Monitoring,trust_private_entrepreneurs,2015,d6.21,4,20.1,1,dodatki2015.pdf,https://isnasu.org.ua/assets/files/monitoring/dodatki2015.pdf,fef293d6e2daba7c50a2434e8cf80a08e31e1e8879ff97c5212e6c8a2b923cb1,25
Monitoring,trust_private_entrepreneurs,2015,d6.21,5,1.4,1,dodatki2015.pdf,https://isnasu.org.ua/assets/files/monitoring/dodatki2015.pdf,fef293d6e2daba7c50a2434e8cf80a08e31e1e8879ff97c5212e6c8a2b923cb1,25
Monitoring,trust_tax_authority,2004,d6.8,4,8.3,1,monitoring-2021dlya-tipografii.pdf,https://isnasu.org.ua/assets/files/monitoring/monitoring-2021dlya-tipografii.pdf,08b33f2d1c15e43544f277469410eeaec3b4c8c5e6851ad37cebe9cae29d02e9,642
Monitoring,trust_tax_authority,2004,d6.8,5,2.2,1,monitoring-2021dlya-tipografii.pdf,https://isnasu.org.ua/assets/files/monitoring/monitoring-2021dlya-tipografii.pdf,08b33f2d1c15e43544f277469410eeaec3b4c8c5e6851ad37cebe9cae29d02e9,642
Monitoring,trust_tax_authority,2006,d6.8,4,10.6,1,monitoring-2021dlya-tipografii.pdf,https://isnasu.org.ua/assets/files/monitoring/monitoring-2021dlya-tipografii.pdf,08b33f2d1c15e43544f277469410eeaec3b4c8c5e6851ad37cebe9cae29d02e9,642
Monitoring,trust_tax_authority,2006,d6.8,5,1.7,1,monitoring-2021dlya-tipografii.pdf,https://isnasu.org.ua/assets/files/monitoring/monitoring-2021dlya-tipografii.pdf,08b33f2d1c15e43544f277469410eeaec3b4c8c5e6851ad37cebe9cae29d02e9,642
Monitoring,trust_tax_authority,2008,d6.8,4,11.8,1,monitoring-2021dlya-tipografii.pdf,https://isnasu.org.ua/assets/files/monitoring/monitoring-2021dlya-tipografii.pdf,08b33f2d1c15e43544f277469410eeaec3b4c8c5e6851ad37cebe9cae29d02e9,642
Monitoring,trust_tax_authority,2008,d6.8,5,1.3,1,monitoring-2021dlya-tipografii.pdf,https://isnasu.org.ua/assets/files/monitoring/monitoring-2021dlya-tipografii.pdf,08b33f2d1c15e43544f277469410eeaec3b4c8c5e6851ad37cebe9cae29d02e9,642
Monitoring,trust_tax_authority,2010,d6.8,4,8.7,1,monitoring-2021dlya-tipografii.pdf,https://isnasu.org.ua/assets/files/monitoring/monitoring-2021dlya-tipografii.pdf,08b33f2d1c15e43544f277469410eeaec3b4c8c5e6851ad37cebe9cae29d02e9,642
Monitoring,trust_tax_authority,2010,d6.8,5,0.7,1,monitoring-2021dlya-tipografii.pdf,https://isnasu.org.ua/assets/files/monitoring/monitoring-2021dlya-tipografii.pdf,08b33f2d1c15e43544f277469410eeaec3b4c8c5e6851ad37cebe9cae29d02e9,642
Monitoring,trust_tax_authority,2012,d6.8,4,7.2,1,monitoring-2021dlya-tipografii.pdf,https://isnasu.org.ua/assets/files/monitoring/monitoring-2021dlya-tipografii.pdf,08b33f2d1c15e43544f277469410eeaec3b4c8c5e6851ad37cebe9cae29d02e9,642
Monitoring,trust_tax_authority,2012,d6.8,5,0.8,1,monitoring-2021dlya-tipografii.pdf,https://isnasu.org.ua/assets/files/monitoring/monitoring-2021dlya-tipografii.pdf,08b33f2d1c15e43544f277469410eeaec3b4c8c5e6851ad37cebe9cae29d02e9,642
Monitoring,trust_tax_authority,2013,d6.8,4,6.8,1,monitoring-2021dlya-tipografii.pdf,https://isnasu.org.ua/assets/files/monitoring/monitoring-2021dlya-tipografii.pdf,08b33f2d1c15e43544f277469410eeaec3b4c8c5e6851ad37cebe9cae29d02e9,642
Monitoring,trust_tax_authority,2013,d6.8,5,0.9,1,monitoring-2021dlya-tipografii.pdf,https://isnasu.org.ua/assets/files/monitoring/monitoring-2021dlya-tipografii.pdf,08b33f2d1c15e43544f277469410eeaec3b4c8c5e6851ad37cebe9cae29d02e9,642
Monitoring,trust_tax_authority,2014,d6.8,4,4.8,1,monitoring-2021dlya-tipografii.pdf,https://isnasu.org.ua/assets/files/monitoring/monitoring-2021dlya-tipografii.pdf,08b33f2d1c15e43544f277469410eeaec3b4c8c5e6851ad37cebe9cae29d02e9,642
Monitoring,trust_tax_authority,2014,d6.8,5,0.9,1,monitoring-2021dlya-tipografii.pdf,https://isnasu.org.ua/assets/files/monitoring/monitoring-2021dlya-tipografii.pdf,08b33f2d1c15e43544f277469410eeaec3b4c8c5e6851ad37cebe9cae29d02e9,642
Monitoring,trust_tax_authority,2015,d6.8,4,5.6,1,monitoring-2021dlya-tipografii.pdf,https://isnasu.org.ua/assets/files/monitoring/monitoring-2021dlya-tipografii.pdf,08b33f2d1c15e43544f277469410eeaec3b4c8c5e6851ad37cebe9cae29d02e9,642
Monitoring,trust_tax_authority,2015,d6.8,5,0.8,1,monitoring-2021dlya-tipografii.pdf,https://isnasu.org.ua/assets/files/monitoring/monitoring-2021dlya-tipografii.pdf,08b33f2d1c15e43544f277469410eeaec3b4c8c5e6851ad37cebe9cae29d02e9,642
Monitoring,trust_tax_authority,2016,d6.8,4,8.4,1,monitoring-2021dlya-tipografii.pdf,https://isnasu.org.ua/assets/files/monitoring/monitoring-2021dlya-tipografii.pdf,08b33f2d1c15e43544f277469410eeaec3b4c8c5e6851ad37cebe9cae29d02e9,642
Monitoring,trust_tax_authority,2016,d6.8,5,0.7,1,monitoring-2021dlya-tipografii.pdf,https://isnasu.org.ua/assets/files/monitoring/monitoring-2021dlya-tipografii.pdf,08b33f2d1c15e43544f277469410eeaec3b4c8c5e6851ad37cebe9cae29d02e9,642
Monitoring,trust_tax_authority,2018,d6.8,4,7.8,1,monitoring-2021dlya-tipografii.pdf,https://isnasu.org.ua/assets/files/monitoring/monitoring-2021dlya-tipografii.pdf,08b33f2d1c15e43544f277469410eeaec3b4c8c5e6851ad37cebe9cae29d02e9,642
Monitoring,trust_tax_authority,2018,d6.8,5,0.9,1,monitoring-2021dlya-tipografii.pdf,https://isnasu.org.ua/assets/files/monitoring/monitoring-2021dlya-tipografii.pdf,08b33f2d1c15e43544f277469410eeaec3b4c8c5e6851ad37cebe9cae29d02e9,642
Monitoring,trust_tax_authority,2021,d6.8,4,18.4,1,monitoring-2021dlya-tipografii.pdf,https://isnasu.org.ua/assets/files/monitoring/monitoring-2021dlya-tipografii.pdf,08b33f2d1c15e43544f277469410eeaec3b4c8c5e6851ad37cebe9cae29d02e9,642
Monitoring,trust_tax_authority,2021,d6.8,5,2.3,1,monitoring-2021dlya-tipografii.pdf,https://isnasu.org.ua/assets/files/monitoring/monitoring-2021dlya-tipografii.pdf,08b33f2d1c15e43544f277469410eeaec3b4c8c5e6851ad37cebe9cae29d02e9,642
Monitoring,trust_banks,2002,d6.22,4,8.1,1,monitoring-2021dlya-tipografii.pdf,https://isnasu.org.ua/assets/files/monitoring/monitoring-2021dlya-tipografii.pdf,08b33f2d1c15e43544f277469410eeaec3b4c8c5e6851ad37cebe9cae29d02e9,647
Monitoring,trust_banks,2002,d6.22,5,1.3,1,monitoring-2021dlya-tipografii.pdf,https://isnasu.org.ua/assets/files/monitoring/monitoring-2021dlya-tipografii.pdf,08b33f2d1c15e43544f277469410eeaec3b4c8c5e6851ad37cebe9cae29d02e9,647
Monitoring,trust_banks,2004,d6.22,4,13.2,1,monitoring-2021dlya-tipografii.pdf,https://isnasu.org.ua/assets/files/monitoring/monitoring-2021dlya-tipografii.pdf,08b33f2d1c15e43544f277469410eeaec3b4c8c5e6851ad37cebe9cae29d02e9,647
Monitoring,trust_banks,2004,d6.22,5,2.0,1,monitoring-2021dlya-tipografii.pdf,https://isnasu.org.ua/assets/files/monitoring/monitoring-2021dlya-tipografii.pdf,08b33f2d1c15e43544f277469410eeaec3b4c8c5e6851ad37cebe9cae29d02e9,647
Monitoring,trust_banks,2005,d6.22,4,17.7,1,monitoring-2021dlya-tipografii.pdf,https://isnasu.org.ua/assets/files/monitoring/monitoring-2021dlya-tipografii.pdf,08b33f2d1c15e43544f277469410eeaec3b4c8c5e6851ad37cebe9cae29d02e9,647
Monitoring,trust_banks,2005,d6.22,5,1.3,1,monitoring-2021dlya-tipografii.pdf,https://isnasu.org.ua/assets/files/monitoring/monitoring-2021dlya-tipografii.pdf,08b33f2d1c15e43544f277469410eeaec3b4c8c5e6851ad37cebe9cae29d02e9,647
Monitoring,trust_banks,2006,d6.22,4,18.3,1,monitoring-2021dlya-tipografii.pdf,https://isnasu.org.ua/assets/files/monitoring/monitoring-2021dlya-tipografii.pdf,08b33f2d1c15e43544f277469410eeaec3b4c8c5e6851ad37cebe9cae29d02e9,647
Monitoring,trust_banks,2006,d6.22,5,1.6,1,monitoring-2021dlya-tipografii.pdf,https://isnasu.org.ua/assets/files/monitoring/monitoring-2021dlya-tipografii.pdf,08b33f2d1c15e43544f277469410eeaec3b4c8c5e6851ad37cebe9cae29d02e9,647
Monitoring,trust_banks,2008,d6.22,4,19.2,1,monitoring-2021dlya-tipografii.pdf,https://isnasu.org.ua/assets/files/monitoring/monitoring-2021dlya-tipografii.pdf,08b33f2d1c15e43544f277469410eeaec3b4c8c5e6851ad37cebe9cae29d02e9,647
Monitoring,trust_banks,2008,d6.22,5,1.8,1,monitoring-2021dlya-tipografii.pdf,https://isnasu.org.ua/assets/files/monitoring/monitoring-2021dlya-tipografii.pdf,08b33f2d1c15e43544f277469410eeaec3b4c8c5e6851ad37cebe9cae29d02e9,647
Monitoring,trust_banks,2010,d6.22,4,9.2,1,monitoring-2021dlya-tipografii.pdf,https://isnasu.org.ua/assets/files/monitoring/monitoring-2021dlya-tipografii.pdf,08b33f2d1c15e43544f277469410eeaec3b4c8c5e6851ad37cebe9cae29d02e9,647
Monitoring,trust_banks,2010,d6.22,5,0.8,1,monitoring-2021dlya-tipografii.pdf,https://isnasu.org.ua/assets/files/monitoring/monitoring-2021dlya-tipografii.pdf,08b33f2d1c15e43544f277469410eeaec3b4c8c5e6851ad37cebe9cae29d02e9,647
Monitoring,trust_banks,2012,d6.22,4,12.2,1,monitoring-2021dlya-tipografii.pdf,https://isnasu.org.ua/assets/files/monitoring/monitoring-2021dlya-tipografii.pdf,08b33f2d1c15e43544f277469410eeaec3b4c8c5e6851ad37cebe9cae29d02e9,647
Monitoring,trust_banks,2012,d6.22,5,0.7,1,monitoring-2021dlya-tipografii.pdf,https://isnasu.org.ua/assets/files/monitoring/monitoring-2021dlya-tipografii.pdf,08b33f2d1c15e43544f277469410eeaec3b4c8c5e6851ad37cebe9cae29d02e9,647
Monitoring,trust_banks,2013,d6.22,4,11.8,1,monitoring-2021dlya-tipografii.pdf,https://isnasu.org.ua/assets/files/monitoring/monitoring-2021dlya-tipografii.pdf,08b33f2d1c15e43544f277469410eeaec3b4c8c5e6851ad37cebe9cae29d02e9,647
Monitoring,trust_banks,2013,d6.22,5,1.1,1,monitoring-2021dlya-tipografii.pdf,https://isnasu.org.ua/assets/files/monitoring/monitoring-2021dlya-tipografii.pdf,08b33f2d1c15e43544f277469410eeaec3b4c8c5e6851ad37cebe9cae29d02e9,647
Monitoring,trust_banks,2014,d6.22,4,9.4,1,monitoring-2021dlya-tipografii.pdf,https://isnasu.org.ua/assets/files/monitoring/monitoring-2021dlya-tipografii.pdf,08b33f2d1c15e43544f277469410eeaec3b4c8c5e6851ad37cebe9cae29d02e9,647
Monitoring,trust_banks,2014,d6.22,5,0.7,1,monitoring-2021dlya-tipografii.pdf,https://isnasu.org.ua/assets/files/monitoring/monitoring-2021dlya-tipografii.pdf,08b33f2d1c15e43544f277469410eeaec3b4c8c5e6851ad37cebe9cae29d02e9,647
Monitoring,trust_banks,2015,d6.22,4,11.2,1,monitoring-2021dlya-tipografii.pdf,https://isnasu.org.ua/assets/files/monitoring/monitoring-2021dlya-tipografii.pdf,08b33f2d1c15e43544f277469410eeaec3b4c8c5e6851ad37cebe9cae29d02e9,647
Monitoring,trust_banks,2015,d6.22,5,0.6,1,monitoring-2021dlya-tipografii.pdf,https://isnasu.org.ua/assets/files/monitoring/monitoring-2021dlya-tipografii.pdf,08b33f2d1c15e43544f277469410eeaec3b4c8c5e6851ad37cebe9cae29d02e9,647
Monitoring,trust_banks,2016,d6.22,4,8.7,1,monitoring-2021dlya-tipografii.pdf,https://isnasu.org.ua/assets/files/monitoring/monitoring-2021dlya-tipografii.pdf,08b33f2d1c15e43544f277469410eeaec3b4c8c5e6851ad37cebe9cae29d02e9,647
Monitoring,trust_banks,2016,d6.22,5,0.4,1,monitoring-2021dlya-tipografii.pdf,https://isnasu.org.ua/assets/files/monitoring/monitoring-2021dlya-tipografii.pdf,08b33f2d1c15e43544f277469410eeaec3b4c8c5e6851ad37cebe9cae29d02e9,647
Monitoring,trust_banks,2017,d6.22,4,13.1,1,monitoring-2021dlya-tipografii.pdf,https://isnasu.org.ua/assets/files/monitoring/monitoring-2021dlya-tipografii.pdf,08b33f2d1c15e43544f277469410eeaec3b4c8c5e6851ad37cebe9cae29d02e9,647
Monitoring,trust_banks,2017,d6.22,5,1.1,1,monitoring-2021dlya-tipografii.pdf,https://isnasu.org.ua/assets/files/monitoring/monitoring-2021dlya-tipografii.pdf,08b33f2d1c15e43544f277469410eeaec3b4c8c5e6851ad37cebe9cae29d02e9,647
Monitoring,trust_banks,2018,d6.22,4,12.4,1,monitoring-2021dlya-tipografii.pdf,https://isnasu.org.ua/assets/files/monitoring/monitoring-2021dlya-tipografii.pdf,08b33f2d1c15e43544f277469410eeaec3b4c8c5e6851ad37cebe9cae29d02e9,647
Monitoring,trust_banks,2018,d6.22,5,1.0,1,monitoring-2021dlya-tipografii.pdf,https://isnasu.org.ua/assets/files/monitoring/monitoring-2021dlya-tipografii.pdf,08b33f2d1c15e43544f277469410eeaec3b4c8c5e6851ad37cebe9cae29d02e9,647
Monitoring,trust_banks,2019,d6.22,4,18.0,1,monitoring-2021dlya-tipografii.pdf,https://isnasu.org.ua/assets/files/monitoring/monitoring-2021dlya-tipografii.pdf,08b33f2d1c15e43544f277469410eeaec3b4c8c5e6851ad37cebe9cae29d02e9,647
Monitoring,trust_banks,2019,d6.22,5,1.3,1,monitoring-2021dlya-tipografii.pdf,https://isnasu.org.ua/assets/files/monitoring/monitoring-2021dlya-tipografii.pdf,08b33f2d1c15e43544f277469410eeaec3b4c8c5e6851ad37cebe9cae29d02e9,647
Monitoring,trust_banks,2020,d6.22,4,12.9,1,monitoring-2021dlya-tipografii.pdf,https://isnasu.org.ua/assets/files/monitoring/monitoring-2021dlya-tipografii.pdf,08b33f2d1c15e43544f277469410eeaec3b4c8c5e6851ad37cebe9cae29d02e9,647
Monitoring,trust_banks,2020,d6.22,5,0.9,1,monitoring-2021dlya-tipografii.pdf,https://isnasu.org.ua/assets/files/monitoring/monitoring-2021dlya-tipografii.pdf,08b33f2d1c15e43544f277469410eeaec3b4c8c5e6851ad37cebe9cae29d02e9,647
Monitoring,trust_banks,2021,d6.22,4,14.6,1,monitoring-2021dlya-tipografii.pdf,https://isnasu.org.ua/assets/files/monitoring/monitoring-2021dlya-tipografii.pdf,08b33f2d1c15e43544f277469410eeaec3b4c8c5e6851ad37cebe9cae29d02e9,647
Monitoring,trust_banks,2021,d6.22,5,1.2,1,monitoring-2021dlya-tipografii.pdf,https://isnasu.org.ua/assets/files/monitoring/monitoring-2021dlya-tipografii.pdf,08b33f2d1c15e43544f277469410eeaec3b4c8c5e6851ad37cebe9cae29d02e9,647
Monitoring,trust_unions,2002,d6.17,4,13.9,1,monitoring-2021dlya-tipografii.pdf,https://isnasu.org.ua/assets/files/monitoring/monitoring-2021dlya-tipografii.pdf,08b33f2d1c15e43544f277469410eeaec3b4c8c5e6851ad37cebe9cae29d02e9,646
Monitoring,trust_unions,2002,d6.17,5,3.4,1,monitoring-2021dlya-tipografii.pdf,https://isnasu.org.ua/assets/files/monitoring/monitoring-2021dlya-tipografii.pdf,08b33f2d1c15e43544f277469410eeaec3b4c8c5e6851ad37cebe9cae29d02e9,646
Monitoring,trust_unions,2004,d6.17,4,14.3,1,monitoring-2021dlya-tipografii.pdf,https://isnasu.org.ua/assets/files/monitoring/monitoring-2021dlya-tipografii.pdf,08b33f2d1c15e43544f277469410eeaec3b4c8c5e6851ad37cebe9cae29d02e9,646
Monitoring,trust_unions,2004,d6.17,5,2.8,1,monitoring-2021dlya-tipografii.pdf,https://isnasu.org.ua/assets/files/monitoring/monitoring-2021dlya-tipografii.pdf,08b33f2d1c15e43544f277469410eeaec3b4c8c5e6851ad37cebe9cae29d02e9,646
Monitoring,trust_unions,2005,d6.17,4,17.6,1,monitoring-2021dlya-tipografii.pdf,https://isnasu.org.ua/assets/files/monitoring/monitoring-2021dlya-tipografii.pdf,08b33f2d1c15e43544f277469410eeaec3b4c8c5e6851ad37cebe9cae29d02e9,646
Monitoring,trust_unions,2005,d6.17,5,1.8,1,monitoring-2021dlya-tipografii.pdf,https://isnasu.org.ua/assets/files/monitoring/monitoring-2021dlya-tipografii.pdf,08b33f2d1c15e43544f277469410eeaec3b4c8c5e6851ad37cebe9cae29d02e9,646
Monitoring,trust_unions,2006,d6.17,4,13.6,1,monitoring-2021dlya-tipografii.pdf,https://isnasu.org.ua/assets/files/monitoring/monitoring-2021dlya-tipografii.pdf,08b33f2d1c15e43544f277469410eeaec3b4c8c5e6851ad37cebe9cae29d02e9,646
Monitoring,trust_unions,2006,d6.17,5,2.1,1,monitoring-2021dlya-tipografii.pdf,https://isnasu.org.ua/assets/files/monitoring/monitoring-2021dlya-tipografii.pdf,08b33f2d1c15e43544f277469410eeaec3b4c8c5e6851ad37cebe9cae29d02e9,646
Monitoring,trust_unions,2008,d6.17,4,15.4,1,monitoring-2021dlya-tipografii.pdf,https://isnasu.org.ua/assets/files/monitoring/monitoring-2021dlya-tipografii.pdf,08b33f2d1c15e43544f277469410eeaec3b4c8c5e6851ad37cebe9cae29d02e9,646
Monitoring,trust_unions,2008,d6.17,5,1.6,1,monitoring-2021dlya-tipografii.pdf,https://isnasu.org.ua/assets/files/monitoring/monitoring-2021dlya-tipografii.pdf,08b33f2d1c15e43544f277469410eeaec3b4c8c5e6851ad37cebe9cae29d02e9,646
Monitoring,trust_unions,2010,d6.17,4,14.4,1,monitoring-2021dlya-tipografii.pdf,https://isnasu.org.ua/assets/files/monitoring/monitoring-2021dlya-tipografii.pdf,08b33f2d1c15e43544f277469410eeaec3b4c8c5e6851ad37cebe9cae29d02e9,646
Monitoring,trust_unions,2010,d6.17,5,1.4,1,monitoring-2021dlya-tipografii.pdf,https://isnasu.org.ua/assets/files/monitoring/monitoring-2021dlya-tipografii.pdf,08b33f2d1c15e43544f277469410eeaec3b4c8c5e6851ad37cebe9cae29d02e9,646
Monitoring,trust_unions,2012,d6.17,4,12.8,1,monitoring-2021dlya-tipografii.pdf,https://isnasu.org.ua/assets/files/monitoring/monitoring-2021dlya-tipografii.pdf,08b33f2d1c15e43544f277469410eeaec3b4c8c5e6851ad37cebe9cae29d02e9,646
Monitoring,trust_unions,2012,d6.17,5,1.9,1,monitoring-2021dlya-tipografii.pdf,https://isnasu.org.ua/assets/files/monitoring/monitoring-2021dlya-tipografii.pdf,08b33f2d1c15e43544f277469410eeaec3b4c8c5e6851ad37cebe9cae29d02e9,646
Monitoring,trust_unions,2013,d6.17,4,13.2,1,monitoring-2021dlya-tipografii.pdf,https://isnasu.org.ua/assets/files/monitoring/monitoring-2021dlya-tipografii.pdf,08b33f2d1c15e43544f277469410eeaec3b4c8c5e6851ad37cebe9cae29d02e9,646
Monitoring,trust_unions,2013,d6.17,5,1.8,1,monitoring-2021dlya-tipografii.pdf,https://isnasu.org.ua/assets/files/monitoring/monitoring-2021dlya-tipografii.pdf,08b33f2d1c15e43544f277469410eeaec3b4c8c5e6851ad37cebe9cae29d02e9,646
Monitoring,trust_unions,2014,d6.17,4,10.9,1,monitoring-2021dlya-tipografii.pdf,https://isnasu.org.ua/assets/files/monitoring/monitoring-2021dlya-tipografii.pdf,08b33f2d1c15e43544f277469410eeaec3b4c8c5e6851ad37cebe9cae29d02e9,646
Monitoring,trust_unions,2014,d6.17,5,1.2,1,monitoring-2021dlya-tipografii.pdf,https://isnasu.org.ua/assets/files/monitoring/monitoring-2021dlya-tipografii.pdf,08b33f2d1c15e43544f277469410eeaec3b4c8c5e6851ad37cebe9cae29d02e9,646
Monitoring,trust_unions,2015,d6.17,4,15.5,1,monitoring-2021dlya-tipografii.pdf,https://isnasu.org.ua/assets/files/monitoring/monitoring-2021dlya-tipografii.pdf,08b33f2d1c15e43544f277469410eeaec3b4c8c5e6851ad37cebe9cae29d02e9,646
Monitoring,trust_unions,2015,d6.17,5,1.2,1,monitoring-2021dlya-tipografii.pdf,https://isnasu.org.ua/assets/files/monitoring/monitoring-2021dlya-tipografii.pdf,08b33f2d1c15e43544f277469410eeaec3b4c8c5e6851ad37cebe9cae29d02e9,646
Monitoring,trust_unions,2016,d6.17,4,18.2,1,monitoring-2021dlya-tipografii.pdf,https://isnasu.org.ua/assets/files/monitoring/monitoring-2021dlya-tipografii.pdf,08b33f2d1c15e43544f277469410eeaec3b4c8c5e6851ad37cebe9cae29d02e9,646
Monitoring,trust_unions,2016,d6.17,5,1.5,1,monitoring-2021dlya-tipografii.pdf,https://isnasu.org.ua/assets/files/monitoring/monitoring-2021dlya-tipografii.pdf,08b33f2d1c15e43544f277469410eeaec3b4c8c5e6851ad37cebe9cae29d02e9,646
Monitoring,trust_unions,2017,d6.17,4,21.1,1,monitoring-2021dlya-tipografii.pdf,https://isnasu.org.ua/assets/files/monitoring/monitoring-2021dlya-tipografii.pdf,08b33f2d1c15e43544f277469410eeaec3b4c8c5e6851ad37cebe9cae29d02e9,646
Monitoring,trust_unions,2017,d6.17,5,2.2,1,monitoring-2021dlya-tipografii.pdf,https://isnasu.org.ua/assets/files/monitoring/monitoring-2021dlya-tipografii.pdf,08b33f2d1c15e43544f277469410eeaec3b4c8c5e6851ad37cebe9cae29d02e9,646
Monitoring,trust_unions,2018,d6.17,4,15.7,1,monitoring-2021dlya-tipografii.pdf,https://isnasu.org.ua/assets/files/monitoring/monitoring-2021dlya-tipografii.pdf,08b33f2d1c15e43544f277469410eeaec3b4c8c5e6851ad37cebe9cae29d02e9,646
Monitoring,trust_unions,2018,d6.17,5,1.3,1,monitoring-2021dlya-tipografii.pdf,https://isnasu.org.ua/assets/files/monitoring/monitoring-2021dlya-tipografii.pdf,08b33f2d1c15e43544f277469410eeaec3b4c8c5e6851ad37cebe9cae29d02e9,646
Monitoring,trust_unions,2019,d6.17,4,19.7,1,monitoring-2021dlya-tipografii.pdf,https://isnasu.org.ua/assets/files/monitoring/monitoring-2021dlya-tipografii.pdf,08b33f2d1c15e43544f277469410eeaec3b4c8c5e6851ad37cebe9cae29d02e9,646
Monitoring,trust_unions,2019,d6.17,5,3.6,1,monitoring-2021dlya-tipografii.pdf,https://isnasu.org.ua/assets/files/monitoring/monitoring-2021dlya-tipografii.pdf,08b33f2d1c15e43544f277469410eeaec3b4c8c5e6851ad37cebe9cae29d02e9,646
Monitoring,trust_unions,2020,d6.17,4,13.2,1,monitoring-2021dlya-tipografii.pdf,https://isnasu.org.ua/assets/files/monitoring/monitoring-2021dlya-tipografii.pdf,08b33f2d1c15e43544f277469410eeaec3b4c8c5e6851ad37cebe9cae29d02e9,646
Monitoring,trust_unions,2020,d6.17,5,2.5,1,monitoring-2021dlya-tipografii.pdf,https://isnasu.org.ua/assets/files/monitoring/monitoring-2021dlya-tipografii.pdf,08b33f2d1c15e43544f277469410eeaec3b4c8c5e6851ad37cebe9cae29d02e9,646
Monitoring,trust_unions,2021,d6.17,4,14.2,1,monitoring-2021dlya-tipografii.pdf,https://isnasu.org.ua/assets/files/monitoring/monitoring-2021dlya-tipografii.pdf,08b33f2d1c15e43544f277469410eeaec3b4c8c5e6851ad37cebe9cae29d02e9,646
Monitoring,trust_unions,2021,d6.17,5,1.4,1,monitoring-2021dlya-tipografii.pdf,https://isnasu.org.ua/assets/files/monitoring/monitoring-2021dlya-tipografii.pdf,08b33f2d1c15e43544f277469410eeaec3b4c8c5e6851ad37cebe9cae29d02e9,646
Monitoring,rich_poor_conflict,2017,cnf1,1,18.3,1,dodatki2017.pdf,https://isnasu.org.ua/assets/files/monitoring/dodatki2017.pdf,f0133c3241ad3f01681ce872e6b8cf8d9ac5c73d5bfb55e31ab579bab2c1791b,39
Monitoring,rich_poor_conflict,2017,cnf1,2,28.4,1,dodatki2017.pdf,https://isnasu.org.ua/assets/files/monitoring/dodatki2017.pdf,f0133c3241ad3f01681ce872e6b8cf8d9ac5c73d5bfb55e31ab579bab2c1791b,39
Monitoring,manager_worker_conflict,2017,cnf2,1,6.8,1,dodatki2017.pdf,https://isnasu.org.ua/assets/files/monitoring/dodatki2017.pdf,f0133c3241ad3f01681ce872e6b8cf8d9ac5c73d5bfb55e31ab579bab2c1791b,39
Monitoring,manager_worker_conflict,2017,cnf2,2,19.7,1,dodatki2017.pdf,https://isnasu.org.ua/assets/files/monitoring/dodatki2017.pdf,f0133c3241ad3f01681ce872e6b8cf8d9ac5c73d5bfb55e31ab579bab2c1791b,39
Monitoring,owner_worker_conflict,2017,cnf3,1,7.6,1,dodatki2017.pdf,https://isnasu.org.ua/assets/files/monitoring/dodatki2017.pdf,f0133c3241ad3f01681ce872e6b8cf8d9ac5c73d5bfb55e31ab579bab2c1791b,39
Monitoring,owner_worker_conflict,2017,cnf3,2,17.8,1,dodatki2017.pdf,https://isnasu.org.ua/assets/files/monitoring/dodatki2017.pdf,f0133c3241ad3f01681ce872e6b8cf8d9ac5c73d5bfb55e31ab579bab2c1791b,39
Monitoring,crisis_1,2017,kr1,1,33.8,1,dodatki2017.pdf,https://isnasu.org.ua/assets/files/monitoring/dodatki2017.pdf,f0133c3241ad3f01681ce872e6b8cf8d9ac5c73d5bfb55e31ab579bab2c1791b,7
Monitoring,crisis_2,2017,kr1,2,8.2,1,dodatki2017.pdf,https://isnasu.org.ua/assets/files/monitoring/dodatki2017.pdf,f0133c3241ad3f01681ce872e6b8cf8d9ac5c73d5bfb55e31ab579bab2c1791b,7
Monitoring,crisis_3,2017,kr1,3,25.4,1,dodatki2017.pdf,https://isnasu.org.ua/assets/files/monitoring/dodatki2017.pdf,f0133c3241ad3f01681ce872e6b8cf8d9ac5c73d5bfb55e31ab579bab2c1791b,7
Monitoring,crisis_4,2017,kr1,4,31.6,1,dodatki2017.pdf,https://isnasu.org.ua/assets/files/monitoring/dodatki2017.pdf,f0133c3241ad3f01681ce872e6b8cf8d9ac5c73d5bfb55e31ab579bab2c1791b,7
Monitoring,crisis_5,2017,kr1,5,13.9,1,dodatki2017.pdf,https://isnasu.org.ua/assets/files/monitoring/dodatki2017.pdf,f0133c3241ad3f01681ce872e6b8cf8d9ac5c73d5bfb55e31ab579bab2c1791b,7
Monitoring,crisis_6,2017,kr1,6,23.3,1,dodatki2017.pdf,https://isnasu.org.ua/assets/files/monitoring/dodatki2017.pdf,f0133c3241ad3f01681ce872e6b8cf8d9ac5c73d5bfb55e31ab579bab2c1791b,7
Monitoring,crisis_7,2017,kr1,7,7.2,1,dodatki2017.pdf,https://isnasu.org.ua/assets/files/monitoring/dodatki2017.pdf,f0133c3241ad3f01681ce872e6b8cf8d9ac5c73d5bfb55e31ab579bab2c1791b,7
Monitoring,crisis_8,2017,kr1,8,13.8,1,dodatki2017.pdf,https://isnasu.org.ua/assets/files/monitoring/dodatki2017.pdf,f0133c3241ad3f01681ce872e6b8cf8d9ac5c73d5bfb55e31ab579bab2c1791b,7
Monitoring,crisis_9,2017,kr1,9,39.5,1,dodatki2017.pdf,https://isnasu.org.ua/assets/files/monitoring/dodatki2017.pdf,f0133c3241ad3f01681ce872e6b8cf8d9ac5c73d5bfb55e31ab579bab2c1791b,7
Monitoring,crisis_10,2017,kr1,10,42.3,1,dodatki2017.pdf,https://isnasu.org.ua/assets/files/monitoring/dodatki2017.pdf,f0133c3241ad3f01681ce872e6b8cf8d9ac5c73d5bfb55e31ab579bab2c1791b,7
Monitoring,crisis_11,2017,kr1,11,23.6,1,dodatki2017.pdf,https://isnasu.org.ua/assets/files/monitoring/dodatki2017.pdf,f0133c3241ad3f01681ce872e6b8cf8d9ac5c73d5bfb55e31ab579bab2c1791b,7
Monitoring,crisis_12,2017,kr1,12,24.6,1,dodatki2017.pdf,https://isnasu.org.ua/assets/files/monitoring/dodatki2017.pdf,f0133c3241ad3f01681ce872e6b8cf8d9ac5c73d5bfb55e31ab579bab2c1791b,7
Monitoring,crisis_13,2017,kr1,13,3.3,1,dodatki2017.pdf,https://isnasu.org.ua/assets/files/monitoring/dodatki2017.pdf,f0133c3241ad3f01681ce872e6b8cf8d9ac5c73d5bfb55e31ab579bab2c1791b,7
Monitoring,business_duty_1,2019,rs6,1,74.8,1,mon2019.pdf,https://isnasu.org.ua/assets/files/monitoring/mon2019.pdf,06452792bdd9f134894f397770b7c05adb42ac7e1afe1569bb52aee4075f620a,439
Monitoring,business_duty_2,2019,rs6,2,45.7,1,mon2019.pdf,https://isnasu.org.ua/assets/files/monitoring/mon2019.pdf,06452792bdd9f134894f397770b7c05adb42ac7e1afe1569bb52aee4075f620a,439
Monitoring,business_duty_3,2019,rs6,3,20.9,1,mon2019.pdf,https://isnasu.org.ua/assets/files/monitoring/mon2019.pdf,06452792bdd9f134894f397770b7c05adb42ac7e1afe1569bb52aee4075f620a,439
Monitoring,business_duty_4,2019,rs6,4,36.5,1,mon2019.pdf,https://isnasu.org.ua/assets/files/monitoring/mon2019.pdf,06452792bdd9f134894f397770b7c05adb42ac7e1afe1569bb52aee4075f620a,439
Monitoring,business_duty_5,2019,rs6,5,6.8,1,mon2019.pdf,https://isnasu.org.ua/assets/files/monitoring/mon2019.pdf,06452792bdd9f134894f397770b7c05adb42ac7e1afe1569bb52aee4075f620a,439
Monitoring,business_duty_6,2019,rs6,6,18.1,1,mon2019.pdf,https://isnasu.org.ua/assets/files/monitoring/mon2019.pdf,06452792bdd9f134894f397770b7c05adb42ac7e1afe1569bb52aee4075f620a,439
Monitoring,business_duty_7,2019,rs6,7,11.1,1,mon2019.pdf,https://isnasu.org.ua/assets/files/monitoring/mon2019.pdf,06452792bdd9f134894f397770b7c05adb42ac7e1afe1569bb52aee4075f620a,439
Monitoring,business_duty_8,2019,rs6,8,31.0,1,mon2019.pdf,https://isnasu.org.ua/assets/files/monitoring/mon2019.pdf,06452792bdd9f134894f397770b7c05adb42ac7e1afe1569bb52aee4075f620a,439
