survey,item,year,question,positive_definition,estimate,ci_low,ci_high,kind,field,denominator,source_file,source_url,source_sha256,pdf_page,estimate_origin
Pew,free_market_better,2014,Are most people better off in a free-market economy despite inequality?,Completely / mostly agree,61.0,,,Policy,Q13a,all respondents as published,pew_2014_inequality.pdf,https://www.pewresearch.org/wp-content/uploads/sites/2/2014/10/Pew-Research-Center-Inequality-Report-FINAL-October-17-2014.pdf,d8de87347489510fcb5f35245c4f8b7aad85784aeea1acd4a778b652e3f7ce90,36,sum of named published response cells
Pew,free_market_better,2009,Are most people better off in a free-market economy despite inequality?,Completely / mostly agree,46.0,,,Policy,Q13a,all respondents as published,pew_2014_inequality.pdf,https://www.pewresearch.org/wp-content/uploads/sites/2/2014/10/Pew-Research-Center-Inequality-Report-FINAL-October-17-2014.pdf,d8de87347489510fcb5f35245c4f8b7aad85784aeea1acd4a778b652e3f7ce90,36,sum of named published response cells
Pew,free_market_better,2007,Are most people better off in a free-market economy despite inequality?,Completely / mostly agree,66.0,,,Policy,Q13a,all respondents as published,pew_2014_inequality.pdf,https://www.pewresearch.org/wp-content/uploads/sites/2/2014/10/Pew-Research-Center-Inequality-Report-FINAL-October-17-2014.pdf,d8de87347489510fcb5f35245c4f8b7aad85784aeea1acd4a778b652e3f7ce90,36,sum of named published response cells
Pew,free_market_better,2002,Are most people better off in a free-market economy despite inequality?,Completely / mostly agree,64.0,,,Policy,Q13a,all respondents as published,pew_2014_inequality.pdf,https://www.pewresearch.org/wp-content/uploads/sites/2/2014/10/Pew-Research-Center-Inequality-Report-FINAL-October-17-2014.pdf,d8de87347489510fcb5f35245c4f8b7aad85784aeea1acd4a778b652e3f7ce90,36,sum of named published response cells
Pew,success_outside_control,2014,Is success largely determined by forces outside our control?,Completely / mostly agree,55.0,,,Belief,Q13b,all respondents as published,pew_2014_inequality.pdf,https://www.pewresearch.org/wp-content/uploads/sites/2/2014/10/Pew-Research-Center-Inequality-Report-FINAL-October-17-2014.pdf,d8de87347489510fcb5f35245c4f8b7aad85784aeea1acd4a778b652e3f7ce90,39,sum of named published response cells
Pew,success_outside_control,2011,Is success largely determined by forces outside our control?,Completely / mostly agree,54.0,,,Belief,Q13b,all respondents as published,pew_2014_inequality.pdf,https://www.pewresearch.org/wp-content/uploads/sites/2/2014/10/Pew-Research-Center-Inequality-Report-FINAL-October-17-2014.pdf,d8de87347489510fcb5f35245c4f8b7aad85784aeea1acd4a778b652e3f7ce90,39,sum of named published response cells
Pew,success_outside_control,2009,Is success largely determined by forces outside our control?,Completely / mostly agree,49.0,,,Belief,Q13b,all respondents as published,pew_2014_inequality.pdf,https://www.pewresearch.org/wp-content/uploads/sites/2/2014/10/Pew-Research-Center-Inequality-Report-FINAL-October-17-2014.pdf,d8de87347489510fcb5f35245c4f8b7aad85784aeea1acd4a778b652e3f7ce90,39,sum of named published response cells
Pew,success_outside_control,2007,Is success largely determined by forces outside our control?,Completely / mostly agree,57.0,,,Belief,Q13b,all respondents as published,pew_2014_inequality.pdf,https://www.pewresearch.org/wp-content/uploads/sites/2/2014/10/Pew-Research-Center-Inequality-Report-FINAL-October-17-2014.pdf,d8de87347489510fcb5f35245c4f8b7aad85784aeea1acd4a778b652e3f7ce90,39,sum of named published response cells
Pew,success_outside_control,2002,Is success largely determined by forces outside our control?,Completely / mostly agree,62.0,,,Belief,Q13b,all respondents as published,pew_2014_inequality.pdf,https://www.pewresearch.org/wp-content/uploads/sites/2/2014/10/Pew-Research-Center-Inequality-Report-FINAL-October-17-2014.pdf,d8de87347489510fcb5f35245c4f8b7aad85784aeea1acd4a778b652e3f7ce90,39,sum of named published response cells
Pew,success_outside_control,1991,Is success largely determined by forces outside our control?,Completely / mostly agree,65.0,,,Belief,Q13b,all respondents as published,pew_2014_inequality.pdf,https://www.pewresearch.org/wp-content/uploads/sites/2/2014/10/Pew-Research-Center-Inequality-Report-FINAL-October-17-2014.pdf,d8de87347489510fcb5f35245c4f8b7aad85784aeea1acd4a778b652e3f7ce90,39,sum of named published response cells
Pew,low_tax_growth,2014,Would low taxes on the wealthy and corporations reduce inequality by encouraging growth?,Choose low taxes,14.0,,,Policy,Q77b,all respondents as published,pew_2014_inequality.pdf,https://www.pewresearch.org/wp-content/uploads/sites/2/2014/10/Pew-Research-Center-Inequality-Report-FINAL-October-17-2014.pdf,d8de87347489510fcb5f35245c4f8b7aad85784aeea1acd4a778b652e3f7ce90,48,sum of named published response cells
Pew,high_tax_redistribution,2014,Would higher taxes on the wealthy and corporations reduce inequality by funding help for the poor?,Choose high taxes,48.0,,,Policy,Q77b,all respondents as published,pew_2014_inequality.pdf,https://www.pewresearch.org/wp-content/uploads/sites/2/2014/10/Pew-Research-Center-Inequality-Report-FINAL-October-17-2014.pdf,d8de87347489510fcb5f35245c4f8b7aad85784aeea1acd4a778b652e3f7ce90,48,sum of named published response cells
Pew,success_Q66a,2014,Is education important for getting ahead?,6–10 on importance scale (0–10),96.0,,,Belief,Q66a,all respondents as published,pew_2014_inequality.pdf,https://www.pewresearch.org/wp-content/uploads/sites/2/2014/10/Pew-Research-Center-Inequality-Report-FINAL-October-17-2014.pdf,d8de87347489510fcb5f35245c4f8b7aad85784aeea1acd4a778b652e3f7ce90,44,sum of named published response cells
Pew,success_Q66b,2014,Is hard work important for getting ahead?,6–10 on importance scale (0–10),97.0,,,Belief,Q66b,all respondents as published,pew_2014_inequality.pdf,https://www.pewresearch.org/wp-content/uploads/sites/2/2014/10/Pew-Research-Center-Inequality-Report-FINAL-October-17-2014.pdf,d8de87347489510fcb5f35245c4f8b7aad85784aeea1acd4a778b652e3f7ce90,44,sum of named published response cells
Pew,success_Q66c,2014,Is knowing the right people important for getting ahead?,6–10 on importance scale (0–10),86.0,,,Belief,Q66c,all respondents as published,pew_2014_inequality.pdf,https://www.pewresearch.org/wp-content/uploads/sites/2/2014/10/Pew-Research-Center-Inequality-Report-FINAL-October-17-2014.pdf,d8de87347489510fcb5f35245c4f8b7aad85784aeea1acd4a778b652e3f7ce90,45,sum of named published response cells
Pew,success_Q66d,2014,Is giving bribes important for getting ahead?,6–10 on importance scale (0–10),28.0,,,Belief,Q66d,all respondents as published,pew_2014_inequality.pdf,https://www.pewresearch.org/wp-content/uploads/sites/2/2014/10/Pew-Research-Center-Inequality-Report-FINAL-October-17-2014.pdf,d8de87347489510fcb5f35245c4f8b7aad85784aeea1acd4a778b652e3f7ce90,45,sum of named published response cells
Pew,success_Q66f,2014,Is being from a wealthy family important for getting ahead?,6–10 on importance scale (0–10),73.0,,,Belief,Q66f,all respondents as published,pew_2014_inequality.pdf,https://www.pewresearch.org/wp-content/uploads/sites/2/2014/10/Pew-Research-Center-Inequality-Report-FINAL-October-17-2014.pdf,d8de87347489510fcb5f35245c4f8b7aad85784aeea1acd4a778b652e3f7ce90,46,sum of named published response cells
Pew,success_Q66g,2014,Is luck important for getting ahead?,6–10 on importance scale (0–10),89.0,,,Belief,Q66g,all respondents as published,pew_2014_inequality.pdf,https://www.pewresearch.org/wp-content/uploads/sites/2/2014/10/Pew-Research-Center-Inequality-Report-FINAL-October-17-2014.pdf,d8de87347489510fcb5f35245c4f8b7aad85784aeea1acd4a778b652e3f7ce90,47,sum of named published response cells
Pew,trade_good,2014,Are growing trade and business ties good for Ukraine?,Very / somewhat good,84.0,,,Policy,Q27,all respondents as published,pew_2014_trade.pdf,https://www.pewresearch.org/wp-content/uploads/sites/2/2014/09/Pew-Research-Center-Trade-Report-FINAL-September-16-2014.pdf,0b56f578fb0f63816329d02c0c588c4073130dc6a668ddc5779afa49ffd72e02,34,sum of named published response cells
Pew,trade_good,2011,Are growing trade and business ties good for Ukraine?,Very / somewhat good,80.0,,,Policy,Q27,all respondents as published,pew_2014_trade.pdf,https://www.pewresearch.org/wp-content/uploads/sites/2/2014/09/Pew-Research-Center-Trade-Report-FINAL-September-16-2014.pdf,0b56f578fb0f63816329d02c0c588c4073130dc6a668ddc5779afa49ffd72e02,34,sum of named published response cells
Pew,trade_good,2007,Are growing trade and business ties good for Ukraine?,Very / somewhat good,91.0,,,Policy,Q27,all respondents as published,pew_2014_trade.pdf,https://www.pewresearch.org/wp-content/uploads/sites/2/2014/09/Pew-Research-Center-Trade-Report-FINAL-September-16-2014.pdf,0b56f578fb0f63816329d02c0c588c4073130dc6a668ddc5779afa49ffd72e02,34,sum of named published response cells
Pew,trade_good,2002,Are growing trade and business ties good for Ukraine?,Very / somewhat good,93.0,,,Policy,Q27,all respondents as published,pew_2014_trade.pdf,https://www.pewresearch.org/wp-content/uploads/sites/2/2014/09/Pew-Research-Center-Trade-Report-FINAL-September-16-2014.pdf,0b56f578fb0f63816329d02c0c588c4073130dc6a668ddc5779afa49ffd72e02,34,sum of named published response cells
Pew,trade_wages,2014,Does trade increase workers’ wages?,Increase wages,50.0,,,Policy,Q28,all respondents as published,pew_2014_trade.pdf,https://www.pewresearch.org/wp-content/uploads/sites/2/2014/09/Pew-Research-Center-Trade-Report-FINAL-September-16-2014.pdf,0b56f578fb0f63816329d02c0c588c4073130dc6a668ddc5779afa49ffd72e02,37,sum of named published response cells
Pew,trade_jobs,2014,Does trade create jobs?,Create jobs,61.0,,,Policy,Q29,all respondents as published,pew_2014_trade.pdf,https://www.pewresearch.org/wp-content/uploads/sites/2/2014/09/Pew-Research-Center-Trade-Report-FINAL-September-16-2014.pdf,0b56f578fb0f63816329d02c0c588c4073130dc6a668ddc5779afa49ffd72e02,38,sum of named published response cells
Pew,trade_prices,2014,Does trade reduce prices?,Decrease prices,29.0,,,Policy,Q30,all respondents as published,pew_2014_trade.pdf,https://www.pewresearch.org/wp-content/uploads/sites/2/2014/09/Pew-Research-Center-Trade-Report-FINAL-September-16-2014.pdf,0b56f578fb0f63816329d02c0c588c4073130dc6a668ddc5779afa49ffd72e02,39,sum of named published response cells
Pew,foreign_acquisitions,2014,Are foreign purchases of domestic companies good for the country?,Very / somewhat good,38.0,,,Policy,Q31,all respondents as published,pew_2014_trade.pdf,https://www.pewresearch.org/wp-content/uploads/sites/2/2014/09/Pew-Research-Center-Trade-Report-FINAL-September-16-2014.pdf,0b56f578fb0f63816329d02c0c588c4073130dc6a668ddc5779afa49ffd72e02,40,sum of named published response cells
Pew,foreign_factories,2014,Are foreign companies building new factories good for the country?,Very / somewhat good,67.0,,,Policy,Q32,all respondents as published,pew_2014_trade.pdf,https://www.pewresearch.org/wp-content/uploads/sites/2/2014/09/Pew-Research-Center-Trade-Report-FINAL-September-16-2014.pdf,0b56f578fb0f63816329d02c0c588c4073130dc6a668ddc5779afa49ffd72e02,41,sum of named published response cells
Pew,government_care_poor,2015,Should government care for very poor people unable to care for themselves?,Published net agree,92.0,,,Policy,Q16a,all respondents as published,pew_2015_cee_topline.pdf,https://assets.pewresearch.org/wp-content/uploads/sites/11/2017/05/09154356/Central-and-Eastern-Europe-Topline_FINAL-FOR-PUBLICATION.pdf,58c7af5bc824711a27614dfcaf907f8d9184c77a0aa141a49906fff98f39e356,33,published net
Pew,free_market_better,2015,Are most people better off in a free-market economy despite inequality?,Published net agree,47.0,,,Policy,Q16b,all respondents as published,pew_2015_cee_topline.pdf,https://assets.pewresearch.org/wp-content/uploads/sites/11/2017/05/09154356/Central-and-Eastern-Europe-Topline_FINAL-FOR-PUBLICATION.pdf,58c7af5bc824711a27614dfcaf907f8d9184c77a0aa141a49906fff98f39e356,34,published net
Pew,inequality_problem,2015,Is the rich–poor gap a very big problem?,Very big problem,60.0,,,Belief,Q3a,all respondents as published,pew_2015_cee_topline.pdf,https://assets.pewresearch.org/wp-content/uploads/sites/11/2017/05/09154356/Central-and-Eastern-Europe-Topline_FINAL-FOR-PUBLICATION.pdf,58c7af5bc824711a27614dfcaf907f8d9184c77a0aa141a49906fff98f39e356,3,sum of named published response cells
Pew,success_ability,2011,Do people get ahead through ability and ambition rather than at others’ expense?,Ability and ambition,32.0,,,Belief,Q16a,all respondents as published,pew_2011_soviet_topline.pdf,https://www.pewresearch.org/wp-content/uploads/sites/2/2011/12/Pew-Global-Attitudes-Former-Soviet-Union-Report-Topline.pdf,ebdd2b159262fdcc86e8e64c9f678879199dd3266a9b91d5c75eaa7e74eb0c78,4,sum of named published response cells
Pew,success_ability,1992,Do people get ahead through ability and ambition rather than at others’ expense?,Ability and ambition,29.0,,,Belief,Q16a,all respondents as published,pew_2011_soviet_topline.pdf,https://www.pewresearch.org/wp-content/uploads/sites/2/2011/12/Pew-Global-Attitudes-Former-Soviet-Union-Report-Topline.pdf,ebdd2b159262fdcc86e8e64c9f678879199dd3266a9b91d5c75eaa7e74eb0c78,4,sum of named published response cells
Pew,success_ability,1991,Do people get ahead through ability and ambition rather than at others’ expense?,Ability and ambition,37.0,,,Belief,Q16a,all respondents as published,pew_2011_soviet_topline.pdf,https://www.pewresearch.org/wp-content/uploads/sites/2/2011/12/Pew-Global-Attitudes-Former-Soviet-Union-Report-Topline.pdf,ebdd2b159262fdcc86e8e64c9f678879199dd3266a9b91d5c75eaa7e74eb0c78,4,sum of named published response cells
Pew,failure_individual,2011,Do people fail because of individual rather than societal failures?,Individual failures,40.0,,,Belief,Q16b,all respondents as published,pew_2011_soviet_topline.pdf,https://www.pewresearch.org/wp-content/uploads/sites/2/2011/12/Pew-Global-Attitudes-Former-Soviet-Union-Report-Topline.pdf,ebdd2b159262fdcc86e8e64c9f678879199dd3266a9b91d5c75eaa7e74eb0c78,4,sum of named published response cells
Pew,failure_individual,1991,Do people fail because of individual rather than societal failures?,Individual failures,36.0,,,Belief,Q16b,all respondents as published,pew_2011_soviet_topline.pdf,https://www.pewresearch.org/wp-content/uploads/sites/2/2011/12/Pew-Global-Attitudes-Former-Soviet-Union-Report-Topline.pdf,ebdd2b159262fdcc86e8e64c9f678879199dd3266a9b91d5c75eaa7e74eb0c78,4,sum of named published response cells
Pew,freedom_vs_welfare,2011,Is freedom from state interference more important than guaranteeing nobody is in need?,Freedom from interference,21.0,,,Policy,Q61,all respondents as published,pew_2011_soviet_topline.pdf,https://www.pewresearch.org/wp-content/uploads/sites/2/2011/12/Pew-Global-Attitudes-Former-Soviet-Union-Report-Topline.pdf,ebdd2b159262fdcc86e8e64c9f678879199dd3266a9b91d5c75eaa7e74eb0c78,11,sum of named published response cells
Pew,freedom_vs_welfare,2009,Is freedom from state interference more important than guaranteeing nobody is in need?,Freedom from interference,30.0,,,Policy,Q61,all respondents as published,pew_2011_soviet_topline.pdf,https://www.pewresearch.org/wp-content/uploads/sites/2/2011/12/Pew-Global-Attitudes-Former-Soviet-Union-Report-Topline.pdf,ebdd2b159262fdcc86e8e64c9f678879199dd3266a9b91d5c75eaa7e74eb0c78,11,sum of named published response cells
Pew,freedom_vs_welfare,2002,Is freedom from state interference more important than guaranteeing nobody is in need?,Freedom from interference,24.0,,,Policy,Q61,all respondents as published,pew_2011_soviet_topline.pdf,https://www.pewresearch.org/wp-content/uploads/sites/2/2011/12/Pew-Global-Attitudes-Former-Soviet-Union-Report-Topline.pdf,ebdd2b159262fdcc86e8e64c9f678879199dd3266a9b91d5c75eaa7e74eb0c78,11,sum of named published response cells
Pew,freedom_vs_welfare,1991,Is freedom from state interference more important than guaranteeing nobody is in need?,Freedom from interference,54.0,,,Policy,Q61,all respondents as published,pew_2011_soviet_topline.pdf,https://www.pewresearch.org/wp-content/uploads/sites/2/2011/12/Pew-Global-Attitudes-Former-Soviet-Union-Report-Topline.pdf,ebdd2b159262fdcc86e8e64c9f678879199dd3266a9b91d5c75eaa7e74eb0c78,11,sum of named published response cells
Pew,welfare_vs_freedom,2011,Is guaranteeing nobody is in need more important than freedom from state interference?,Nobody in need,75.0,,,Policy,Q61,all respondents as published,pew_2011_soviet_topline.pdf,https://www.pewresearch.org/wp-content/uploads/sites/2/2011/12/Pew-Global-Attitudes-Former-Soviet-Union-Report-Topline.pdf,ebdd2b159262fdcc86e8e64c9f678879199dd3266a9b91d5c75eaa7e74eb0c78,11,sum of named published response cells
Pew,welfare_vs_freedom,2009,Is guaranteeing nobody is in need more important than freedom from state interference?,Nobody in need,52.0,,,Policy,Q61,all respondents as published,pew_2011_soviet_topline.pdf,https://www.pewresearch.org/wp-content/uploads/sites/2/2011/12/Pew-Global-Attitudes-Former-Soviet-Union-Report-Topline.pdf,ebdd2b159262fdcc86e8e64c9f678879199dd3266a9b91d5c75eaa7e74eb0c78,11,sum of named published response cells
Pew,welfare_vs_freedom,2002,Is guaranteeing nobody is in need more important than freedom from state interference?,Nobody in need,76.0,,,Policy,Q61,all respondents as published,pew_2011_soviet_topline.pdf,https://www.pewresearch.org/wp-content/uploads/sites/2/2011/12/Pew-Global-Attitudes-Former-Soviet-Union-Report-Topline.pdf,ebdd2b159262fdcc86e8e64c9f678879199dd3266a9b91d5c75eaa7e74eb0c78,11,sum of named published response cells
Pew,welfare_vs_freedom,1991,Is guaranteeing nobody is in need more important than freedom from state interference?,Nobody in need,37.0,,,Policy,Q61,all respondents as published,pew_2011_soviet_topline.pdf,https://www.pewresearch.org/wp-content/uploads/sites/2/2011/12/Pew-Global-Attitudes-Former-Soviet-Union-Report-Topline.pdf,ebdd2b159262fdcc86e8e64c9f678879199dd3266a9b91d5c75eaa7e74eb0c78,11,sum of named published response cells
Pew,rich_richer,2009,Are the rich getting richer while the poor get poorer?,Completely / mostly agree,84.0,,,Belief,Q40j,all respondents as published,pew_2009_europe_topline.pdf,https://www.pewresearch.org/global/wp-content/uploads/sites/2/2009/11/Pew-Research-Center_TOPLINE-Two-Decades-After-the-Walls-Fall-End-of-Communism-Cheered-But-Now-With-More-Reservations_2009.pdf,53c9aca1ff4da278008aebf448e2ece7a97cb9a54d676bf58979ebbf5be160c8,44,sum of named published response cells
Pew,rich_richer,1991,Are the rich getting richer while the poor get poorer?,Completely / mostly agree,93.0,,,Belief,Q40j,all respondents as published,pew_2009_europe_topline.pdf,https://www.pewresearch.org/global/wp-content/uploads/sites/2/2009/11/Pew-Research-Center_TOPLINE-Two-Decades-After-the-Walls-Fall-End-of-Communism-Cheered-But-Now-With-More-Reservations_2009.pdf,53c9aca1ff4da278008aebf448e2ece7a97cb9a54d676bf58979ebbf5be160c8,44,sum of named published response cells
Pew,better_than_communism,2019,Is the economic situation better than under communism?,Better,25.0,,,Transition assessment,Q17,all respondents as published,pew_2019_europe_topline.pdf,https://www.pewresearch.org/global/wp-content/uploads/sites/2/2019/10/Pew-Research-Center-Value-of-Europe-Topline-for-Release-FINAL.pdf,63d849917258b912ed7543e05cec3770f400de2d3726f5d0506c4e9f41141b98,37,sum of named published response cells
Pew,better_than_communism,2009,Is the economic situation better than under communism?,Better,12.0,,,Transition assessment,Q17,all respondents as published,pew_2019_europe_topline.pdf,https://www.pewresearch.org/global/wp-content/uploads/sites/2/2019/10/Pew-Research-Center-Value-of-Europe-Topline-for-Release-FINAL.pdf,63d849917258b912ed7543e05cec3770f400de2d3726f5d0506c4e9f41141b98,37,sum of named published response cells
Pew,transition_ordinary,2019,Have ordinary people benefited from the post-1991 changes?,A great deal / a fair amount,21.0,,,Transition assessment,Q20a,all respondents as published,pew_2019_europe_topline.pdf,https://www.pewresearch.org/global/wp-content/uploads/sites/2/2019/10/Pew-Research-Center-Value-of-Europe-Topline-for-Release-FINAL.pdf,63d849917258b912ed7543e05cec3770f400de2d3726f5d0506c4e9f41141b98,38,sum of named published response cells
Pew,transition_ordinary,2011,Have ordinary people benefited from the post-1991 changes?,A great deal / a fair amount,11.0,,,Transition assessment,Q20a,all respondents as published,pew_2019_europe_topline.pdf,https://www.pewresearch.org/global/wp-content/uploads/sites/2/2019/10/Pew-Research-Center-Value-of-Europe-Topline-for-Release-FINAL.pdf,63d849917258b912ed7543e05cec3770f400de2d3726f5d0506c4e9f41141b98,38,sum of named published response cells
Pew,transition_ordinary,2009,Have ordinary people benefited from the post-1991 changes?,A great deal / a fair amount,10.0,,,Transition assessment,Q20a,all respondents as published,pew_2019_europe_topline.pdf,https://www.pewresearch.org/global/wp-content/uploads/sites/2/2019/10/Pew-Research-Center-Value-of-Europe-Topline-for-Release-FINAL.pdf,63d849917258b912ed7543e05cec3770f400de2d3726f5d0506c4e9f41141b98,38,sum of named published response cells
Pew,transition_business,2019,Have business people benefited from the post-1991 changes?,A great deal / a fair amount,89.0,,,Transition assessment,Q20b,all respondents as published,pew_2019_europe_topline.pdf,https://www.pewresearch.org/global/wp-content/uploads/sites/2/2019/10/Pew-Research-Center-Value-of-Europe-Topline-for-Release-FINAL.pdf,63d849917258b912ed7543e05cec3770f400de2d3726f5d0506c4e9f41141b98,38,sum of named published response cells
Pew,transition_business,2011,Have business people benefited from the post-1991 changes?,A great deal / a fair amount,76.0,,,Transition assessment,Q20b,all respondents as published,pew_2019_europe_topline.pdf,https://www.pewresearch.org/global/wp-content/uploads/sites/2/2019/10/Pew-Research-Center-Value-of-Europe-Topline-for-Release-FINAL.pdf,63d849917258b912ed7543e05cec3770f400de2d3726f5d0506c4e9f41141b98,38,sum of named published response cells
Pew,transition_business,2009,Have business people benefited from the post-1991 changes?,A great deal / a fair amount,82.0,,,Transition assessment,Q20b,all respondents as published,pew_2019_europe_topline.pdf,https://www.pewresearch.org/global/wp-content/uploads/sites/2/2019/10/Pew-Research-Center-Value-of-Europe-Topline-for-Release-FINAL.pdf,63d849917258b912ed7543e05cec3770f400de2d3726f5d0506c4e9f41141b98,38,sum of named published response cells
Pew,transition_politicians,2019,Have politicians benefited from the post-1991 changes?,A great deal / a fair amount,88.0,,,Transition assessment,Q20c,all respondents as published,pew_2019_europe_topline.pdf,https://www.pewresearch.org/global/wp-content/uploads/sites/2/2019/10/Pew-Research-Center-Value-of-Europe-Topline-for-Release-FINAL.pdf,63d849917258b912ed7543e05cec3770f400de2d3726f5d0506c4e9f41141b98,39,sum of named published response cells
Pew,transition_politicians,2011,Have politicians benefited from the post-1991 changes?,A great deal / a fair amount,95.0,,,Transition assessment,Q20c,all respondents as published,pew_2019_europe_topline.pdf,https://www.pewresearch.org/global/wp-content/uploads/sites/2/2019/10/Pew-Research-Center-Value-of-Europe-Topline-for-Release-FINAL.pdf,63d849917258b912ed7543e05cec3770f400de2d3726f5d0506c4e9f41141b98,39,sum of named published response cells
Pew,transition_politicians,2009,Have politicians benefited from the post-1991 changes?,A great deal / a fair amount,92.0,,,Transition assessment,Q20c,all respondents as published,pew_2019_europe_topline.pdf,https://www.pewresearch.org/global/wp-content/uploads/sites/2/2019/10/Pew-Research-Center-Value-of-Europe-Topline-for-Release-FINAL.pdf,63d849917258b912ed7543e05cec3770f400de2d3726f5d0506c4e9f41141b98,39,sum of named published response cells
Monitoring,start_business,2004,Would you like to start your own business?,Yes / rather yes,41.3,,,Business orientation,a9,all respondents as published,mon2020.pdf,https://isnasu.org.ua/assets/files/monitoring/mon2020.pdf,ea193794ff60a7abbde98ba7194bfb89820dd2b70714d50dca8f4c16b6c2e449,446,sum of named published response cells
Monitoring,start_business,2005,Would you like to start your own business?,Yes / rather yes,43.8,,,Business orientation,a9,all respondents as published,mon2020.pdf,https://isnasu.org.ua/assets/files/monitoring/mon2020.pdf,ea193794ff60a7abbde98ba7194bfb89820dd2b70714d50dca8f4c16b6c2e449,446,sum of named published response cells
Monitoring,start_business,2006,Would you like to start your own business?,Yes / rather yes,45.599999999999994,,,Business orientation,a9,all respondents as published,mon2020.pdf,https://isnasu.org.ua/assets/files/monitoring/mon2020.pdf,ea193794ff60a7abbde98ba7194bfb89820dd2b70714d50dca8f4c16b6c2e449,446,sum of named published response cells
Monitoring,start_business,2008,Would you like to start your own business?,Yes / rather yes,45.8,,,Business orientation,a9,all respondents as published,mon2020.pdf,https://isnasu.org.ua/assets/files/monitoring/mon2020.pdf,ea193794ff60a7abbde98ba7194bfb89820dd2b70714d50dca8f4c16b6c2e449,446,sum of named published response cells
Monitoring,start_business,2010,Would you like to start your own business?,Yes / rather yes,49.3,,,Business orientation,a9,all respondents as published,mon2020.pdf,https://isnasu.org.ua/assets/files/monitoring/mon2020.pdf,ea193794ff60a7abbde98ba7194bfb89820dd2b70714d50dca8f4c16b6c2e449,446,sum of named published response cells
Monitoring,start_business,2012,Would you like to start your own business?,Yes / rather yes,45.400000000000006,,,Business orientation,a9,all respondents as published,mon2020.pdf,https://isnasu.org.ua/assets/files/monitoring/mon2020.pdf,ea193794ff60a7abbde98ba7194bfb89820dd2b70714d50dca8f4c16b6c2e449,446,sum of named published response cells
Monitoring,start_business,2014,Would you like to start your own business?,Yes / rather yes,50.6,,,Business orientation,a9,all respondents as published,mon2020.pdf,https://isnasu.org.ua/assets/files/monitoring/mon2020.pdf,ea193794ff60a7abbde98ba7194bfb89820dd2b70714d50dca8f4c16b6c2e449,446,sum of named published response cells
Monitoring,start_business,2016,Would you like to start your own business?,Yes / rather yes,42.4,,,Business orientation,a9,all respondents as published,mon2020.pdf,https://isnasu.org.ua/assets/files/monitoring/mon2020.pdf,ea193794ff60a7abbde98ba7194bfb89820dd2b70714d50dca8f4c16b6c2e449,446,sum of named published response cells
Monitoring,start_business,2020,Would you like to start your own business?,Yes / rather yes,37.1,,,Business orientation,a9,all respondents as published,mon2020.pdf,https://isnasu.org.ua/assets/files/monitoring/mon2020.pdf,ea193794ff60a7abbde98ba7194bfb89820dd2b70714d50dca8f4c16b6c2e449,446,sum of named published response cells
Monitoring,market_relations_natural,2003,Have you adapted to the new life and found market relations a natural way of living?,Select this description of adaptation,8.3,,,Business orientation,r5,all respondents as published,monitoring-2021dlya-tipografii.pdf,https://isnasu.org.ua/assets/files/monitoring/monitoring-2021dlya-tipografii.pdf,08b33f2d1c15e43544f277469410eeaec3b4c8c5e6851ad37cebe9cae29d02e9,700,sum of named published response cells
Monitoring,market_relations_natural,2007,Have you adapted to the new life and found market relations a natural way of living?,Select this description of adaptation,16.0,,,Business orientation,r5,all respondents as published,monitoring-2021dlya-tipografii.pdf,https://isnasu.org.ua/assets/files/monitoring/monitoring-2021dlya-tipografii.pdf,08b33f2d1c15e43544f277469410eeaec3b4c8c5e6851ad37cebe9cae29d02e9,700,sum of named published response cells
Monitoring,market_relations_natural,2009,Have you adapted to the new life and found market relations a natural way of living?,Select this description of adaptation,18.0,,,Business orientation,r5,all respondents as published,monitoring-2021dlya-tipografii.pdf,https://isnasu.org.ua/assets/files/monitoring/monitoring-2021dlya-tipografii.pdf,08b33f2d1c15e43544f277469410eeaec3b4c8c5e6851ad37cebe9cae29d02e9,700,sum of named published response cells
Monitoring,market_relations_natural,2012,Have you adapted to the new life and found market relations a natural way of living?,Select this description of adaptation,15.4,,,Business orientation,r5,all respondents as published,monitoring-2021dlya-tipografii.pdf,https://isnasu.org.ua/assets/files/monitoring/monitoring-2021dlya-tipografii.pdf,08b33f2d1c15e43544f277469410eeaec3b4c8c5e6851ad37cebe9cae29d02e9,700,sum of named published response cells
Monitoring,market_relations_natural,2013,Have you adapted to the new life and found market relations a natural way of living?,Select this description of adaptation,16.5,,,Business orientation,r5,all respondents as published,monitoring-2021dlya-tipografii.pdf,https://isnasu.org.ua/assets/files/monitoring/monitoring-2021dlya-tipografii.pdf,08b33f2d1c15e43544f277469410eeaec3b4c8c5e6851ad37cebe9cae29d02e9,700,sum of named published response cells
Monitoring,market_relations_natural,2014,Have you adapted to the new life and found market relations a natural way of living?,Select this description of adaptation,15.8,,,Business orientation,r5,all respondents as published,monitoring-2021dlya-tipografii.pdf,https://isnasu.org.ua/assets/files/monitoring/monitoring-2021dlya-tipografii.pdf,08b33f2d1c15e43544f277469410eeaec3b4c8c5e6851ad37cebe9cae29d02e9,700,sum of named published response cells
Monitoring,market_relations_natural,2015,Have you adapted to the new life and found market relations a natural way of living?,Select this description of adaptation,18.0,,,Business orientation,r5,all respondents as published,monitoring-2021dlya-tipografii.pdf,https://isnasu.org.ua/assets/files/monitoring/monitoring-2021dlya-tipografii.pdf,08b33f2d1c15e43544f277469410eeaec3b4c8c5e6851ad37cebe9cae29d02e9,700,sum of named published response cells
Monitoring,market_relations_natural,2019,Have you adapted to the new life and found market relations a natural way of living?,Select this description of adaptation,25.4,,,Business orientation,r5,all respondents as published,monitoring-2021dlya-tipografii.pdf,https://isnasu.org.ua/assets/files/monitoring/monitoring-2021dlya-tipografii.pdf,08b33f2d1c15e43544f277469410eeaec3b4c8c5e6851ad37cebe9cae29d02e9,700,sum of named published response cells
Monitoring,market_relations_natural,2021,Have you adapted to the new life and found market relations a natural way of living?,Select this description of adaptation,23.3,,,Business orientation,r5,all respondents as published,monitoring-2021dlya-tipografii.pdf,https://isnasu.org.ua/assets/files/monitoring/monitoring-2021dlya-tipografii.pdf,08b33f2d1c15e43544f277469410eeaec3b4c8c5e6851ad37cebe9cae29d02e9,700,sum of named published response cells
Monitoring,accept_market_values,2013,"Do you accept the post-independence values of private property, enrichment, individualism and personal success?",Definitely / rather yes,26.0,,,Business orientation,dn7,all respondents as published,mon2019.pdf,https://isnasu.org.ua/assets/files/monitoring/mon2019.pdf,06452792bdd9f134894f397770b7c05adb42ac7e1afe1569bb52aee4075f620a,431,sum of named published response cells
Monitoring,accept_market_values,2015,"Do you accept the post-independence values of private property, enrichment, individualism and personal success?",Definitely / rather yes,31.6,,,Business orientation,dn7,all respondents as published,mon2019.pdf,https://isnasu.org.ua/assets/files/monitoring/mon2019.pdf,06452792bdd9f134894f397770b7c05adb42ac7e1afe1569bb52aee4075f620a,431,sum of named published response cells
Monitoring,accept_market_values,2019,"Do you accept the post-independence values of private property, enrichment, individualism and personal success?",Definitely / rather yes,44.2,,,Business orientation,dn7,all respondents as published,mon2019.pdf,https://isnasu.org.ua/assets/files/monitoring/mon2019.pdf,06452792bdd9f134894f397770b7c05adb42ac7e1afe1569bb52aee4075f620a,431,sum of named published response cells
Monitoring,ownership_private,2015,Should Ukraine’s economy be based on mainly or exclusively private ownership?,Choose named ownership structure,11.3,,,Policy,mm2,all respondents as published,us-2015.pdf,https://i-soc.com.ua/assets/files/monitoring/us-2015.pdf,a32d8f1100b3f73f25cdd75abb16316406bcdee7e1f959e20075c3a259c32ee7,10,sum of named published response cells
Monitoring,ownership_mixed,2015,Should Ukraine’s economy be based on a mix of state and private ownership?,Choose named ownership structure,45.8,,,Policy,mm2,all respondents as published,us-2015.pdf,https://i-soc.com.ua/assets/files/monitoring/us-2015.pdf,a32d8f1100b3f73f25cdd75abb16316406bcdee7e1f959e20075c3a259c32ee7,10,sum of named published response cells
Monitoring,ownership_state,2015,Should Ukraine’s economy be based on mainly or exclusively state ownership?,Choose named ownership structure,26.299999999999997,,,Policy,mm2,all respondents as published,us-2015.pdf,https://i-soc.com.ua/assets/files/monitoring/us-2015.pdf,a32d8f1100b3f73f25cdd75abb16316406bcdee7e1f959e20075c3a259c32ee7,10,sum of named published response cells
Monitoring,respect_owners_1,2019,What feeling do small-business owners evoke?,Respect,32.7,,,Business orientation,em1,all respondents as published,mon2019.pdf,https://isnasu.org.ua/assets/files/monitoring/mon2019.pdf,06452792bdd9f134894f397770b7c05adb42ac7e1afe1569bb52aee4075f620a,416,sum of named published response cells
Monitoring,respect_owners_2,2019,What feeling do large-business owners evoke?,Respect,27.1,,,Business orientation,em2,all respondents as published,mon2019.pdf,https://isnasu.org.ua/assets/files/monitoring/mon2019.pdf,06452792bdd9f134894f397770b7c05adb42ac7e1afe1569bb52aee4075f620a,416,sum of named published response cells
Monitoring,respect_owners_3,2019,What feeling do landowners farming themselves evoke?,Respect,53.9,,,Business orientation,em3,all respondents as published,mon2019.pdf,https://isnasu.org.ua/assets/files/monitoring/mon2019.pdf,06452792bdd9f134894f397770b7c05adb42ac7e1afe1569bb52aee4075f620a,416,sum of named published response cells
Monitoring,respect_owners_4,2019,What feeling do landowners hiring workers evoke?,Respect,35.2,,,Business orientation,em4,all respondents as published,mon2019.pdf,https://isnasu.org.ua/assets/files/monitoring/mon2019.pdf,06452792bdd9f134894f397770b7c05adb42ac7e1afe1569bb52aee4075f620a,416,sum of named published response cells
Monitoring,benefits_never,2019,Is claiming state support to which one is not entitled never justified?,Never justified,61.8,,,Economic norm,dc1,all respondents as published,mon2019.pdf,https://isnasu.org.ua/assets/files/monitoring/mon2019.pdf,06452792bdd9f134894f397770b7c05adb42ac7e1afe1569bb52aee4075f620a,446,sum of named published response cells
Monitoring,tax_never,2019,Is not paying taxes when possible never justified?,Never justified,60.1,,,Economic norm,dc3,all respondents as published,mon2019.pdf,https://isnasu.org.ua/assets/files/monitoring/mon2019.pdf,06452792bdd9f134894f397770b7c05adb42ac7e1afe1569bb52aee4075f620a,446,sum of named published response cells
Monitoring,enterprise_initiative,2002,Is the opportunity for entrepreneurial initiative important?,Rather / very important,49.3,,,Business orientation,r3.9,all respondents as published,mon2020.pdf,https://isnasu.org.ua/assets/files/monitoring/mon2020.pdf,ea193794ff60a7abbde98ba7194bfb89820dd2b70714d50dca8f4c16b6c2e449,534,sum of named published response cells
Monitoring,enterprise_initiative,2003,Is the opportunity for entrepreneurial initiative important?,Rather / very important,51.8,,,Business orientation,r3.9,all respondents as published,mon2020.pdf,https://isnasu.org.ua/assets/files/monitoring/mon2020.pdf,ea193794ff60a7abbde98ba7194bfb89820dd2b70714d50dca8f4c16b6c2e449,534,sum of named published response cells
Monitoring,enterprise_initiative,2006,Is the opportunity for entrepreneurial initiative important?,Rather / very important,46.3,,,Business orientation,r3.9,all respondents as published,mon2020.pdf,https://isnasu.org.ua/assets/files/monitoring/mon2020.pdf,ea193794ff60a7abbde98ba7194bfb89820dd2b70714d50dca8f4c16b6c2e449,534,sum of named published response cells
Monitoring,enterprise_initiative,2009,Is the opportunity for entrepreneurial initiative important?,Rather / very important,46.0,,,Business orientation,r3.9,all respondents as published,mon2020.pdf,https://isnasu.org.ua/assets/files/monitoring/mon2020.pdf,ea193794ff60a7abbde98ba7194bfb89820dd2b70714d50dca8f4c16b6c2e449,534,sum of named published response cells
Monitoring,enterprise_initiative,2012,Is the opportunity for entrepreneurial initiative important?,Rather / very important,49.0,,,Business orientation,r3.9,all respondents as published,mon2020.pdf,https://isnasu.org.ua/assets/files/monitoring/mon2020.pdf,ea193794ff60a7abbde98ba7194bfb89820dd2b70714d50dca8f4c16b6c2e449,534,sum of named published response cells
Monitoring,enterprise_initiative,2014,Is the opportunity for entrepreneurial initiative important?,Rather / very important,57.6,,,Business orientation,r3.9,all respondents as published,mon2020.pdf,https://isnasu.org.ua/assets/files/monitoring/mon2020.pdf,ea193794ff60a7abbde98ba7194bfb89820dd2b70714d50dca8f4c16b6c2e449,534,sum of named published response cells
Monitoring,enterprise_initiative,2016,Is the opportunity for entrepreneurial initiative important?,Rather / very important,63.1,,,Business orientation,r3.9,all respondents as published,mon2020.pdf,https://isnasu.org.ua/assets/files/monitoring/mon2020.pdf,ea193794ff60a7abbde98ba7194bfb89820dd2b70714d50dca8f4c16b6c2e449,534,sum of named published response cells
Monitoring,enterprise_initiative,2018,Is the opportunity for entrepreneurial initiative important?,Rather / very important,63.8,,,Business orientation,r3.9,all respondents as published,mon2020.pdf,https://isnasu.org.ua/assets/files/monitoring/mon2020.pdf,ea193794ff60a7abbde98ba7194bfb89820dd2b70714d50dca8f4c16b6c2e449,534,sum of named published response cells
Monitoring,enterprise_initiative,2020,Is the opportunity for entrepreneurial initiative important?,Rather / very important,53.099999999999994,,,Business orientation,r3.9,all respondents as published,mon2020.pdf,https://isnasu.org.ua/assets/files/monitoring/mon2020.pdf,ea193794ff60a7abbde98ba7194bfb89820dd2b70714d50dca8f4c16b6c2e449,534,sum of named published response cells
Monitoring,trust_state_managers,1994,Do you trust managers of state enterprises?,Mostly / completely trust,13.9,,,Institutional trust,d6.20,all respondents as published,mon2020.pdf,https://isnasu.org.ua/assets/files/monitoring/mon2020.pdf,ea193794ff60a7abbde98ba7194bfb89820dd2b70714d50dca8f4c16b6c2e449,475,sum of named published response cells
Monitoring,trust_state_managers,1996,Do you trust managers of state enterprises?,Mostly / completely trust,12.2,,,Institutional trust,d6.20,all respondents as published,mon2020.pdf,https://isnasu.org.ua/assets/files/monitoring/mon2020.pdf,ea193794ff60a7abbde98ba7194bfb89820dd2b70714d50dca8f4c16b6c2e449,475,sum of named published response cells
Monitoring,trust_state_managers,1998,Do you trust managers of state enterprises?,Mostly / completely trust,9.4,,,Institutional trust,d6.20,all respondents as published,mon2020.pdf,https://isnasu.org.ua/assets/files/monitoring/mon2020.pdf,ea193794ff60a7abbde98ba7194bfb89820dd2b70714d50dca8f4c16b6c2e449,475,sum of named published response cells
Monitoring,trust_state_managers,2000,Do you trust managers of state enterprises?,Mostly / completely trust,12.4,,,Institutional trust,d6.20,all respondents as published,mon2020.pdf,https://isnasu.org.ua/assets/files/monitoring/mon2020.pdf,ea193794ff60a7abbde98ba7194bfb89820dd2b70714d50dca8f4c16b6c2e449,475,sum of named published response cells
Monitoring,trust_state_managers,2006,Do you trust managers of state enterprises?,Mostly / completely trust,18.299999999999997,,,Institutional trust,d6.20,all respondents as published,mon2020.pdf,https://isnasu.org.ua/assets/files/monitoring/mon2020.pdf,ea193794ff60a7abbde98ba7194bfb89820dd2b70714d50dca8f4c16b6c2e449,475,sum of named published response cells
Monitoring,trust_state_managers,2008,Do you trust managers of state enterprises?,Mostly / completely trust,18.3,,,Institutional trust,d6.20,all respondents as published,mon2020.pdf,https://isnasu.org.ua/assets/files/monitoring/mon2020.pdf,ea193794ff60a7abbde98ba7194bfb89820dd2b70714d50dca8f4c16b6c2e449,475,sum of named published response cells
Monitoring,trust_state_managers,2010,Do you trust managers of state enterprises?,Mostly / completely trust,14.399999999999999,,,Institutional trust,d6.20,all respondents as published,mon2020.pdf,https://isnasu.org.ua/assets/files/monitoring/mon2020.pdf,ea193794ff60a7abbde98ba7194bfb89820dd2b70714d50dca8f4c16b6c2e449,475,sum of named published response cells
Monitoring,trust_state_managers,2012,Do you trust managers of state enterprises?,Mostly / completely trust,11.700000000000001,,,Institutional trust,d6.20,all respondents as published,mon2020.pdf,https://isnasu.org.ua/assets/files/monitoring/mon2020.pdf,ea193794ff60a7abbde98ba7194bfb89820dd2b70714d50dca8f4c16b6c2e449,475,sum of named published response cells
Monitoring,trust_state_managers,2013,Do you trust managers of state enterprises?,Mostly / completely trust,11.7,,,Institutional trust,d6.20,all respondents as published,mon2020.pdf,https://isnasu.org.ua/assets/files/monitoring/mon2020.pdf,ea193794ff60a7abbde98ba7194bfb89820dd2b70714d50dca8f4c16b6c2e449,475,sum of named published response cells
Monitoring,trust_state_managers,2014,Do you trust managers of state enterprises?,Mostly / completely trust,9.7,,,Institutional trust,d6.20,all respondents as published,mon2020.pdf,https://isnasu.org.ua/assets/files/monitoring/mon2020.pdf,ea193794ff60a7abbde98ba7194bfb89820dd2b70714d50dca8f4c16b6c2e449,475,sum of named published response cells
Monitoring,trust_state_managers,2015,Do you trust managers of state enterprises?,Mostly / completely trust,11.8,,,Institutional trust,d6.20,all respondents as published,mon2020.pdf,https://isnasu.org.ua/assets/files/monitoring/mon2020.pdf,ea193794ff60a7abbde98ba7194bfb89820dd2b70714d50dca8f4c16b6c2e449,475,sum of named published response cells
Monitoring,trust_state_managers,2020,Do you trust managers of state enterprises?,Mostly / completely trust,11.2,,,Institutional trust,d6.20,all respondents as published,mon2020.pdf,https://isnasu.org.ua/assets/files/monitoring/mon2020.pdf,ea193794ff60a7abbde98ba7194bfb89820dd2b70714d50dca8f4c16b6c2e449,475,sum of named published response cells
Monitoring,trust_private_entrepreneurs,1994,Do you trust private entrepreneurs?,Mostly / completely trust,13.8,,,Institutional trust,d6.21,all respondents as published,dodatki2015.pdf,https://isnasu.org.ua/assets/files/monitoring/dodatki2015.pdf,fef293d6e2daba7c50a2434e8cf80a08e31e1e8879ff97c5212e6c8a2b923cb1,25,sum of named published response cells
Monitoring,trust_private_entrepreneurs,1996,Do you trust private entrepreneurs?,Mostly / completely trust,13.3,,,Institutional trust,d6.21,all respondents as published,dodatki2015.pdf,https://isnasu.org.ua/assets/files/monitoring/dodatki2015.pdf,fef293d6e2daba7c50a2434e8cf80a08e31e1e8879ff97c5212e6c8a2b923cb1,25,sum of named published response cells
Monitoring,trust_private_entrepreneurs,1998,Do you trust private entrepreneurs?,Mostly / completely trust,13.9,,,Institutional trust,d6.21,all respondents as published,dodatki2015.pdf,https://isnasu.org.ua/assets/files/monitoring/dodatki2015.pdf,fef293d6e2daba7c50a2434e8cf80a08e31e1e8879ff97c5212e6c8a2b923cb1,25,sum of named published response cells
Monitoring,trust_private_entrepreneurs,2000,Do you trust private entrepreneurs?,Mostly / completely trust,16.6,,,Institutional trust,d6.21,all respondents as published,dodatki2015.pdf,https://isnasu.org.ua/assets/files/monitoring/dodatki2015.pdf,fef293d6e2daba7c50a2434e8cf80a08e31e1e8879ff97c5212e6c8a2b923cb1,25,sum of named published response cells
Monitoring,trust_private_entrepreneurs,2006,Do you trust private entrepreneurs?,Mostly / completely trust,18.2,,,Institutional trust,d6.21,all respondents as published,dodatki2015.pdf,https://isnasu.org.ua/assets/files/monitoring/dodatki2015.pdf,fef293d6e2daba7c50a2434e8cf80a08e31e1e8879ff97c5212e6c8a2b923cb1,25,sum of named published response cells
Monitoring,trust_private_entrepreneurs,2008,Do you trust private entrepreneurs?,Mostly / completely trust,19.400000000000002,,,Institutional trust,d6.21,all respondents as published,dodatki2015.pdf,https://isnasu.org.ua/assets/files/monitoring/dodatki2015.pdf,fef293d6e2daba7c50a2434e8cf80a08e31e1e8879ff97c5212e6c8a2b923cb1,25,sum of named published response cells
Monitoring,trust_private_entrepreneurs,2010,Do you trust private entrepreneurs?,Mostly / completely trust,15.9,,,Institutional trust,d6.21,all respondents as published,dodatki2015.pdf,https://isnasu.org.ua/assets/files/monitoring/dodatki2015.pdf,fef293d6e2daba7c50a2434e8cf80a08e31e1e8879ff97c5212e6c8a2b923cb1,25,sum of named published response cells
Monitoring,trust_private_entrepreneurs,2012,Do you trust private entrepreneurs?,Mostly / completely trust,14.100000000000001,,,Institutional trust,d6.21,all respondents as published,dodatki2015.pdf,https://isnasu.org.ua/assets/files/monitoring/dodatki2015.pdf,fef293d6e2daba7c50a2434e8cf80a08e31e1e8879ff97c5212e6c8a2b923cb1,25,sum of named published response cells
Monitoring,trust_private_entrepreneurs,2013,Do you trust private entrepreneurs?,Mostly / completely trust,15.1,,,Institutional trust,d6.21,all respondents as published,dodatki2015.pdf,https://isnasu.org.ua/assets/files/monitoring/dodatki2015.pdf,fef293d6e2daba7c50a2434e8cf80a08e31e1e8879ff97c5212e6c8a2b923cb1,25,sum of named published response cells
Monitoring,trust_private_entrepreneurs,2014,Do you trust private entrepreneurs?,Mostly / completely trust,16.8,,,Institutional trust,d6.21,all respondents as published,dodatki2015.pdf,https://isnasu.org.ua/assets/files/monitoring/dodatki2015.pdf,fef293d6e2daba7c50a2434e8cf80a08e31e1e8879ff97c5212e6c8a2b923cb1,25,sum of named published response cells
Monitoring,trust_private_entrepreneurs,2015,Do you trust private entrepreneurs?,Mostly / completely trust,21.5,,,Institutional trust,d6.21,all respondents as published,dodatki2015.pdf,https://isnasu.org.ua/assets/files/monitoring/dodatki2015.pdf,fef293d6e2daba7c50a2434e8cf80a08e31e1e8879ff97c5212e6c8a2b923cb1,25,sum of named published response cells
Monitoring,trust_tax_authority,2004,Do you trust the tax authority?,Mostly / completely trust,10.5,,,Institutional trust,d6.8,all respondents as published,monitoring-2021dlya-tipografii.pdf,https://isnasu.org.ua/assets/files/monitoring/monitoring-2021dlya-tipografii.pdf,08b33f2d1c15e43544f277469410eeaec3b4c8c5e6851ad37cebe9cae29d02e9,642,sum of named published response cells
Monitoring,trust_tax_authority,2006,Do you trust the tax authority?,Mostly / completely trust,12.299999999999999,,,Institutional trust,d6.8,all respondents as published,monitoring-2021dlya-tipografii.pdf,https://isnasu.org.ua/assets/files/monitoring/monitoring-2021dlya-tipografii.pdf,08b33f2d1c15e43544f277469410eeaec3b4c8c5e6851ad37cebe9cae29d02e9,642,sum of named published response cells
Monitoring,trust_tax_authority,2008,Do you trust the tax authority?,Mostly / completely trust,13.100000000000001,,,Institutional trust,d6.8,all respondents as published,monitoring-2021dlya-tipografii.pdf,https://isnasu.org.ua/assets/files/monitoring/monitoring-2021dlya-tipografii.pdf,08b33f2d1c15e43544f277469410eeaec3b4c8c5e6851ad37cebe9cae29d02e9,642,sum of named published response cells
Monitoring,trust_tax_authority,2010,Do you trust the tax authority?,Mostly / completely trust,9.399999999999999,,,Institutional trust,d6.8,all respondents as published,monitoring-2021dlya-tipografii.pdf,https://isnasu.org.ua/assets/files/monitoring/monitoring-2021dlya-tipografii.pdf,08b33f2d1c15e43544f277469410eeaec3b4c8c5e6851ad37cebe9cae29d02e9,642,sum of named published response cells
Monitoring,trust_tax_authority,2012,Do you trust the tax authority?,Mostly / completely trust,8.0,,,Institutional trust,d6.8,all respondents as published,monitoring-2021dlya-tipografii.pdf,https://isnasu.org.ua/assets/files/monitoring/monitoring-2021dlya-tipografii.pdf,08b33f2d1c15e43544f277469410eeaec3b4c8c5e6851ad37cebe9cae29d02e9,642,sum of named published response cells
Monitoring,trust_tax_authority,2013,Do you trust the tax authority?,Mostly / completely trust,7.7,,,Institutional trust,d6.8,all respondents as published,monitoring-2021dlya-tipografii.pdf,https://isnasu.org.ua/assets/files/monitoring/monitoring-2021dlya-tipografii.pdf,08b33f2d1c15e43544f277469410eeaec3b4c8c5e6851ad37cebe9cae29d02e9,642,sum of named published response cells
Monitoring,trust_tax_authority,2014,Do you trust the tax authority?,Mostly / completely trust,5.7,,,Institutional trust,d6.8,all respondents as published,monitoring-2021dlya-tipografii.pdf,https://isnasu.org.ua/assets/files/monitoring/monitoring-2021dlya-tipografii.pdf,08b33f2d1c15e43544f277469410eeaec3b4c8c5e6851ad37cebe9cae29d02e9,642,sum of named published response cells
Monitoring,trust_tax_authority,2015,Do you trust the tax authority?,Mostly / completely trust,6.3999999999999995,,,Institutional trust,d6.8,all respondents as published,monitoring-2021dlya-tipografii.pdf,https://isnasu.org.ua/assets/files/monitoring/monitoring-2021dlya-tipografii.pdf,08b33f2d1c15e43544f277469410eeaec3b4c8c5e6851ad37cebe9cae29d02e9,642,sum of named published response cells
Monitoring,trust_tax_authority,2016,Do you trust the tax authority?,Mostly / completely trust,9.1,,,Institutional trust,d6.8,all respondents as published,monitoring-2021dlya-tipografii.pdf,https://isnasu.org.ua/assets/files/monitoring/monitoring-2021dlya-tipografii.pdf,08b33f2d1c15e43544f277469410eeaec3b4c8c5e6851ad37cebe9cae29d02e9,642,sum of named published response cells
Monitoring,trust_tax_authority,2018,Do you trust the tax authority?,Mostly / completely trust,8.7,,,Institutional trust,d6.8,all respondents as published,monitoring-2021dlya-tipografii.pdf,https://isnasu.org.ua/assets/files/monitoring/monitoring-2021dlya-tipografii.pdf,08b33f2d1c15e43544f277469410eeaec3b4c8c5e6851ad37cebe9cae29d02e9,642,sum of named published response cells
Monitoring,trust_tax_authority,2021,Do you trust the tax authority?,Mostly / completely trust,20.7,,,Institutional trust,d6.8,all respondents as published,monitoring-2021dlya-tipografii.pdf,https://isnasu.org.ua/assets/files/monitoring/monitoring-2021dlya-tipografii.pdf,08b33f2d1c15e43544f277469410eeaec3b4c8c5e6851ad37cebe9cae29d02e9,642,sum of named published response cells
Monitoring,trust_banks,2002,Do you trust banks?,Mostly / completely trust,9.4,,,Institutional trust,d6.22,all respondents as published,monitoring-2021dlya-tipografii.pdf,https://isnasu.org.ua/assets/files/monitoring/monitoring-2021dlya-tipografii.pdf,08b33f2d1c15e43544f277469410eeaec3b4c8c5e6851ad37cebe9cae29d02e9,647,sum of named published response cells
Monitoring,trust_banks,2004,Do you trust banks?,Mostly / completely trust,15.2,,,Institutional trust,d6.22,all respondents as published,monitoring-2021dlya-tipografii.pdf,https://isnasu.org.ua/assets/files/monitoring/monitoring-2021dlya-tipografii.pdf,08b33f2d1c15e43544f277469410eeaec3b4c8c5e6851ad37cebe9cae29d02e9,647,sum of named published response cells
Monitoring,trust_banks,2005,Do you trust banks?,Mostly / completely trust,19.0,,,Institutional trust,d6.22,all respondents as published,monitoring-2021dlya-tipografii.pdf,https://isnasu.org.ua/assets/files/monitoring/monitoring-2021dlya-tipografii.pdf,08b33f2d1c15e43544f277469410eeaec3b4c8c5e6851ad37cebe9cae29d02e9,647,sum of named published response cells
Monitoring,trust_banks,2006,Do you trust banks?,Mostly / completely trust,19.900000000000002,,,Institutional trust,d6.22,all respondents as published,monitoring-2021dlya-tipografii.pdf,https://isnasu.org.ua/assets/files/monitoring/monitoring-2021dlya-tipografii.pdf,08b33f2d1c15e43544f277469410eeaec3b4c8c5e6851ad37cebe9cae29d02e9,647,sum of named published response cells
Monitoring,trust_banks,2008,Do you trust banks?,Mostly / completely trust,21.0,,,Institutional trust,d6.22,all respondents as published,monitoring-2021dlya-tipografii.pdf,https://isnasu.org.ua/assets/files/monitoring/monitoring-2021dlya-tipografii.pdf,08b33f2d1c15e43544f277469410eeaec3b4c8c5e6851ad37cebe9cae29d02e9,647,sum of named published response cells
Monitoring,trust_banks,2010,Do you trust banks?,Mostly / completely trust,10.0,,,Institutional trust,d6.22,all respondents as published,monitoring-2021dlya-tipografii.pdf,https://isnasu.org.ua/assets/files/monitoring/monitoring-2021dlya-tipografii.pdf,08b33f2d1c15e43544f277469410eeaec3b4c8c5e6851ad37cebe9cae29d02e9,647,sum of named published response cells
Monitoring,trust_banks,2012,Do you trust banks?,Mostly / completely trust,12.899999999999999,,,Institutional trust,d6.22,all respondents as published,monitoring-2021dlya-tipografii.pdf,https://isnasu.org.ua/assets/files/monitoring/monitoring-2021dlya-tipografii.pdf,08b33f2d1c15e43544f277469410eeaec3b4c8c5e6851ad37cebe9cae29d02e9,647,sum of named published response cells
Monitoring,trust_banks,2013,Do you trust banks?,Mostly / completely trust,12.9,,,Institutional trust,d6.22,all respondents as published,monitoring-2021dlya-tipografii.pdf,https://isnasu.org.ua/assets/files/monitoring/monitoring-2021dlya-tipografii.pdf,08b33f2d1c15e43544f277469410eeaec3b4c8c5e6851ad37cebe9cae29d02e9,647,sum of named published response cells
Monitoring,trust_banks,2014,Do you trust banks?,Mostly / completely trust,10.1,,,Institutional trust,d6.22,all respondents as published,monitoring-2021dlya-tipografii.pdf,https://isnasu.org.ua/assets/files/monitoring/monitoring-2021dlya-tipografii.pdf,08b33f2d1c15e43544f277469410eeaec3b4c8c5e6851ad37cebe9cae29d02e9,647,sum of named published response cells
Monitoring,trust_banks,2015,Do you trust banks?,Mostly / completely trust,11.799999999999999,,,Institutional trust,d6.22,all respondents as published,monitoring-2021dlya-tipografii.pdf,https://isnasu.org.ua/assets/files/monitoring/monitoring-2021dlya-tipografii.pdf,08b33f2d1c15e43544f277469410eeaec3b4c8c5e6851ad37cebe9cae29d02e9,647,sum of named published response cells
Monitoring,trust_banks,2016,Do you trust banks?,Mostly / completely trust,9.1,,,Institutional trust,d6.22,all respondents as published,monitoring-2021dlya-tipografii.pdf,https://isnasu.org.ua/assets/files/monitoring/monitoring-2021dlya-tipografii.pdf,08b33f2d1c15e43544f277469410eeaec3b4c8c5e6851ad37cebe9cae29d02e9,647,sum of named published response cells
Monitoring,trust_banks,2017,Do you trust banks?,Mostly / completely trust,14.2,,,Institutional trust,d6.22,all respondents as published,monitoring-2021dlya-tipografii.pdf,https://isnasu.org.ua/assets/files/monitoring/monitoring-2021dlya-tipografii.pdf,08b33f2d1c15e43544f277469410eeaec3b4c8c5e6851ad37cebe9cae29d02e9,647,sum of named published response cells
Monitoring,trust_banks,2018,Do you trust banks?,Mostly / completely trust,13.4,,,Institutional trust,d6.22,all respondents as published,monitoring-2021dlya-tipografii.pdf,https://isnasu.org.ua/assets/files/monitoring/monitoring-2021dlya-tipografii.pdf,08b33f2d1c15e43544f277469410eeaec3b4c8c5e6851ad37cebe9cae29d02e9,647,sum of named published response cells
Monitoring,trust_banks,2019,Do you trust banks?,Mostly / completely trust,19.3,,,Institutional trust,d6.22,all respondents as published,monitoring-2021dlya-tipografii.pdf,https://isnasu.org.ua/assets/files/monitoring/monitoring-2021dlya-tipografii.pdf,08b33f2d1c15e43544f277469410eeaec3b4c8c5e6851ad37cebe9cae29d02e9,647,sum of named published response cells
Monitoring,trust_banks,2020,Do you trust banks?,Mostly / completely trust,13.8,,,Institutional trust,d6.22,all respondents as published,monitoring-2021dlya-tipografii.pdf,https://isnasu.org.ua/assets/files/monitoring/monitoring-2021dlya-tipografii.pdf,08b33f2d1c15e43544f277469410eeaec3b4c8c5e6851ad37cebe9cae29d02e9,647,sum of named published response cells
Monitoring,trust_banks,2021,Do you trust banks?,Mostly / completely trust,15.799999999999999,,,Institutional trust,d6.22,all respondents as published,monitoring-2021dlya-tipografii.pdf,https://isnasu.org.ua/assets/files/monitoring/monitoring-2021dlya-tipografii.pdf,08b33f2d1c15e43544f277469410eeaec3b4c8c5e6851ad37cebe9cae29d02e9,647,sum of named published response cells
Monitoring,trust_unions,2002,Do you trust trade unions?,Mostly / completely trust,17.3,,,Institutional trust,d6.17,all respondents as published,monitoring-2021dlya-tipografii.pdf,https://isnasu.org.ua/assets/files/monitoring/monitoring-2021dlya-tipografii.pdf,08b33f2d1c15e43544f277469410eeaec3b4c8c5e6851ad37cebe9cae29d02e9,646,sum of named published response cells
Monitoring,trust_unions,2004,Do you trust trade unions?,Mostly / completely trust,17.1,,,Institutional trust,d6.17,all respondents as published,monitoring-2021dlya-tipografii.pdf,https://isnasu.org.ua/assets/files/monitoring/monitoring-2021dlya-tipografii.pdf,08b33f2d1c15e43544f277469410eeaec3b4c8c5e6851ad37cebe9cae29d02e9,646,sum of named published response cells
Monitoring,trust_unions,2005,Do you trust trade unions?,Mostly / completely trust,19.400000000000002,,,Institutional trust,d6.17,all respondents as published,monitoring-2021dlya-tipografii.pdf,https://isnasu.org.ua/assets/files/monitoring/monitoring-2021dlya-tipografii.pdf,08b33f2d1c15e43544f277469410eeaec3b4c8c5e6851ad37cebe9cae29d02e9,646,sum of named published response cells
Monitoring,trust_unions,2006,Do you trust trade unions?,Mostly / completely trust,15.7,,,Institutional trust,d6.17,all respondents as published,monitoring-2021dlya-tipografii.pdf,https://isnasu.org.ua/assets/files/monitoring/monitoring-2021dlya-tipografii.pdf,08b33f2d1c15e43544f277469410eeaec3b4c8c5e6851ad37cebe9cae29d02e9,646,sum of named published response cells
Monitoring,trust_unions,2008,Do you trust trade unions?,Mostly / completely trust,17.0,,,Institutional trust,d6.17,all respondents as published,monitoring-2021dlya-tipografii.pdf,https://isnasu.org.ua/assets/files/monitoring/monitoring-2021dlya-tipografii.pdf,08b33f2d1c15e43544f277469410eeaec3b4c8c5e6851ad37cebe9cae29d02e9,646,sum of named published response cells
Monitoring,trust_unions,2010,Do you trust trade unions?,Mostly / completely trust,15.8,,,Institutional trust,d6.17,all respondents as published,monitoring-2021dlya-tipografii.pdf,https://isnasu.org.ua/assets/files/monitoring/monitoring-2021dlya-tipografii.pdf,08b33f2d1c15e43544f277469410eeaec3b4c8c5e6851ad37cebe9cae29d02e9,646,sum of named published response cells
Monitoring,trust_unions,2012,Do you trust trade unions?,Mostly / completely trust,14.700000000000001,,,Institutional trust,d6.17,all respondents as published,monitoring-2021dlya-tipografii.pdf,https://isnasu.org.ua/assets/files/monitoring/monitoring-2021dlya-tipografii.pdf,08b33f2d1c15e43544f277469410eeaec3b4c8c5e6851ad37cebe9cae29d02e9,646,sum of named published response cells
Monitoring,trust_unions,2013,Do you trust trade unions?,Mostly / completely trust,15.0,,,Institutional trust,d6.17,all respondents as published,monitoring-2021dlya-tipografii.pdf,https://isnasu.org.ua/assets/files/monitoring/monitoring-2021dlya-tipografii.pdf,08b33f2d1c15e43544f277469410eeaec3b4c8c5e6851ad37cebe9cae29d02e9,646,sum of named published response cells
Monitoring,trust_unions,2014,Do you trust trade unions?,Mostly / completely trust,12.1,,,Institutional trust,d6.17,all respondents as published,monitoring-2021dlya-tipografii.pdf,https://isnasu.org.ua/assets/files/monitoring/monitoring-2021dlya-tipografii.pdf,08b33f2d1c15e43544f277469410eeaec3b4c8c5e6851ad37cebe9cae29d02e9,646,sum of named published response cells
Monitoring,trust_unions,2015,Do you trust trade unions?,Mostly / completely trust,16.7,,,Institutional trust,d6.17,all respondents as published,monitoring-2021dlya-tipografii.pdf,https://isnasu.org.ua/assets/files/monitoring/monitoring-2021dlya-tipografii.pdf,08b33f2d1c15e43544f277469410eeaec3b4c8c5e6851ad37cebe9cae29d02e9,646,sum of named published response cells
Monitoring,trust_unions,2016,Do you trust trade unions?,Mostly / completely trust,19.7,,,Institutional trust,d6.17,all respondents as published,monitoring-2021dlya-tipografii.pdf,https://isnasu.org.ua/assets/files/monitoring/monitoring-2021dlya-tipografii.pdf,08b33f2d1c15e43544f277469410eeaec3b4c8c5e6851ad37cebe9cae29d02e9,646,sum of named published response cells
Monitoring,trust_unions,2017,Do you trust trade unions?,Mostly / completely trust,23.3,,,Institutional trust,d6.17,all respondents as published,monitoring-2021dlya-tipografii.pdf,https://isnasu.org.ua/assets/files/monitoring/monitoring-2021dlya-tipografii.pdf,08b33f2d1c15e43544f277469410eeaec3b4c8c5e6851ad37cebe9cae29d02e9,646,sum of named published response cells
Monitoring,trust_unions,2018,Do you trust trade unions?,Mostly / completely trust,17.0,,,Institutional trust,d6.17,all respondents as published,monitoring-2021dlya-tipografii.pdf,https://isnasu.org.ua/assets/files/monitoring/monitoring-2021dlya-tipografii.pdf,08b33f2d1c15e43544f277469410eeaec3b4c8c5e6851ad37cebe9cae29d02e9,646,sum of named published response cells
Monitoring,trust_unions,2019,Do you trust trade unions?,Mostly / completely trust,23.3,,,Institutional trust,d6.17,all respondents as published,monitoring-2021dlya-tipografii.pdf,https://isnasu.org.ua/assets/files/monitoring/monitoring-2021dlya-tipografii.pdf,08b33f2d1c15e43544f277469410eeaec3b4c8c5e6851ad37cebe9cae29d02e9,646,sum of named published response cells
Monitoring,trust_unions,2020,Do you trust trade unions?,Mostly / completely trust,15.7,,,Institutional trust,d6.17,all respondents as published,monitoring-2021dlya-tipografii.pdf,https://isnasu.org.ua/assets/files/monitoring/monitoring-2021dlya-tipografii.pdf,08b33f2d1c15e43544f277469410eeaec3b4c8c5e6851ad37cebe9cae29d02e9,646,sum of named published response cells
Monitoring,trust_unions,2021,Do you trust trade unions?,Mostly / completely trust,15.6,,,Institutional trust,d6.17,all respondents as published,monitoring-2021dlya-tipografii.pdf,https://isnasu.org.ua/assets/files/monitoring/monitoring-2021dlya-tipografii.pdf,08b33f2d1c15e43544f277469410eeaec3b4c8c5e6851ad37cebe9cae29d02e9,646,sum of named published response cells
Monitoring,rich_poor_conflict,2017,Is conflict between rich and poor acute?,Acute / very acute,46.7,,,Belief,cnf1,all respondents as published,dodatki2017.pdf,https://isnasu.org.ua/assets/files/monitoring/dodatki2017.pdf,f0133c3241ad3f01681ce872e6b8cf8d9ac5c73d5bfb55e31ab579bab2c1791b,39,sum of named published response cells
Monitoring,manager_worker_conflict,2017,Is conflict between managers and subordinates acute?,Acute / very acute,26.5,,,Belief,cnf2,all respondents as published,dodatki2017.pdf,https://isnasu.org.ua/assets/files/monitoring/dodatki2017.pdf,f0133c3241ad3f01681ce872e6b8cf8d9ac5c73d5bfb55e31ab579bab2c1791b,39,sum of named published response cells
Monitoring,owner_worker_conflict,2017,Is conflict between employees and owners acute?,Acute / very acute,25.4,,,Belief,cnf3,all respondents as published,dodatki2017.pdf,https://isnasu.org.ua/assets/files/monitoring/dodatki2017.pdf,f0133c3241ad3f01681ce872e6b8cf8d9ac5c73d5bfb55e31ab579bab2c1791b,39,sum of named published response cells
Monitoring,crisis_1,2017,Which measures would end the crisis: nationalise strategic private firms?,Selected (multiple answers allowed),33.8,,,Policy,kr1,all respondents as published,dodatki2017.pdf,https://isnasu.org.ua/assets/files/monitoring/dodatki2017.pdf,f0133c3241ad3f01681ce872e6b8cf8d9ac5c73d5bfb55e31ab579bab2c1791b,7,sum of named published response cells
Monitoring,crisis_2,2017,Which measures would end the crisis: privatise strategic state firms?,Selected (multiple answers allowed),8.2,,,Policy,kr1,all respondents as published,dodatki2017.pdf,https://isnasu.org.ua/assets/files/monitoring/dodatki2017.pdf,f0133c3241ad3f01681ce872e6b8cf8d9ac5c73d5bfb55e31ab579bab2c1791b,7,sum of named published response cells
Monitoring,crisis_3,2017,Which measures would end the crisis: raise taxes on big business?,Selected (multiple answers allowed),25.4,,,Policy,kr1,all respondents as published,dodatki2017.pdf,https://isnasu.org.ua/assets/files/monitoring/dodatki2017.pdf,f0133c3241ad3f01681ce872e6b8cf8d9ac5c73d5bfb55e31ab579bab2c1791b,7,sum of named published response cells
Monitoring,crisis_4,2017,Which measures would end the crisis: increase economic cooperation with the West?,Selected (multiple answers allowed),31.6,,,Policy,kr1,all respondents as published,dodatki2017.pdf,https://isnasu.org.ua/assets/files/monitoring/dodatki2017.pdf,f0133c3241ad3f01681ce872e6b8cf8d9ac5c73d5bfb55e31ab579bab2c1791b,7,sum of named published response cells
Monitoring,crisis_5,2017,Which measures would end the crisis: increase economic cooperation with Russia?,Selected (multiple answers allowed),13.9,,,Policy,kr1,all respondents as published,dodatki2017.pdf,https://isnasu.org.ua/assets/files/monitoring/dodatki2017.pdf,f0133c3241ad3f01681ce872e6b8cf8d9ac5c73d5bfb55e31ab579bab2c1791b,7,sum of named published response cells
Monitoring,crisis_6,2017,Which measures would end the crisis: substantially raise industrial wages?,Selected (multiple answers allowed),23.3,,,Policy,kr1,all respondents as published,dodatki2017.pdf,https://isnasu.org.ua/assets/files/monitoring/dodatki2017.pdf,f0133c3241ad3f01681ce872e6b8cf8d9ac5c73d5bfb55e31ab579bab2c1791b,7,sum of named published response cells
Monitoring,crisis_7,2017,Which measures would end the crisis: follow IMF reform recommendations?,Selected (multiple answers allowed),7.2,,,Policy,kr1,all respondents as published,dodatki2017.pdf,https://isnasu.org.ua/assets/files/monitoring/dodatki2017.pdf,f0133c3241ad3f01681ce872e6b8cf8d9ac5c73d5bfb55e31ab579bab2c1791b,7,sum of named published response cells
Monitoring,crisis_8,2017,Which measures would end the crisis: reject IMF reform recommendations?,Selected (multiple answers allowed),13.8,,,Policy,kr1,all respondents as published,dodatki2017.pdf,https://isnasu.org.ua/assets/files/monitoring/dodatki2017.pdf,f0133c3241ad3f01681ce872e6b8cf8d9ac5c73d5bfb55e31ab579bab2c1791b,7,sum of named published response cells
Monitoring,crisis_9,2017,Which measures would end the crisis: create jobs mainly in small and medium businesses?,Selected (multiple answers allowed),39.5,,,Policy,kr1,all respondents as published,dodatki2017.pdf,https://isnasu.org.ua/assets/files/monitoring/dodatki2017.pdf,f0133c3241ad3f01681ce872e6b8cf8d9ac5c73d5bfb55e31ab579bab2c1791b,7,sum of named published response cells
Monitoring,crisis_10,2017,Which measures would end the crisis: create jobs mainly in large industrial firms?,Selected (multiple answers allowed),42.3,,,Policy,kr1,all respondents as published,dodatki2017.pdf,https://isnasu.org.ua/assets/files/monitoring/dodatki2017.pdf,f0133c3241ad3f01681ce872e6b8cf8d9ac5c73d5bfb55e31ab579bab2c1791b,7,sum of named published response cells
Monitoring,crisis_11,2017,Which measures would end the crisis: attract mainly foreign capital?,Selected (multiple answers allowed),23.6,,,Policy,kr1,all respondents as published,dodatki2017.pdf,https://isnasu.org.ua/assets/files/monitoring/dodatki2017.pdf,f0133c3241ad3f01681ce872e6b8cf8d9ac5c73d5bfb55e31ab579bab2c1791b,7,sum of named published response cells
Monitoring,crisis_12,2017,Which measures would end the crisis: use mainly domestic capital?,Selected (multiple answers allowed),24.6,,,Policy,kr1,all respondents as published,dodatki2017.pdf,https://isnasu.org.ua/assets/files/monitoring/dodatki2017.pdf,f0133c3241ad3f01681ce872e6b8cf8d9ac5c73d5bfb55e31ab579bab2c1791b,7,sum of named published response cells
Monitoring,crisis_13,2017,Which measures would end the crisis: allow agricultural land sales?,Selected (multiple answers allowed),3.3,,,Policy,kr1,all respondents as published,dodatki2017.pdf,https://isnasu.org.ua/assets/files/monitoring/dodatki2017.pdf,f0133c3241ad3f01681ce872e6b8cf8d9ac5c73d5bfb55e31ab579bab2c1791b,7,sum of named published response cells
Monitoring,business_duty_1,2019,"What should socially responsible business do: pay taxes, invest and create jobs?",Selected (up to three choices),74.8,,,Economic norm,rs6,all respondents as published,mon2019.pdf,https://isnasu.org.ua/assets/files/monitoring/mon2019.pdf,06452792bdd9f134894f397770b7c05adb42ac7e1afe1569bb52aee4075f620a,439,sum of named published response cells
Monitoring,business_duty_2,2019,What should socially responsible business do: improve working conditions?,Selected (up to three choices),45.7,,,Economic norm,rs6,all respondents as published,mon2019.pdf,https://isnasu.org.ua/assets/files/monitoring/mon2019.pdf,06452792bdd9f134894f397770b7c05adb42ac7e1afe1569bb52aee4075f620a,439,sum of named published response cells
Monitoring,business_duty_3,2019,What should socially responsible business do: train employees?,Selected (up to three choices),20.9,,,Economic norm,rs6,all respondents as published,mon2019.pdf,https://isnasu.org.ua/assets/files/monitoring/mon2019.pdf,06452792bdd9f134894f397770b7c05adb42ac7e1afe1569bb52aee4075f620a,439,sum of named published response cells
Monitoring,business_duty_4,2019,What should socially responsible business do: act responsibly towards the environment?,Selected (up to three choices),36.5,,,Economic norm,rs6,all respondents as published,mon2019.pdf,https://isnasu.org.ua/assets/files/monitoring/mon2019.pdf,06452792bdd9f134894f397770b7c05adb42ac7e1afe1569bb52aee4075f620a,439,sum of named published response cells
Monitoring,business_duty_5,2019,What should socially responsible business do: enter politics and govern?,Selected (up to three choices),6.8,,,Economic norm,rs6,all respondents as published,mon2019.pdf,https://isnasu.org.ua/assets/files/monitoring/mon2019.pdf,06452792bdd9f134894f397770b7c05adb42ac7e1afe1569bb52aee4075f620a,439,sum of named published response cells
Monitoring,business_duty_6,2019,What should socially responsible business do: provide charity?,Selected (up to three choices),18.1,,,Economic norm,rs6,all respondents as published,mon2019.pdf,https://isnasu.org.ua/assets/files/monitoring/mon2019.pdf,06452792bdd9f134894f397770b7c05adb42ac7e1afe1569bb52aee4075f620a,439,sum of named published response cells
Monitoring,business_duty_7,2019,What should socially responsible business do: sponsor culture and sport?,Selected (up to three choices),11.1,,,Economic norm,rs6,all respondents as published,mon2019.pdf,https://isnasu.org.ua/assets/files/monitoring/mon2019.pdf,06452792bdd9f134894f397770b7c05adb42ac7e1afe1569bb52aee4075f620a,439,sum of named published response cells
Monitoring,business_duty_8,2019,What should socially responsible business do: finance solutions to regional problems?,Selected (up to three choices),31.0,,,Economic norm,rs6,all respondents as published,mon2019.pdf,https://isnasu.org.ua/assets/files/monitoring/mon2019.pdf,06452792bdd9f134894f397770b7c05adb42ac7e1afe1569bb52aee4075f620a,439,sum of named published response cells
