survey,year,battery,item,n_items,n_eligible,n_complete,n_psu,complete_weighted_pct,kish_n,mean_pairwise_correlation,weighted_alpha,standardized_alpha,first_pc_variance_pct,mean_pairwise_correlation_ci_low,mean_pairwise_correlation_ci_high,weighted_alpha_ci_low,weighted_alpha_ci_high,standardized_alpha_ci_low,standardized_alpha_ci_high,first_pc_variance_pct_ci_low,first_pc_variance_pct_ci_high,mean_correlation_unweighted,mean_correlation_spearman
EVS,1999,core,core,4,1195,989,1195,82.93220759497977,939.7680262135484,0.15703204173524857,0.43156803993501125,0.4269796896196331,44.04564657127508,0.12558093744838078,0.18959674354731815,0.36901992795925764,0.4884369325353922,0.3648638975439921,0.4834215268456503,41.88746986030987,46.48868296429525,0.15534520793573822,0.14787891706205258
EVS,1999,common_three,common_three,3,1195,990,1195,83.00030893224918,940.7159420440923,0.10350831274403012,0.26061125833061255,0.2572664963140245,46.66130346046855,0.06454515774287307,0.143160365049495,0.17434667944635288,0.3368110144062545,0.17149688405810556,0.33388336219591486,44.57591727918646,48.94509252922353,0.10281342026568967,0.11123809319068349
EVS,2008,core,core,4,1507,1264,1507,84.58794571572189,1208.1825339844918,0.08337399862983184,0.28035126919970355,0.2667707596665684,37.20526459247459,0.05543205932975148,0.11041845724409996,0.2041738483013711,0.34339988327143367,0.19011314750178548,0.3317724291862077,35.156155260295066,39.435049782441,0.07812904419277095,0.08062162823316098
EVS,2008,common_three,common_three,3,1507,1267,1507,84.7936375108572,1210.9861743253791,0.02971013264970147,0.09562643303141466,0.08413129413181014,41.20877835736627,-0.004052956090437517,0.0649177118746503,0.0020090646672073277,0.18278471262427443,-0.012258232997379603,0.17237299981735146,39.14234803807131,43.641352986623694,0.02046735560112226,0.025302687938018747
EVS,2020,core,core,4,1612,1399,1612,82.11308279957679,214.5116132295736,0.14756675725969196,0.3943988323430097,0.40914044350381656,40.62793888992508,0.07297719755911897,0.22598909019406138,0.21924719539023024,0.5295628715985001,0.23947922188835896,0.5387210918454138,36.12206296286465,46.06203106174058,0.10032537531621973,0.14252498358888263
EVS,2020,common_three,common_three,3,1612,1405,1612,82.2943670863467,215.40422905176578,0.060155593323983014,0.14462639245659042,0.16108629648867095,41.77826807553797,-0.027685070527450745,0.1534237145628466,-0.11790128548637595,0.3427675893597794,-0.08792355104240347,0.3521994790599163,38.02893082819306,47.746105394857736,0.02631849501126424,0.06415451096876355
WVS,1996,core,core,4,2811,2271,2811,80.78975453575241,2271.0,0.2098121516220096,0.5147759365473785,0.5150545171502505,41.002761870567774,0.18607991365040932,0.23427528680725573,0.4777155134279831,0.5500242339950947,0.4776669693081618,0.5503211860848746,39.29596426144959,42.83771934351681,0.2098121516220096,0.19511332756758945
WVS,1996,common_three,common_three,3,2811,2290,2811,81.46567057986482,2290.0,0.25940264895634174,0.505617525946856,0.5123816383433268,50.973710637036866,0.22768398305898085,0.2906138967821804,0.46119644707404617,0.545476809613532,0.4693328181007869,0.5513700751242135,48.94461025776247,53.00459877295978,0.2594026489563418,0.2551064337745981
WVS,2006,core,core,4,1000,904,1000,90.00028517000369,687.5163371698704,0.10195800533794759,0.31251983463960764,0.3123057939361488,32.86001450141448,0.06517625474288047,0.13930856844955405,0.21797711487007626,0.393763799756379,0.21806670540924544,0.392992574410907,30.412928097782526,35.81070716926741,0.10716075134939151,0.08850004595945211
WVS,2006,common_three,common_three,3,1000,909,1000,90.56984357740795,692.0805202513244,0.12812036272149221,0.3070384179175622,0.30596133398631903,42.57542037592667,0.07890058987085721,0.18024390995248807,0.20562822309276224,0.39752866986433427,0.20444077274567038,0.3974542949892201,39.75599143831238,45.90417737034746,0.12254928414444337,0.10130544203093365
WVS,2011,core,core,4,1500,1500,1500,100.00000000000001,1366.4216831899291,0.11106635993115381,0.3297082553735858,0.33323263303890116,35.119685698738124,0.08441504587633356,0.13737182993833053,0.26588037412865523,0.3860021144741265,0.26942868018871624,0.3891234946127147,33.601594564097134,36.96230149412338,0.11122454600595387,0.13974273455162797
WVS,2011,common_three,common_three,3,1500,1500,1500,100.00000000000001,1366.4216831899291,0.07286167187849772,0.19812749042659678,0.19078341802718338,38.80095859425924,0.03724318004733963,0.1084042638016355,0.11433244347656771,0.27337799727592593,0.1039841340506656,0.26726702112243317,36.99513515046717,41.11858653215239,0.07588407619158256,0.10076629970536455
WVS,2020,core,core,4,1289,1072,1289,83.31889356042943,1040.43791725988,-0.0008983540288929013,-0.005422064792220441,-0.0036031267659119115,32.575014081397825,-0.033358983273047066,0.030308963898822455,-0.15231657944331717,0.11045864186417442,-0.14827485645344926,0.11113105112744372,30.357482955555557,35.45080910465038,0.0029972773521156487,-0.013335030879786769
WVS,2020,common_three,common_three,3,1289,1076,1289,83.61625291845046,1044.417267785362,0.018135297795447237,0.05330983835359593,0.052501628066864904,38.78089621374324,-0.024184690579974938,0.05949085190739438,-0.07330356667061086,0.16019678710790933,-0.07624184263711693,0.15949550094804474,36.674667370341915,41.76723547356083,0.02621615316849565,0.006343645901353084
LiTS,2006,market_redistribution,market_redistribution,2,1000,983,50,98.04291283249864,813.6032966931145,0.038183766028867534,0.06056095759402713,0.07355878078295014,51.90918830144338,-0.05206907217710926,0.13521035626836433,-0.08678240478307077,0.20444681156574096,-0.10985837090945327,0.238211984827908,50.0991968303838,56.76051781341821,0.04250169062243352,0.07237835508150142
LiTS,2010,market_redistribution,market_redistribution,2,1558,1325,75,85.09934804366615,1212.7975107999573,0.10887404659860773,0.1398824389619846,0.1963686442704131,55.44370232993039,0.02646413428177084,0.2019013036376473,0.036437702024964,0.23710502777611936,0.0515636803237075,0.33596985501877263,51.32320671408854,60.09506518188237,0.11987040045702121,0.12225277136814235
LiTS,2010,core,core,3,1558,1558,75,100.0,1424.614470885218,0.03064677825628595,0.08160603986495785,0.0866304465947907,36.16790090149413,-0.021902851154196337,0.08441626660875755,-0.0760816736962212,0.2133967507832361,-0.06871886048740286,0.21666816385586538,34.73957825205906,40.26194783365969,0.02967191892674798,0.026001274924475928
LiTS,2010,extended,extended,5,1558,1325,75,85.09934804366615,1212.7975107999573,0.060859541593987376,0.13347759112775234,0.2447228307755944,25.4644705336708,0.029794582034572997,0.09149232871733291,-0.0008811053785388514,0.247946253841809,0.13310917899088967,0.3348988952607086,24.021563863814304,28.10511290819077,0.06508108961238725,0.06986051400496865
LiTS,2016,market_redistribution,market_redistribution,2,1507,1362,75,90.40593450395566,737.7733434465096,0.05792407463621457,0.07452590806022918,0.10950516398094591,52.89620373181074,-0.07505357020154721,0.19426174887856298,-0.1021282244791284,0.23560020783438837,-0.16228740563081034,0.3253252451449384,50.13237095931245,59.71308744392815,0.0024710500680521262,0.05818734359520741
LiTS,2016,core,core,3,1507,1443,75,96.958596331519,739.9575130567348,0.13696552863245245,0.3613726228296851,0.322542247128774,47.95989954718149,-0.007853686512070619,0.2704118882621552,0.022988250426554856,0.5535037051024888,-0.023937049847331117,0.5264946344233071,42.15409000984461,54.952112687897895,0.046923947789786306,0.10215899979313338
LiTS,2016,extended,extended,5,1507,1320,75,88.78478172957394,717.3204873860169,0.09739201587479944,0.35066394880049434,0.35043989003873527,31.13218440452158,0.03949235924086089,0.1480758858966994,0.09477531125305588,0.4764567063757841,0.1705241859028067,0.464973794106968,27.722959686620126,35.863235380420186,0.05229869962784549,0.09663120017109464
