survey,year,item,age_group,territory,estimate,se,ci_low,ci_high,n_valid,n_domain,n_psu,kish_n,weight_sum,weighted,variance_method
LiTS,2006,pro_market_index,All,survey_coverage,42.18837081559049,3.645795495740024,34.86187046771402,49.51487116346696,999,1000,50,826.9743701108803,38539343.67089844,True,PSU linearization; no explicit strata; approximate
LiTS,2006,pro_market_index,All,survey_coverage,41.34134134134134,3.5115970070726803,34.28452295315093,48.39815972953175,999,1000,50,999.0,999.0,False,PSU linearization; no explicit strata; approximate
LiTS,2006,pro_market_index,18-34,survey_coverage,57.512319181111984,4.004174712092874,49.46562883455104,65.55900952767293,338,339,50,277.5492718196718,13114712.978515623,True,PSU linearization; no explicit strata; approximate
LiTS,2006,pro_market_index,18-34,survey_coverage,56.50887573964497,3.828703154278851,48.81480869048758,64.20294278880236,338,339,50,338.0,338.0,False,PSU linearization; no explicit strata; approximate
LiTS,2006,pro_market_index,35-54,survey_coverage,44.67595863745661,4.172044442626705,36.29192143735133,53.05999583756189,312,312,50,255.95349407344244,12452435.751953123,True,PSU linearization; no explicit strata; approximate
LiTS,2006,pro_market_index,35-54,survey_coverage,44.55128205128205,4.128878073754158,36.253990917139824,52.84857318542428,312,312,50,312.0,312.0,False,PSU linearization; no explicit strata; approximate
LiTS,2006,pro_market_index,55+,survey_coverage,24.30814984252716,4.922593143443938,14.41582855900004,34.200471126054275,349,349,50,294.9538666227386,12972194.940429688,True,PSU linearization; no explicit strata; approximate
LiTS,2006,pro_market_index,55+,survey_coverage,23.78223495702006,4.277108940522405,15.187062743642157,32.37740717039796,349,349,50,349.0,349.0,False,PSU linearization; no explicit strata; approximate
LiTS,2010,pro_market_index,All,survey_coverage,35.97090947331806,2.699438260712377,30.592161326293084,41.34965762034303,1357,1558,75,1242.73011174408,33258472.190429688,True,PSU linearization; no explicit strata; approximate
LiTS,2010,pro_market_index,All,survey_coverage,35.07737656595431,2.711317322651582,29.674958871333523,40.4797942605751,1357,1558,75,1357.0,1357.0,False,PSU linearization; no explicit strata; approximate
LiTS,2010,pro_market_index,18-34,survey_coverage,42.96088409949707,3.648019435157995,35.692046703679395,50.22972149531475,421,485,75,364.9432696653785,10116830.333007812,True,PSU linearization; no explicit strata; approximate
LiTS,2010,pro_market_index,18-34,survey_coverage,43.23040380047506,3.689989178986638,35.87793986459721,50.58286773635291,421,485,75,421.0,421.0,False,PSU linearization; no explicit strata; approximate
LiTS,2010,pro_market_index,35-54,survey_coverage,38.061036756894886,3.735327528156382,30.61823418829662,45.50383932549315,446,499,75,440.8149038100103,12978290.30078125,True,PSU linearization; no explicit strata; approximate
LiTS,2010,pro_market_index,35-54,survey_coverage,37.66816143497758,3.680576718014245,30.33445223698391,45.00187063297124,446,499,75,446.0,446.0,False,PSU linearization; no explicit strata; approximate
LiTS,2010,pro_market_index,55+,survey_coverage,26.343901548654,3.907891617454234,18.557257526423477,34.13054557088452,490,574,75,453.99704521953504,10163351.556640623,True,PSU linearization; no explicit strata; approximate
LiTS,2010,pro_market_index,55+,survey_coverage,25.714285714285715,4.206827448581138,17.331999046266773,34.09657238230466,490,574,75,490.0,490.0,False,PSU linearization; no explicit strata; approximate
LiTS,2010,pro_market_index,All,exclude_crimea_donetsk_luhansk,36.84820166350596,3.09776925025537,30.67576169433811,43.020641632673815,1097,1253,75,1004.5337795171752,26770934.14453125,True,PSU linearization; no explicit strata; approximate
LiTS,2010,pro_market_index,All,exclude_crimea_donetsk_luhansk,35.73381950774841,3.120312100548713,29.51646192886572,41.9511770866311,1097,1253,75,1097.0,1097.0,False,PSU linearization; no explicit strata; approximate
LiTS,2010,pro_market_index,18-34,exclude_crimea_donetsk_luhansk,44.65367934778,4.309513513676658,36.066786228709255,53.24057246685074,328,374,75,284.98981028189195,7949697.501953125,True,PSU linearization; no explicit strata; approximate
LiTS,2010,pro_market_index,18-34,exclude_crimea_donetsk_luhansk,44.51219512195122,4.480362913321427,35.584877142962725,53.43951310093972,328,374,75,328.0,328.0,False,PSU linearization; no explicit strata; approximate
LiTS,2010,pro_market_index,35-54,exclude_crimea_donetsk_luhansk,38.63345299630567,4.054695488618007,30.554295875520392,46.71261011709095,357,398,75,352.742564126329,10342691.7734375,True,PSU linearization; no explicit strata; approximate
LiTS,2010,pro_market_index,35-54,exclude_crimea_donetsk_luhansk,38.095238095238095,3.972610198519285,30.179639485289066,46.01083670518712,357,398,75,357.0,357.0,False,PSU linearization; no explicit strata; approximate
LiTS,2010,pro_market_index,55+,exclude_crimea_donetsk_luhansk,27.3518208618259,4.501200166835887,18.38298374888973,36.32065797476207,412,481,75,381.48177018075904,8478544.869140625,True,PSU linearization; no explicit strata; approximate
LiTS,2010,pro_market_index,55+,exclude_crimea_donetsk_luhansk,26.699029126213592,4.829599134476192,17.075842786481598,36.32221546594559,412,481,75,412.0,412.0,False,PSU linearization; no explicit strata; approximate
LiTS,2016,pro_market_index,All,survey_coverage,36.641876421943046,3.3638622528449726,29.93923457135212,43.34451827253397,1395,1507,75,757.072147613676,32332755.98,True,PSU linearization; no explicit strata; approximate
LiTS,2016,pro_market_index,All,survey_coverage,35.053763440860216,2.783754313441907,29.507011891429684,40.60051499029075,1395,1507,75,1395.0,1395.0,False,PSU linearization; no explicit strata; approximate
LiTS,2016,pro_market_index,18-34,survey_coverage,39.87274110062405,4.430896762496486,31.04398657869343,48.701495622554674,336,354,75,176.8455603609864,9538688.5,True,PSU linearization; no explicit strata; approximate
LiTS,2016,pro_market_index,18-34,survey_coverage,40.47619047619048,4.212220267187663,32.08315838253641,48.86922256984454,336,354,75,336.0,336.0,False,PSU linearization; no explicit strata; approximate
LiTS,2016,pro_market_index,35-54,survey_coverage,44.12674478511852,4.81740056911828,34.52786461744097,53.72562495279607,529,557,75,282.58358256303995,11873538.77,True,PSU linearization; no explicit strata; approximate
LiTS,2016,pro_market_index,35-54,survey_coverage,41.209829867674856,3.3503715188495784,34.534068891351666,47.885590843998045,529,557,75,529.0,529.0,False,PSU linearization; no explicit strata; approximate
LiTS,2016,pro_market_index,55+,survey_coverage,25.681776445785285,3.1483150754916283,19.408621721334377,31.954931170236197,530,596,75,324.54847935907065,10920528.71,True,PSU linearization; no explicit strata; approximate
LiTS,2016,pro_market_index,55+,survey_coverage,25.471698113207548,3.203095058912134,19.08939188912599,31.854004337289105,530,596,75,530.0,530.0,False,PSU linearization; no explicit strata; approximate
LiTS,2016,pro_market_index,All,exclude_crimea_donetsk_luhansk,36.641876421943046,3.3638622528449726,29.93923457135212,43.34451827253397,1395,1507,75,757.072147613676,32332755.98,True,PSU linearization; no explicit strata; approximate
LiTS,2016,pro_market_index,All,exclude_crimea_donetsk_luhansk,35.053763440860216,2.783754313441907,29.507011891429684,40.60051499029075,1395,1507,75,1395.0,1395.0,False,PSU linearization; no explicit strata; approximate
LiTS,2016,pro_market_index,18-34,exclude_crimea_donetsk_luhansk,39.87274110062405,4.430896762496486,31.04398657869343,48.701495622554674,336,354,75,176.8455603609864,9538688.5,True,PSU linearization; no explicit strata; approximate
LiTS,2016,pro_market_index,18-34,exclude_crimea_donetsk_luhansk,40.47619047619048,4.212220267187663,32.08315838253641,48.86922256984454,336,354,75,336.0,336.0,False,PSU linearization; no explicit strata; approximate
LiTS,2016,pro_market_index,35-54,exclude_crimea_donetsk_luhansk,44.12674478511852,4.81740056911828,34.52786461744097,53.72562495279607,529,557,75,282.58358256303995,11873538.77,True,PSU linearization; no explicit strata; approximate
LiTS,2016,pro_market_index,35-54,exclude_crimea_donetsk_luhansk,41.209829867674856,3.3503715188495784,34.534068891351666,47.885590843998045,529,557,75,529.0,529.0,False,PSU linearization; no explicit strata; approximate
LiTS,2016,pro_market_index,55+,exclude_crimea_donetsk_luhansk,25.681776445785285,3.1483150754916283,19.408621721334377,31.954931170236197,530,596,75,324.54847935907065,10920528.71,True,PSU linearization; no explicit strata; approximate
LiTS,2016,pro_market_index,55+,exclude_crimea_donetsk_luhansk,25.471698113207548,3.203095058912134,19.08939188912599,31.854004337289105,530,596,75,530.0,530.0,False,PSU linearization; no explicit strata; approximate
WVS,1996,pro_market_index,All,survey_coverage,52.2775086843779,0.4097892119643714,51.47399048699759,53.081026881758206,2271,2811,2811,2271.0,2271.0,True,Weighted respondent linearization; clustering unavailable; approximate
WVS,1996,pro_market_index,All,survey_coverage,52.2775086843779,0.4097892119643714,51.47399048699759,53.081026881758206,2271,2811,2811,2271.0,2271.0,False,Weighted respondent linearization; clustering unavailable; approximate
WVS,1996,pro_market_index,18-34,survey_coverage,56.783941105975,0.7238319932216786,55.36464513278026,58.20323707916973,649,772,2811,649.0,649.0,True,Weighted respondent linearization; clustering unavailable; approximate
WVS,1996,pro_market_index,18-34,survey_coverage,56.783941105975,0.7238319932216786,55.36464513278026,58.20323707916973,649,772,2811,649.0,649.0,False,Weighted respondent linearization; clustering unavailable; approximate
WVS,1996,pro_market_index,35-54,survey_coverage,54.08289241622575,0.6239209420551777,52.859502888071,55.306281944380494,945,1121,2811,945.0,945.0,True,Weighted respondent linearization; clustering unavailable; approximate
WVS,1996,pro_market_index,35-54,survey_coverage,54.08289241622575,0.6239209420551777,52.859502888071,55.306281944380494,945,1121,2811,945.0,945.0,False,Weighted respondent linearization; clustering unavailable; approximate
WVS,1996,pro_market_index,55+,survey_coverage,45.437387165599866,0.7382675847095994,43.98978576094955,46.88498857025018,677,918,2811,677.0,677.0,True,Weighted respondent linearization; clustering unavailable; approximate
WVS,1996,pro_market_index,55+,survey_coverage,45.437387165599866,0.7382675847095994,43.98978576094955,46.88498857025018,677,918,2811,677.0,677.0,False,Weighted respondent linearization; clustering unavailable; approximate
WVS,1996,pro_market_index,All,exclude_crimea_donetsk_luhansk,53.76754305325733,0.4474547926999291,52.89016986249924,54.64491624401542,1813,2261,2811,1813.0,1813.0,True,Weighted respondent linearization; clustering unavailable; approximate
WVS,1996,pro_market_index,All,exclude_crimea_donetsk_luhansk,53.76754305325733,0.4474547926999291,52.89016986249924,54.64491624401542,1813,2261,2811,1813.0,1813.0,False,Weighted respondent linearization; clustering unavailable; approximate
WVS,1996,pro_market_index,18-34,exclude_crimea_donetsk_luhansk,57.02218076285239,0.7954968014167326,55.4623638198145,58.58199770589029,536,643,2811,536.0,536.0,True,Weighted respondent linearization; clustering unavailable; approximate
WVS,1996,pro_market_index,18-34,exclude_crimea_donetsk_luhansk,57.02218076285239,0.7954968014167326,55.4623638198145,58.58199770589029,536,643,2811,536.0,536.0,False,Weighted respondent linearization; clustering unavailable; approximate
WVS,1996,pro_market_index,35-54,exclude_crimea_donetsk_luhansk,55.04858470637938,0.6847167746438971,53.70598618886214,56.39118322389662,789,936,2811,789.0,789.0,True,Weighted respondent linearization; clustering unavailable; approximate
WVS,1996,pro_market_index,35-54,exclude_crimea_donetsk_luhansk,55.04858470637938,0.6847167746438971,53.70598618886214,56.39118322389662,789,936,2811,789.0,789.0,False,Weighted respondent linearization; clustering unavailable; approximate
WVS,1996,pro_market_index,55+,exclude_crimea_donetsk_luhansk,48.12158469945355,0.824525919508477,46.50484721297625,49.73832218593085,488,682,2811,488.0,488.0,True,Weighted respondent linearization; clustering unavailable; approximate
WVS,1996,pro_market_index,55+,exclude_crimea_donetsk_luhansk,48.12158469945355,0.824525919508477,46.50484721297625,49.73832218593085,488,682,2811,488.0,488.0,False,Weighted respondent linearization; clustering unavailable; approximate
WVS,2006,pro_market_index,All,survey_coverage,49.205120767544834,0.6235624450226468,47.98147832807115,50.42876320701852,904,1000,1000,687.5163371698704,900.00284,True,Weighted respondent linearization; clustering unavailable; approximate
WVS,2006,pro_market_index,All,survey_coverage,49.24717305801376,0.5551696598217153,48.15774061658225,50.33660549944526,904,1000,1000,904.0,904.0,False,Weighted respondent linearization; clustering unavailable; approximate
WVS,2006,pro_market_index,18-34,survey_coverage,51.980648599431696,0.9065690310375272,50.20165060244718,53.75964659641621,360,384,1000,307.35106977754504,291.751573,True,Weighted respondent linearization; clustering unavailable; approximate
WVS,2006,pro_market_index,18-34,survey_coverage,51.62808641975308,0.8581030366926833,49.94419525292651,53.31197758657965,360,384,1000,360.0,360.0,False,Weighted respondent linearization; clustering unavailable; approximate
WVS,2006,pro_market_index,35-54,survey_coverage,50.30036040829351,0.8807239004541408,48.572079382621176,52.02864143396584,345,374,1000,295.5386611574584,338.617254,True,Weighted respondent linearization; clustering unavailable; approximate
WVS,2006,pro_market_index,35-54,survey_coverage,49.943639291465374,0.84452295360661,48.28639688472424,51.60088169820651,345,374,1000,345.0,345.0,False,Weighted respondent linearization; clustering unavailable; approximate
WVS,2006,pro_market_index,55+,survey_coverage,44.82647566507948,1.4212187729342247,42.03755914160944,47.61539218854952,199,242,1000,141.6533626876217,269.634013,True,Weighted respondent linearization; clustering unavailable; approximate
WVS,2006,pro_market_index,55+,survey_coverage,43.73255164712451,1.264176736494995,41.2518052229,46.213298071349016,199,242,1000,199.0,199.0,False,Weighted respondent linearization; clustering unavailable; approximate
WVS,2011,pro_market_index,All,survey_coverage,37.30074900654034,0.4675634043184034,36.38360103447498,38.21789697860571,1500,1500,1500,1366.4216831899291,1500.0003419999998,True,Weighted respondent linearization; clustering unavailable; approximate
WVS,2011,pro_market_index,All,survey_coverage,37.15555555555555,0.4437193576321243,36.28517882106391,38.0259322900472,1500,1500,1500,1500.0,1500.0,False,Weighted respondent linearization; clustering unavailable; approximate
WVS,2011,pro_market_index,18-34,survey_coverage,41.38043641414073,0.8136422796025241,39.78443818196103,42.97643464632044,467,467,1500,407.3426548509066,475.53923,True,Weighted respondent linearization; clustering unavailable; approximate
WVS,2011,pro_market_index,18-34,survey_coverage,41.41684511063526,0.734163849437695,39.976747619136646,42.85694260213387,467,467,1500,467.0,467.0,False,Weighted respondent linearization; clustering unavailable; approximate
WVS,2011,pro_market_index,35-54,survey_coverage,38.21940756837622,0.8153222595600574,36.620113975188936,39.8187011615635,476,476,1500,437.8686945210743,491.442788,True,Weighted respondent linearization; clustering unavailable; approximate
WVS,2011,pro_market_index,35-54,survey_coverage,38.252801120448176,0.7750636553619962,36.732476704184094,39.77312553671226,476,476,1500,476.0,476.0,False,Weighted respondent linearization; clustering unavailable; approximate
WVS,2011,pro_market_index,55+,survey_coverage,32.813999816845154,0.7511011563638379,31.34067898802782,34.28732064566249,557,557,1500,526.2122249509607,533.018324,True,Weighted respondent linearization; clustering unavailable; approximate
WVS,2011,pro_market_index,55+,survey_coverage,32.64512268102932,0.7379193305960448,31.197658633686736,34.092586728371906,557,557,1500,557.0,557.0,False,Weighted respondent linearization; clustering unavailable; approximate
WVS,2011,pro_market_index,All,exclude_crimea_donetsk_luhansk,37.24287640042287,0.525563299951583,36.21195886006223,38.27379394078351,1191,1191,1500,1085.046302762824,1187.3670189999998,True,Weighted respondent linearization; clustering unavailable; approximate
WVS,2011,pro_market_index,All,exclude_crimea_donetsk_luhansk,37.17464315701091,0.50022456874714,36.19342874936816,38.15585756465367,1191,1191,1500,1191.0,1191.0,False,Weighted respondent linearization; clustering unavailable; approximate
WVS,2011,pro_market_index,18-34,exclude_crimea_donetsk_luhansk,41.11821120814507,0.8969499231297676,39.358801050196845,42.877621366093294,377,377,1500,329.759951044678,387.863635,True,Weighted respondent linearization; clustering unavailable; approximate
WVS,2011,pro_market_index,18-34,exclude_crimea_donetsk_luhansk,41.50456822870616,0.8260534766425655,39.88422484014542,43.12491161726689,377,377,1500,377.0,377.0,False,Weighted respondent linearization; clustering unavailable; approximate
WVS,2011,pro_market_index,35-54,exclude_crimea_donetsk_luhansk,38.32642768825036,0.9291295987531656,36.50389555803669,40.14895981846402,372,372,1500,344.9267403748936,383.620288,True,Weighted respondent linearization; clustering unavailable; approximate
WVS,2011,pro_market_index,35-54,exclude_crimea_donetsk_luhansk,38.35872162485066,0.8801958875248251,36.63217530876231,40.08526794093901,372,372,1500,372.0,372.0,False,Weighted respondent linearization; clustering unavailable; approximate
WVS,2011,pro_market_index,55+,exclude_crimea_donetsk_luhansk,32.629143067860795,0.8523251968003132,30.95726644414349,34.3010196915781,442,442,1500,415.29000505589846,415.883096,True,Weighted respondent linearization; clustering unavailable; approximate
WVS,2011,pro_market_index,55+,exclude_crimea_donetsk_luhansk,32.48491704374057,0.8263974790241629,30.863898878061374,34.105935209419776,442,442,1500,442.0,442.0,False,Weighted respondent linearization; clustering unavailable; approximate
WVS,2020,pro_market_index,All,survey_coverage,51.68585299986378,0.4377427321006081,50.82708601943889,52.54461998028868,1072,1289,1289,1040.4379172598806,1073.9805030000002,True,Weighted respondent linearization; clustering unavailable; approximate
WVS,2020,pro_market_index,All,survey_coverage,51.66873963515755,0.4410815801400622,50.8034224775654,52.5340567927497,1072,1289,1289,1072.0,1072.0,False,Weighted respondent linearization; clustering unavailable; approximate
WVS,2020,pro_market_index,18-34,survey_coverage,54.62029772030984,0.7918327672876836,53.06687424871501,56.17372119190468,284,332,1289,276.0622729849063,279.86760100000004,True,Weighted respondent linearization; clustering unavailable; approximate
WVS,2020,pro_market_index,18-34,survey_coverage,54.7339593114241,0.7791693642947238,53.20537899895605,56.26253962389215,284,332,1289,284.0,284.0,False,Weighted respondent linearization; clustering unavailable; approximate
WVS,2020,pro_market_index,35-54,survey_coverage,52.52684932985897,0.695219170224118,51.162963138803605,53.89073552091433,434,499,1289,420.3762743370426,436.55952,True,Weighted respondent linearization; clustering unavailable; approximate
WVS,2020,pro_market_index,35-54,survey_coverage,52.51536098310292,0.69791914362781,51.146177963940346,53.884544002265486,434,499,1289,434.0,434.0,False,Weighted respondent linearization; clustering unavailable; approximate
WVS,2020,pro_market_index,55+,survey_coverage,48.36215081118526,0.7598753417565005,46.87142165708114,49.852879965289375,354,458,1289,344.1180106083385,357.553382,True,Weighted respondent linearization; clustering unavailable; approximate
WVS,2020,pro_market_index,55+,survey_coverage,48.17168863779033,0.7764491590937483,46.6484448443214,49.69493243125927,354,458,1289,354.0,354.0,False,Weighted respondent linearization; clustering unavailable; approximate
WVS,2020,pro_market_index,All,exclude_crimea_donetsk_luhansk,51.43168484731452,0.4440441223267535,50.560555752204095,52.30281394242495,1007,1202,1289,977.4297274474844,1014.842456,True,Weighted respondent linearization; clustering unavailable; approximate
WVS,2020,pro_market_index,All,exclude_crimea_donetsk_luhansk,51.39026812313804,0.4471624308014017,50.51302150703541,52.26751473924066,1007,1202,1289,1007.0,1007.0,False,Weighted respondent linearization; clustering unavailable; approximate
WVS,2020,pro_market_index,18-34,exclude_crimea_donetsk_luhansk,54.37616178039036,0.8044059259011808,52.798072191770345,55.954251369010365,275,321,1289,267.34345812678845,271.717601,True,Weighted respondent linearization; clustering unavailable; approximate
WVS,2020,pro_market_index,18-34,exclude_crimea_donetsk_luhansk,54.45454545454545,0.7897244919219343,52.9052580134018,56.00383289568911,275,321,1289,275.0,275.0,False,Weighted respondent linearization; clustering unavailable; approximate
WVS,2020,pro_market_index,35-54,exclude_crimea_donetsk_luhansk,52.17461631607413,0.7085719375771112,50.784534565711546,53.56469806643671,407,468,1289,394.149233396069,411.138774,True,Weighted respondent linearization; clustering unavailable; approximate
WVS,2020,pro_market_index,35-54,exclude_crimea_donetsk_luhansk,52.14987714987715,0.714239498176787,50.74867673655196,53.55107756320234,407,468,1289,407.0,407.0,False,Weighted respondent linearization; clustering unavailable; approximate
WVS,2020,pro_market_index,55+,exclude_crimea_donetsk_luhansk,48.101683365454114,0.7672039084589928,46.59657697413639,49.60678975677184,325,413,1289,316.106592481367,331.986081,True,Weighted respondent linearization; clustering unavailable; approximate
WVS,2020,pro_market_index,55+,exclude_crimea_donetsk_luhansk,47.84615384615385,0.7795629443469979,46.31680140538244,49.37550628692526,325,413,1289,325.0,325.0,False,Weighted respondent linearization; clustering unavailable; approximate
EVS,1999,pro_market_index,All,survey_coverage,58.27314955514436,0.6551182977580987,56.98783838131846,59.55846072897025,989,1195,1195,939.7680262135482,1000.72001,True,Weighted respondent linearization; clustering unavailable; approximate
EVS,1999,pro_market_index,All,survey_coverage,57.77440736995843,0.6353923050500754,56.52779766261454,59.021017077302325,989,1195,1195,989.0,989.0,False,Weighted respondent linearization; clustering unavailable; approximate
EVS,1999,pro_market_index,18-34,survey_coverage,63.54188153051364,1.10607804934756,61.371808612668026,65.71195444835925,296,331,1195,278.83145125016705,320.08319,True,Weighted respondent linearization; clustering unavailable; approximate
EVS,1999,pro_market_index,18-34,survey_coverage,63.03490990990991,1.0644469389090832,60.94651526545167,65.12330455436815,296,331,1195,296.0,296.0,False,Weighted respondent linearization; clustering unavailable; approximate
EVS,1999,pro_market_index,35-54,survey_coverage,60.3668964987672,0.9345985220985142,58.533258318296255,62.20053467923815,427,495,1195,399.6419446646921,402.9008799999999,True,Weighted respondent linearization; clustering unavailable; approximate
EVS,1999,pro_market_index,35-54,survey_coverage,59.59536820192558,0.92152491181476,57.787379827661326,61.40335657618984,427,495,1195,427.0,427.0,False,Weighted respondent linearization; clustering unavailable; approximate
EVS,1999,pro_market_index,55+,survey_coverage,49.16375944879314,1.2668750830462483,46.67821034162685,51.64930855595944,266,369,1195,264.1678224077949,277.73594,True,Weighted respondent linearization; clustering unavailable; approximate
EVS,1999,pro_market_index,55+,survey_coverage,48.99749373433583,1.2505784724443665,46.5439178078512,51.45106966082047,266,369,1195,266.0,266.0,False,Weighted respondent linearization; clustering unavailable; approximate
EVS,1999,pro_market_index,All,exclude_crimea_donetsk_luhansk,58.447640856071736,0.7266338240947716,57.02201959562923,59.87326211651424,781,943,1195,742.7495012116731,792.8060399999999,True,Weighted respondent linearization; clustering unavailable; approximate
EVS,1999,pro_market_index,All,exclude_crimea_donetsk_luhansk,58.06302461232038,0.7099497978576128,56.67013662374711,59.45591260089365,781,943,1195,781.0,781.0,False,Weighted respondent linearization; clustering unavailable; approximate
EVS,1999,pro_market_index,18-34,exclude_crimea_donetsk_luhansk,63.2232847647892,1.2053953890812612,60.85835591489096,65.58821361468745,237,265,1195,223.2899903127163,254.67215,True,Weighted respondent linearization; clustering unavailable; approximate
EVS,1999,pro_market_index,18-34,exclude_crimea_donetsk_luhansk,62.869198312236286,1.163429840446725,60.58660388767815,65.15179273679442,237,265,1195,237.0,237.0,False,Weighted respondent linearization; clustering unavailable; approximate
EVS,1999,pro_market_index,35-54,exclude_crimea_donetsk_luhansk,60.60869270013029,1.0046998746129776,58.63751897532256,62.579866424938025,337,391,1195,315.6560234537164,321.94188,True,Weighted respondent linearization; clustering unavailable; approximate
EVS,1999,pro_market_index,35-54,exclude_crimea_donetsk_luhansk,60.00659413122321,1.0051712521268414,58.03449558598574,61.97869267646068,337,391,1195,337.0,337.0,False,Weighted respondent linearization; clustering unavailable; approximate
EVS,1999,pro_market_index,55+,exclude_crimea_donetsk_luhansk,49.60385150732959,1.504230667557527,46.65262194827188,52.555081066387295,207,287,1195,205.5199313702067,216.19201,True,Weighted respondent linearization; clustering unavailable; approximate
EVS,1999,pro_market_index,55+,exclude_crimea_donetsk_luhansk,49.39613526570049,1.483867400778878,46.48485747476735,52.30741305663363,207,287,1195,207.0,207.0,False,Weighted respondent linearization; clustering unavailable; approximate
EVS,2008,pro_market_index,All,survey_coverage,54.425131260440665,0.4903339025930561,53.46332147990235,55.38694104097898,1264,1507,1507,1208.1825339844918,1274.7403419359289,True,Weighted respondent linearization; clustering unavailable; approximate
EVS,2008,pro_market_index,All,survey_coverage,53.92932489451476,0.4747534393625996,52.99807682272454,54.86057296630497,1264,1507,1507,1264.0,1264.0,False,Weighted respondent linearization; clustering unavailable; approximate
EVS,2008,pro_market_index,18-34,survey_coverage,57.06813825584613,0.8428144884217973,55.41492355081226,58.72135296088,369,413,1507,359.7252114612487,432.1393314482665,True,Weighted respondent linearization; clustering unavailable; approximate
EVS,2008,pro_market_index,18-34,survey_coverage,56.76753989762119,0.8357928543907357,55.1280984117156,58.406981383526784,369,413,1507,369.0,369.0,False,Weighted respondent linearization; clustering unavailable; approximate
EVS,2008,pro_market_index,35-54,survey_coverage,56.22669591249466,0.8108093310536665,54.63626061802479,57.81713120696453,452,526,1507,436.4744362869424,459.0919207768361,True,Weighted respondent linearization; clustering unavailable; approximate
EVS,2008,pro_market_index,35-54,survey_coverage,55.81981317600786,0.7852756921357902,54.27946314693382,57.3601632050819,452,526,1507,452.0,452.0,False,Weighted respondent linearization; clustering unavailable; approximate
EVS,2008,pro_market_index,55+,survey_coverage,49.29036104154552,0.8341790428565724,47.654085112231655,50.92663697085938,443,568,1507,428.8615960607201,383.5090897108263,True,Weighted respondent linearization; clustering unavailable; approximate
EVS,2008,pro_market_index,55+,survey_coverage,49.63631803360923,0.8020513757193721,48.06306182272606,51.2095742444924,443,568,1507,443.0,443.0,False,Weighted respondent linearization; clustering unavailable; approximate
EVS,2008,pro_market_index,All,exclude_crimea_donetsk_luhansk,54.33199480226288,0.5617197505382748,53.230158793918086,55.43383081060767,989,1196,1507,946.080763927206,999.5092283760736,True,Weighted respondent linearization; clustering unavailable; approximate
EVS,2008,pro_market_index,All,exclude_crimea_donetsk_luhansk,53.87316031906526,0.5454992804999064,52.803141418706126,54.9431792194244,989,1196,1507,989.0,989.0,False,Weighted respondent linearization; clustering unavailable; approximate
EVS,2008,pro_market_index,18-34,exclude_crimea_donetsk_luhansk,56.467569066164245,0.9512273006673218,54.60169824536522,58.33343988696327,301,340,1507,293.45705417690687,351.49027369987607,True,Weighted respondent linearization; clustering unavailable; approximate
EVS,2008,pro_market_index,18-34,exclude_crimea_donetsk_luhansk,56.183093392395726,0.941376540009937,54.33654523702104,58.02964154777042,301,340,1507,301.0,301.0,False,Weighted respondent linearization; clustering unavailable; approximate
EVS,2008,pro_market_index,35-54,exclude_crimea_donetsk_luhansk,56.1693060341383,0.9004660456447281,54.403005468006434,57.93560660027017,360,425,1507,347.6708491322555,363.8141510872398,True,Weighted respondent linearization; clustering unavailable; approximate
EVS,2008,pro_market_index,35-54,exclude_crimea_donetsk_luhansk,55.70987654320987,0.8801548053631505,53.98341729633897,57.436335790080776,360,425,1507,360.0,360.0,False,Weighted respondent linearization; clustering unavailable; approximate
EVS,2008,pro_market_index,55+,exclude_crimea_donetsk_luhansk,49.338858195447095,1.0209996344266978,47.33612612017257,51.34159027072162,328,431,1507,317.69129876742863,284.2048035889577,True,Weighted respondent linearization; clustering unavailable; approximate
EVS,2008,pro_market_index,55+,exclude_crimea_donetsk_luhansk,49.737466124661246,0.973394332602709,47.82811377421842,51.64681847510407,328,431,1507,328.0,328.0,False,Weighted respondent linearization; clustering unavailable; approximate
EVS,2020,pro_market_index,All,survey_coverage,51.01542230941807,1.349543842577367,48.36837624883669,53.66246836999945,1399,1612,1612,214.51161322957364,1352.9422502026582,True,Weighted respondent linearization; clustering unavailable; approximate
EVS,2020,pro_market_index,All,survey_coverage,54.39202605035342,0.4593426726316959,53.491054052493375,55.29299804821347,1399,1612,1612,1399.0,1399.0,False,Weighted respondent linearization; clustering unavailable; approximate
EVS,2020,pro_market_index,18-34,survey_coverage,52.5146846464247,2.491111332911761,47.6285251662997,57.40084412654969,393,441,1612,61.10756505242107,382.91409388917,True,Weighted respondent linearization; clustering unavailable; approximate
EVS,2020,pro_market_index,18-34,survey_coverage,58.17783432287249,0.8720548963216064,56.46735304387212,59.88831560187287,393,441,1612,393.0,393.0,False,Weighted respondent linearization; clustering unavailable; approximate
EVS,2020,pro_market_index,35-54,survey_coverage,52.55411128875303,2.2034219848593675,48.23223651832591,56.87598605918015,549,637,1612,71.84706233062012,463.2055887334369,True,Weighted respondent linearization; clustering unavailable; approximate
EVS,2020,pro_market_index,35-54,survey_coverage,55.02934628617688,0.7304788606446356,53.59655756942461,56.46213500292916,549,637,1612,549.0,549.0,False,Weighted respondent linearization; clustering unavailable; approximate
EVS,2020,pro_market_index,55+,survey_coverage,48.4764311591783,2.313721318741961,43.93821112598366,53.01465119237293,457,534,1612,81.61430983297922,506.8225675800512,True,Weighted respondent linearization; clustering unavailable; approximate
EVS,2020,pro_market_index,55+,survey_coverage,50.370775589593975,0.7624950475059379,48.87518911953256,51.866362059655394,457,534,1612,457.0,457.0,False,Weighted respondent linearization; clustering unavailable; approximate
EVS,2020,pro_market_index,All,exclude_crimea_donetsk_luhansk,51.254796290285576,1.4463623958968173,48.41784667705933,54.09174590351182,1302,1488,1612,194.3090527377503,1176.440897889369,True,Weighted respondent linearization; clustering unavailable; approximate
EVS,2020,pro_market_index,All,exclude_crimea_donetsk_luhansk,54.31600955794504,0.4773101237553833,53.379795525543294,55.25222359034678,1302,1488,1612,1302.0,1302.0,False,Weighted respondent linearization; clustering unavailable; approximate
EVS,2020,pro_market_index,18-34,exclude_crimea_donetsk_luhansk,52.9104865569211,2.6675403023599684,47.67827265913569,58.14270045470651,376,419,1612,59.47806333805524,355.89675101229216,True,Weighted respondent linearization; clustering unavailable; approximate
EVS,2020,pro_market_index,18-34,exclude_crimea_donetsk_luhansk,58.20035460992907,0.9011903011143207,56.43272605193944,59.9679831679187,376,419,1612,376.0,376.0,False,Weighted respondent linearization; clustering unavailable; approximate
EVS,2020,pro_market_index,35-54,exclude_crimea_donetsk_luhansk,52.57084271176296,2.275633898241116,48.10732877792848,57.03435664559744,514,592,1612,66.94445758553411,403.5988544993394,True,Weighted respondent linearization; clustering unavailable; approximate
EVS,2020,pro_market_index,35-54,exclude_crimea_donetsk_luhansk,54.87462170341548,0.7558061801602333,53.39215502939076,56.3570883774402,514,592,1612,514.0,514.0,False,Weighted respondent linearization; clustering unavailable; approximate
EVS,2020,pro_market_index,55+,exclude_crimea_donetsk_luhansk,48.5676101408388,2.5711546800258462,43.52445062857744,53.61076965310016,412,477,1612,67.9093326389807,416.9452923777374,True,Weighted respondent linearization; clustering unavailable; approximate
EVS,2020,pro_market_index,55+,exclude_crimea_donetsk_luhansk,50.07416396979504,0.7947575404669835,48.51529663237479,51.63303130721529,412,477,1612,412.0,412.0,False,Weighted respondent linearization; clustering unavailable; approximate
