survey,year,omitted,age_group,territory,sample,estimate,se,ci_low,ci_high,n_valid,n_domain,n_psu,kish_n,weight_sum,weighted,variance_method
EVS,1999,private_ownership,All,survey_coverage,same four-item complete cases,61.209186625389705,0.6541200875189234,59.92583389293025,62.49253935784916,989,1195,1195,939.7680262135482,1000.7200099999999,True,Weighted respondent linearization; clustering unavailable; approximate
EVS,1999,private_ownership,18-34,survey_coverage,same four-item complete cases,65.4867776833382,1.1467491596004107,63.23690996715039,67.73664539952601,296,331,1195,278.83145125016705,320.08319,True,Weighted respondent linearization; clustering unavailable; approximate
EVS,1999,private_ownership,35-54,survey_coverage,same four-item complete cases,63.229910984006246,0.9315810793089704,61.40219288384301,65.05762908416948,427,495,1195,399.6419446646921,402.9008799999999,True,Weighted respondent linearization; clustering unavailable; approximate
EVS,1999,private_ownership,55+,survey_coverage,same four-item complete cases,53.34799079431481,1.2696678687309444,50.85696237347505,55.83901921515457,266,369,1195,264.1678224077949,277.73593999999997,True,Weighted respondent linearization; clustering unavailable; approximate
EVS,1999,competition,All,survey_coverage,same four-item complete cases,55.366939916257564,0.6883620431455866,54.016406083329365,56.717473749185764,989,1195,1195,939.7680262135482,1000.7200099999999,True,Weighted respondent linearization; clustering unavailable; approximate
EVS,1999,competition,18-34,survey_coverage,same four-item complete cases,59.779829598535166,1.2713038730171184,57.2855914145173,62.27406778255303,296,331,1195,278.83145125016705,320.08319,True,Weighted respondent linearization; clustering unavailable; approximate
EVS,1999,competition,35-54,survey_coverage,same four-item complete cases,57.18105764485907,0.9733513531713176,55.27138823924036,59.090727050477774,427,495,1195,399.6419446646921,402.9008799999999,True,Weighted respondent linearization; clustering unavailable; approximate
EVS,1999,competition,55+,survey_coverage,same four-item complete cases,47.649532381969244,1.2893596085588206,45.11986969718134,50.179195066757146,266,369,1195,264.1678224077949,277.73593999999997,True,Weighted respondent linearization; clustering unavailable; approximate
EVS,1999,individual_responsibility,All,survey_coverage,same four-item complete cases,62.90886239739266,0.6777059175897803,61.57923537975788,64.23848941502744,989,1195,1195,939.7680262135482,1000.7200099999999,True,Weighted respondent linearization; clustering unavailable; approximate
EVS,1999,individual_responsibility,18-34,survey_coverage,same four-item complete cases,68.39150113397663,1.1309668193850224,66.17259762424952,70.61040464370375,296,331,1195,278.83145125016705,320.08319,True,Weighted respondent linearization; clustering unavailable; approximate
EVS,1999,individual_responsibility,35-54,survey_coverage,same four-item complete cases,64.96069280438478,0.9943642179854458,63.00979714996167,66.91158845880788,427,495,1195,399.6419446646921,402.9008799999999,True,Weighted respondent linearization; clustering unavailable; approximate
EVS,1999,individual_responsibility,55+,survey_coverage,same four-item complete cases,53.61375722299123,1.289578452231303,51.083665177248946,56.14384926873352,266,369,1195,264.1678224077949,277.73593999999997,True,Weighted respondent linearization; clustering unavailable; approximate
EVS,1999,income_incentives,All,survey_coverage,same four-item complete cases,53.6076092815375,0.8246128696076862,51.98975775912627,55.22546080394873,989,1195,1195,939.7680262135482,1000.7200099999999,True,Weighted respondent linearization; clustering unavailable; approximate
EVS,1999,income_incentives,18-34,survey_coverage,same four-item complete cases,60.50941770620459,1.2956340802567423,57.967444804146325,63.05139060826285,296,331,1195,278.83145125016705,320.08319,True,Weighted respondent linearization; clustering unavailable; approximate
EVS,1999,income_incentives,35-54,survey_coverage,same four-item complete cases,56.09592456181871,1.1986153724459705,53.74429778449253,58.447551339144894,427,495,1195,399.6419446646921,402.9008799999999,True,Weighted respondent linearization; clustering unavailable; approximate
EVS,1999,income_incentives,55+,survey_coverage,same four-item complete cases,42.04375739589727,1.652135113239323,38.80234629658356,45.28516849521099,266,369,1195,264.1678224077949,277.73593999999997,True,Weighted respondent linearization; clustering unavailable; approximate
EVS,2008,private_ownership,All,survey_coverage,same four-item complete cases,59.92057334157112,0.5430997897455733,58.85526113936935,60.985885543772895,1264,1507,1507,1208.1825339844918,1274.7403419359289,True,Weighted respondent linearization; clustering unavailable; approximate
EVS,2008,private_ownership,18-34,survey_coverage,same four-item complete cases,61.363762676855636,0.952115170362492,59.49615026374137,63.2313750899699,369,413,1507,359.7252114612487,432.13933144826655,True,Weighted respondent linearization; clustering unavailable; approximate
EVS,2008,private_ownership,35-54,survey_coverage,same four-item complete cases,62.140198946698156,0.8872121111447576,60.39989650911761,63.8805013842787,452,526,1507,436.47443628694253,459.09192077683605,True,Weighted respondent linearization; clustering unavailable; approximate
EVS,2008,private_ownership,55+,survey_coverage,same four-item complete cases,55.637308352454546,0.9457743598500027,53.78213369560229,57.4924830093068,443,568,1507,428.86159606072005,383.5090897108263,True,Weighted respondent linearization; clustering unavailable; approximate
EVS,2008,competition,All,survey_coverage,same four-item complete cases,52.770873301969615,0.5013042951144103,51.78754465282445,53.75420195111478,1264,1507,1507,1208.1825339844918,1274.7403419359289,True,Weighted respondent linearization; clustering unavailable; approximate
EVS,2008,competition,18-34,survey_coverage,same four-item complete cases,55.64413323721078,0.8230636055878501,54.02966068764178,57.25860578677978,369,413,1507,359.7252114612487,432.13933144826655,True,Weighted respondent linearization; clustering unavailable; approximate
EVS,2008,competition,35-54,survey_coverage,same four-item complete cases,54.58228027660443,0.850246655955998,52.91448707437265,56.25007347883621,452,526,1507,436.47443628694253,459.09192077683605,True,Weighted respondent linearization; clustering unavailable; approximate
EVS,2008,competition,55+,survey_coverage,same four-item complete cases,47.36487122689718,0.8664766867029039,45.66524216296328,49.06450029083108,443,568,1507,428.86159606072005,383.5090897108263,True,Weighted respondent linearization; clustering unavailable; approximate
EVS,2008,individual_responsibility,All,survey_coverage,same four-item complete cases,56.97705515932113,0.5114727354760663,55.97378070316376,57.9803296154785,1264,1507,1507,1208.1825339844918,1274.7403419359289,True,Weighted respondent linearization; clustering unavailable; approximate
EVS,2008,individual_responsibility,18-34,survey_coverage,same four-item complete cases,59.90697959031125,0.906147700571706,58.12953422825662,61.68442495236589,369,413,1507,359.7252114612487,432.13933144826655,True,Weighted respondent linearization; clustering unavailable; approximate
EVS,2008,individual_responsibility,35-54,survey_coverage,same four-item complete cases,57.94964078679433,0.841349215806655,56.29930027325517,59.599981300333496,452,526,1507,436.47443628694253,459.09192077683605,True,Weighted respondent linearization; clustering unavailable; approximate
EVS,2008,individual_responsibility,55+,survey_coverage,same four-item complete cases,52.5113414785059,0.861012347427581,50.82243093705513,54.200252019956665,443,568,1507,428.86159606072005,383.5090897108263,True,Weighted respondent linearization; clustering unavailable; approximate
EVS,2008,income_incentives,All,survey_coverage,same four-item complete cases,48.03202323890078,0.6170111219577475,46.821730969364594,49.24231550843696,1264,1507,1507,1208.1825339844918,1274.7403419359289,True,Weighted respondent linearization; clustering unavailable; approximate
EVS,2008,income_incentives,18-34,survey_coverage,same four-item complete cases,51.357677519006835,1.080711896924725,49.23781742589599,53.47753761211768,369,413,1507,359.7252114612487,432.13933144826655,True,Weighted respondent linearization; clustering unavailable; approximate
EVS,2008,income_incentives,35-54,survey_coverage,same four-item complete cases,50.23466363988174,1.0176568865351263,48.23848849978748,52.230838779976,452,526,1507,436.47443628694253,459.09192077683605,True,Weighted respondent linearization; clustering unavailable; approximate
EVS,2008,income_incentives,55+,survey_coverage,same four-item complete cases,41.64792310832443,1.0305255597401457,39.62650554529004,43.66934067135882,443,568,1507,428.86159606072005,383.5090897108263,True,Weighted respondent linearization; clustering unavailable; approximate
EVS,2020,private_ownership,All,survey_coverage,same four-item complete cases,55.1085842107693,1.505454053769845,52.15572999685421,58.06143842468439,1399,1612,1612,214.51161322957353,1352.9422502026578,True,Weighted respondent linearization; clustering unavailable; approximate
EVS,2020,private_ownership,18-34,survey_coverage,same four-item complete cases,56.43357434455881,2.7352804663729877,51.06849234079816,61.798656348319454,393,441,1612,61.10756505242109,382.91409388917,True,Weighted respondent linearization; clustering unavailable; approximate
EVS,2020,private_ownership,35-54,survey_coverage,same four-item complete cases,55.81796932795672,2.563471563115326,50.78987977023061,60.84605888568282,549,637,1612,71.84706233062009,463.20558873343685,True,Weighted respondent linearization; clustering unavailable; approximate
EVS,2020,private_ownership,55+,survey_coverage,same four-item complete cases,53.45919327829942,2.521569849761745,48.51329131742262,58.40509523917623,457,534,1612,81.6143098329792,506.8225675800511,True,Weighted respondent linearization; clustering unavailable; approximate
EVS,2020,competition,All,survey_coverage,same four-item complete cases,47.49484838924665,1.4065510473401077,44.735986252720835,50.25371052577246,1399,1612,1612,214.51161322957353,1352.9422502026578,True,Weighted respondent linearization; clustering unavailable; approximate
EVS,2020,competition,18-34,survey_coverage,same four-item complete cases,49.533112870944365,2.507621760049053,44.614569217935575,54.451656523953154,393,441,1612,61.10756505242109,382.91409388917,True,Weighted respondent linearization; clustering unavailable; approximate
EVS,2020,competition,35-54,survey_coverage,same four-item complete cases,49.356202880558634,2.117918508858987,45.20203784446706,53.51036791665021,549,637,1612,71.84706233062009,463.20558873343685,True,Weighted respondent linearization; clustering unavailable; approximate
EVS,2020,competition,55+,survey_coverage,same four-item complete cases,44.253733835194936,2.602184373774718,39.14971151432549,49.35775615606438,457,534,1612,81.6143098329792,506.8225675800511,True,Weighted respondent linearization; clustering unavailable; approximate
EVS,2020,individual_responsibility,All,survey_coverage,same four-item complete cases,53.02327332950278,1.3812132108257624,50.31410977868639,55.73243688031917,1399,1612,1612,214.51161322957353,1352.9422502026578,True,Weighted respondent linearization; clustering unavailable; approximate
EVS,2020,individual_responsibility,18-34,survey_coverage,same four-item complete cases,55.83432210173445,2.326122752272463,51.27177743029036,60.39686677317854,393,441,1612,61.10756505242109,382.91409388917,True,Weighted respondent linearization; clustering unavailable; approximate
EVS,2020,individual_responsibility,35-54,survey_coverage,same four-item complete cases,54.54212839203351,2.368314699327771,49.89682684843941,59.18742993562761,549,637,1612,71.84706233062009,463.20558873343685,True,Weighted respondent linearization; clustering unavailable; approximate
EVS,2020,individual_responsibility,55+,survey_coverage,same four-item complete cases,49.511329582726866,2.366822816172968,44.86895427487493,54.1537048905788,457,534,1612,81.6143098329792,506.8225675800511,True,Weighted respondent linearization; clustering unavailable; approximate
EVS,2020,income_incentives,All,survey_coverage,same four-item complete cases,48.43498330815358,1.558544063005405,45.377996352959904,51.49197026334726,1399,1612,1612,214.51161322957353,1352.9422502026578,True,Weighted respondent linearization; clustering unavailable; approximate
EVS,2020,income_incentives,18-34,survey_coverage,same four-item complete cases,48.25772926846115,3.182429411458386,42.01559250275891,54.49986603416338,393,441,1612,61.10756505242109,382.91409388917,True,Weighted respondent linearization; clustering unavailable; approximate
EVS,2020,income_incentives,35-54,survey_coverage,same four-item complete cases,50.500144554463255,2.6310554048265353,45.33949350720528,55.660795601721226,549,637,1612,71.84706233062009,463.20558873343685,True,Weighted respondent linearization; clustering unavailable; approximate
EVS,2020,income_incentives,55+,survey_coverage,same four-item complete cases,46.681467940491984,2.385558158183422,42.002344428026184,51.360591452957784,457,534,1612,81.6143098329792,506.8225675800511,True,Weighted respondent linearization; clustering unavailable; approximate
WVS,1996,private_ownership,All,survey_coverage,same four-item complete cases,53.88880734543437,0.42644779201272043,53.05262486158542,54.724989829283324,2271,2811,2811,2271.0,2271.0,True,Weighted respondent linearization; clustering unavailable; approximate
WVS,1996,private_ownership,18-34,survey_coverage,same four-item complete cases,57.34748616104548,0.7571840329415996,55.86279322264943,58.83217909944153,649,772,2811,649.0,649.0,True,Weighted respondent linearization; clustering unavailable; approximate
WVS,1996,private_ownership,35-54,survey_coverage,same four-item complete cases,55.95532039976483,0.6554777676499093,54.670053977644585,57.240586821885074,945,1121,2811,945.0,945.0,True,Weighted respondent linearization; clustering unavailable; approximate
WVS,1996,private_ownership,55+,survey_coverage,same four-item complete cases,47.68860440943158,0.7744690838043773,46.170018795227136,49.20719002363603,677,918,2811,677.0,677.0,True,Weighted respondent linearization; clustering unavailable; approximate
WVS,1996,competition,All,survey_coverage,same four-item complete cases,46.61023859614789,0.4392679856400235,45.748918166807165,47.47155902548861,2271,2811,2811,2271.0,2271.0,True,Weighted respondent linearization; clustering unavailable; approximate
WVS,1996,competition,18-34,survey_coverage,same four-item complete cases,51.36677509558866,0.7874669266696162,49.822703199744815,52.9108469914325,649,772,2811,649.0,649.0,True,Weighted respondent linearization; clustering unavailable; approximate
WVS,1996,competition,35-54,survey_coverage,same four-item complete cases,48.25004899078973,0.6840447273878532,46.9087682292894,49.59132975229006,945,1121,2811,945.0,945.0,True,Weighted respondent linearization; clustering unavailable; approximate
WVS,1996,competition,55+,survey_coverage,same four-item complete cases,39.761474916570926,0.7634129654153454,38.26456823401867,41.25838159912318,677,918,2811,677.0,677.0,True,Weighted respondent linearization; clustering unavailable; approximate
WVS,1996,individual_responsibility,All,survey_coverage,same four-item complete cases,60.08937162613957,0.4588486576681055,59.18965724734351,60.98908600493562,2271,2811,2811,2271.0,2271.0,True,Weighted respondent linearization; clustering unavailable; approximate
WVS,1996,individual_responsibility,18-34,survey_coverage,same four-item complete cases,65.18290247103806,0.8105044815756481,63.59365834017757,66.77214660189856,649,772,2811,649.0,649.0,True,Weighted respondent linearization; clustering unavailable; approximate
WVS,1996,individual_responsibility,35-54,survey_coverage,same four-item complete cases,61.87340779933372,0.6891354988222606,60.52214500959346,63.22467058907398,945,1121,2811,945.0,945.0,True,Weighted respondent linearization; clustering unavailable; approximate
WVS,1996,individual_responsibility,55+,survey_coverage,same four-item complete cases,52.71623174134252,0.8464599075782078,51.05648590315516,54.375977579529874,677,918,2811,677.0,677.0,True,Weighted respondent linearization; clustering unavailable; approximate
WVS,1996,income_incentives,All,survey_coverage,same four-item complete cases,48.52161716978978,0.4415831855933533,47.655757076546834,49.38747726303272,2271,2811,2811,2271.0,2271.0,True,Weighted respondent linearization; clustering unavailable; approximate
WVS,1996,income_incentives,18-34,survey_coverage,same four-item complete cases,53.238600696227806,0.7967651364937017,51.67629679090549,54.80090460155012,649,772,2811,649.0,649.0,True,Weighted respondent linearization; clustering unavailable; approximate
WVS,1996,income_incentives,35-54,survey_coverage,same four-item complete cases,50.252792475014694,0.6657455718530072,48.94739285445133,51.55819209557806,945,1121,2811,945.0,945.0,True,Weighted respondent linearization; clustering unavailable; approximate
WVS,1996,income_incentives,55+,survey_coverage,same four-item complete cases,41.583237595054435,0.7990034739592258,40.01654473845444,43.14993045165443,677,918,2811,677.0,677.0,True,Weighted respondent linearization; clustering unavailable; approximate
WVS,2006,private_ownership,All,survey_coverage,same four-item complete cases,53.59676206585534,0.7171701958636906,52.18942925582282,55.00409487588785,904,1000,1000,687.5163371698704,900.00284,True,Weighted respondent linearization; clustering unavailable; approximate
WVS,2006,private_ownership,18-34,survey_coverage,same four-item complete cases,54.829863851071416,1.0499531828267523,52.76949718816145,56.89023051398138,360,384,1000,307.35106977754504,291.751573,True,Weighted respondent linearization; clustering unavailable; approximate
WVS,2006,private_ownership,35-54,survey_coverage,same four-item complete cases,54.80183165193391,0.9366546927126397,52.963795313658686,56.63986799020913,345,374,1000,295.53866115745836,338.617254,True,Weighted respondent linearization; clustering unavailable; approximate
WVS,2006,private_ownership,55+,survey_coverage,same four-item complete cases,50.7491363858461,1.7414526042553518,47.331811737917,54.1664610337752,199,242,1000,141.6533626876217,269.634013,True,Weighted respondent linearization; clustering unavailable; approximate
WVS,2006,competition,All,survey_coverage,same four-item complete cases,45.43346713422799,0.6547884811312342,44.148548549431574,46.718385719024404,904,1000,1000,687.5163371698704,900.00284,True,Weighted respondent linearization; clustering unavailable; approximate
WVS,2006,competition,18-34,survey_coverage,same four-item complete cases,48.8155083635208,0.9363561705615783,46.97805782763967,50.65295889940193,360,384,1000,307.35106977754504,291.751573,True,Weighted respondent linearization; clustering unavailable; approximate
WVS,2006,competition,35-54,survey_coverage,same four-item complete cases,46.4974495516557,0.9881641467208256,44.558334076139865,48.43656502717153,345,374,1000,295.53866115745836,338.617254,True,Weighted respondent linearization; clustering unavailable; approximate
WVS,2006,competition,55+,survey_coverage,same four-item complete cases,40.43781158579135,1.421611420628564,37.6481245534711,43.2274986181116,199,242,1000,141.6533626876217,269.634013,True,Weighted respondent linearization; clustering unavailable; approximate
WVS,2006,individual_responsibility,All,survey_coverage,same four-item complete cases,54.34933330835893,0.71279839145897,52.950579471369764,55.748087145348094,904,1000,1000,687.5163371698704,900.00284,True,Weighted respondent linearization; clustering unavailable; approximate
WVS,2006,individual_responsibility,18-34,survey_coverage,same four-item complete cases,57.45169769512801,1.022383965154548,55.44543125110722,59.4579641391488,360,384,1000,307.35106977754504,291.751573,True,Weighted respondent linearization; clustering unavailable; approximate
WVS,2006,individual_responsibility,35-54,survey_coverage,same four-item complete cases,54.9433729835432,1.0256912965074594,52.93061642608289,56.956129541003506,345,374,1000,295.53866115745836,338.617254,True,Weighted respondent linearization; clustering unavailable; approximate
WVS,2006,individual_responsibility,55+,survey_coverage,same four-item complete cases,50.246468980789786,1.634448076340615,47.03912375451679,53.453814207062784,199,242,1000,141.6533626876217,269.634013,True,Weighted respondent linearization; clustering unavailable; approximate
WVS,2006,income_incentives,All,survey_coverage,same four-item complete cases,43.44092056173708,0.6771256741185447,42.11216877701632,44.76967234645784,904,1000,1000,687.5163371698704,900.00284,True,Weighted respondent linearization; clustering unavailable; approximate
WVS,2006,income_incentives,18-34,survey_coverage,same four-item complete cases,46.82552448800653,1.0424913152516226,44.77980055721673,48.87124841879633,360,384,1000,307.35106977754504,291.751573,True,Weighted respondent linearization; clustering unavailable; approximate
WVS,2006,income_incentives,35-54,survey_coverage,same four-item complete cases,44.958787446041214,0.9952574517985762,43.00575248387484,46.911822408207584,345,374,1000,295.53866115745836,338.617254,True,Weighted respondent linearization; clustering unavailable; approximate
WVS,2006,income_incentives,55+,survey_coverage,same four-item complete cases,37.87248570789066,1.42402184457899,35.07806860071358,40.66690281506774,199,242,1000,141.6533626876217,269.634013,True,Weighted respondent linearization; clustering unavailable; approximate
WVS,2011,private_ownership,All,survey_coverage,same four-item complete cases,37.36580378430044,0.49317340224555556,36.39842057687117,38.33318699172971,1500,1500,1500,1366.4216831899291,1500.0003419999998,True,Weighted respondent linearization; clustering unavailable; approximate
WVS,2011,private_ownership,18-34,survey_coverage,same four-item complete cases,40.68968913614285,0.8745797493730402,38.97415914355026,42.405219128735446,467,467,1500,407.3426548509066,475.53923000000003,True,Weighted respondent linearization; clustering unavailable; approximate
WVS,2011,private_ownership,35-54,survey_coverage,same four-item complete cases,37.86759540209034,0.8582756174767655,36.18404674372289,39.55114406045779,476,476,1500,437.8686945210743,491.442788,True,Weighted respondent linearization; clustering unavailable; approximate
WVS,2011,private_ownership,55+,survey_coverage,same four-item complete cases,33.937704467277484,0.7990234524634163,32.370381763466284,35.505027171088685,557,557,1500,526.2122249509607,533.018324,True,Weighted respondent linearization; clustering unavailable; approximate
WVS,2011,competition,All,survey_coverage,same four-item complete cases,29.143888698403256,0.5436182104014686,28.077555587978758,30.210221808827754,1500,1500,1500,1366.4216831899291,1500.0003419999998,True,Weighted respondent linearization; clustering unavailable; approximate
WVS,2011,competition,18-34,survey_coverage,same four-item complete cases,33.732012666188716,0.9864199266670197,31.797102818686106,35.666922513691325,467,467,1500,407.3426548509066,475.53923000000003,True,Weighted respondent linearization; clustering unavailable; approximate
WVS,2011,competition,35-54,survey_coverage,same four-item complete cases,30.07738188113854,0.9353896437061713,28.242570373452946,31.912193388824132,476,476,1500,437.8686945210743,491.442788,True,Weighted respondent linearization; clustering unavailable; approximate
WVS,2011,competition,55+,survey_coverage,same four-item complete cases,24.189853701498215,0.8580342895394172,22.506778419417916,25.872928983578515,557,557,1500,526.2122249509607,533.018324,True,Weighted respondent linearization; clustering unavailable; approximate
WVS,2011,individual_responsibility,All,survey_coverage,same four-item complete cases,42.272843206236196,0.506720750030248,41.27888622842019,43.2668001840522,1500,1500,1500,1366.4216831899291,1500.0003419999998,True,Weighted respondent linearization; clustering unavailable; approximate
WVS,2011,individual_responsibility,18-34,survey_coverage,same four-item complete cases,46.37199576417545,0.8468124546411507,44.71093264777095,48.03305888057995,467,467,1500,407.3426548509066,475.53923000000003,True,Weighted respondent linearization; clustering unavailable; approximate
WVS,2011,individual_responsibility,35-54,survey_coverage,same four-item complete cases,43.63256596750925,0.9057553727018306,41.85588349923145,45.40924843578705,476,476,1500,437.8686945210743,491.442788,True,Weighted respondent linearization; clustering unavailable; approximate
WVS,2011,individual_responsibility,55+,survey_coverage,same four-item complete cases,37.36206682594413,0.825495649355295,35.74281764227745,38.981316009610815,557,557,1500,526.2122249509607,533.018324,True,Weighted respondent linearization; clustering unavailable; approximate
WVS,2011,income_incentives,All,survey_coverage,same four-item complete cases,40.42046033722146,0.5237837374862052,39.39303349371864,41.44788718072429,1500,1500,1500,1366.4216831899291,1500.0003419999998,True,Weighted respondent linearization; clustering unavailable; approximate
WVS,2011,income_incentives,18-34,survey_coverage,same four-item complete cases,44.728048090055886,0.9633524827483009,42.83838613666857,46.6177100434432,467,467,1500,407.3426548509066,475.53923000000003,True,Weighted respondent linearization; clustering unavailable; approximate
WVS,2011,income_incentives,35-54,survey_coverage,same four-item complete cases,41.30008702276674,0.9045997034834942,39.52567145491396,43.07450259061952,476,476,1500,437.8686945210743,491.442788,True,Weighted respondent linearization; clustering unavailable; approximate
WVS,2011,income_incentives,55+,survey_coverage,same four-item complete cases,35.766374272660784,0.8104213021853626,34.17669414168176,37.35605440363981,557,557,1500,526.2122249509607,533.018324,True,Weighted respondent linearization; clustering unavailable; approximate
WVS,2020,private_ownership,All,survey_coverage,same four-item complete cases,54.54838280933615,0.5147447730378055,53.53855264651445,55.55821297215785,1072,1289,1289,1040.4379172598806,1073.9805030000002,True,Weighted respondent linearization; clustering unavailable; approximate
WVS,2020,private_ownership,18-34,survey_coverage,same four-item complete cases,56.75942873986172,0.9700480197765635,54.85638124707272,58.66247623265072,284,332,1289,276.0622729849063,279.86760100000004,True,Weighted respondent linearization; clustering unavailable; approximate
WVS,2020,private_ownership,35-54,survey_coverage,same four-item complete cases,55.68243313416114,0.8117338502373536,54.089967568526596,57.27489869979568,434,499,1289,420.3762743370426,436.55952,True,Weighted respondent linearization; clustering unavailable; approximate
WVS,2020,private_ownership,55+,survey_coverage,same four-item complete cases,51.43309809434377,0.8901342752313233,49.686825985964326,53.17937020272321,354,458,1289,344.1180106083385,357.553382,True,Weighted respondent linearization; clustering unavailable; approximate
WVS,2020,competition,All,survey_coverage,same four-item complete cases,47.24234014640516,0.5114549931880397,46.23896389840756,48.24571639440276,1072,1289,1289,1040.4379172598806,1073.9805030000002,True,Weighted respondent linearization; clustering unavailable; approximate
WVS,2020,competition,18-34,survey_coverage,same four-item complete cases,51.062697414288856,0.8925544065948202,49.31167747401901,52.813717354558705,284,332,1289,276.0622729849063,279.86760100000004,True,Weighted respondent linearization; clustering unavailable; approximate
WVS,2020,competition,35-54,survey_coverage,same four-item complete cases,48.25669524080269,0.801898421825787,46.683524892515685,49.8298655890897,434,499,1289,420.3762743370426,436.55952,True,Weighted respondent linearization; clustering unavailable; approximate
WVS,2020,competition,55+,survey_coverage,same four-item complete cases,43.01354334916148,0.9150494348110616,41.21839249354066,44.8086942047823,354,458,1289,344.1180106083385,357.553382,True,Weighted respondent linearization; clustering unavailable; approximate
WVS,2020,individual_responsibility,All,survey_coverage,same four-item complete cases,55.5592461218975,0.5101926764691687,54.55834629632227,56.56014594747273,1072,1289,1289,1040.4379172598806,1073.9805030000002,True,Weighted respondent linearization; clustering unavailable; approximate
WVS,2020,individual_responsibility,18-34,survey_coverage,same four-item complete cases,58.463016655216606,0.9474495200979088,56.604303068870884,60.32173024156233,284,332,1289,276.0622729849063,279.86760100000004,True,Weighted respondent linearization; clustering unavailable; approximate
WVS,2020,individual_responsibility,35-54,survey_coverage,same four-item complete cases,56.35676244779397,0.7765621752549101,54.83329693837102,57.88022795721692,434,499,1289,420.3762743370426,436.55952,True,Weighted respondent linearization; clustering unavailable; approximate
WVS,2020,individual_responsibility,55+,survey_coverage,same four-item complete cases,52.31264101094369,0.924282325502453,50.499377001001406,54.12590502088598,354,458,1289,344.1180106083385,357.553382,True,Weighted respondent linearization; clustering unavailable; approximate
WVS,2020,income_incentives,All,survey_coverage,same four-item complete cases,49.3934429218163,0.4917799429816023,48.42866533512464,50.35822050850796,1072,1289,1289,1040.4379172598806,1073.9805030000002,True,Weighted respondent linearization; clustering unavailable; approximate
WVS,2020,income_incentives,18-34,survey_coverage,same four-item complete cases,52.19604807187223,0.9174819966561066,50.39612499814891,53.99597114559554,284,332,1289,276.0622729849063,279.86760100000004,True,Weighted respondent linearization; clustering unavailable; approximate
WVS,2020,income_incentives,35-54,survey_coverage,same four-item complete cases,49.81150649667808,0.8017960504155955,48.23853698139266,51.38447601196349,434,499,1289,420.3762743370426,436.55952,True,Weighted respondent linearization; clustering unavailable; approximate
WVS,2020,income_incentives,55+,survey_coverage,same four-item complete cases,46.68932079029209,0.821202410433319,45.07827973213151,48.300361848452674,354,458,1289,344.1180106083385,357.553382,True,Weighted respondent linearization; clustering unavailable; approximate
