survey,year,item,denominator,estimate,se,ci_low,ci_high,n_valid,n_domain,n_psu,design_df,kish_n,weight_sum,weighted,variance_method
ISSP,2009,redistribution__buy_health,all eligible adults,10.939477825025284,0.7458783032621888,9.476702819463219,12.402252830587349,2012,2012,2012,2011,1829.3848508727403,2012.0000000000052,True,Approximate weighted respondent linearization; PSU/stratum unavailable in supplied file
ISSP,2009,redistribution__buy_education,all eligible adults,10.507425140174053,0.7266291609919074,9.082400480839151,11.932449799508955,2012,2012,2012,2011,1829.3848508727403,2012.0000000000052,True,Approximate weighted respondent linearization; PSU/stratum unavailable in supplied file
ISSP,2009,redistribution__pay_performance,all eligible adults,71.6838103158959,1.0558150805413256,69.61320455681074,73.75441607498105,2012,2012,2012,2011,1829.3848508727403,2012.0000000000052,True,Approximate weighted respondent linearization; PSU/stratum unavailable in supplied file
ISSP,2009,buy_health__buy_education,all eligible adults,10.351843626728858,0.7233341200093152,8.933281018335185,11.77040623512253,2012,2012,2012,2011,1829.3848508727403,2012.0000000000052,True,Approximate weighted respondent linearization; PSU/stratum unavailable in supplied file
ISSP,2009,buy_health__pay_performance,all eligible adults,11.089270355349637,0.751145821442743,9.616164986372844,12.56237572432643,2012,2012,2012,2011,1829.3848508727403,2012.0000000000052,True,Approximate weighted respondent linearization; PSU/stratum unavailable in supplied file
ISSP,2009,buy_education__pay_performance,all eligible adults,10.685698157671629,0.7321525280149033,9.249841378415223,12.121554936928035,2012,2012,2012,2011,1829.3848508727403,2012.0000000000052,True,Approximate weighted respondent linearization; PSU/stratum unavailable in supplied file
ISSP,2019,redistribution__buy_health,all eligible adults,21.272482567123994,1.1063672148045334,19.10272958984075,23.44223554440724,2001,2001,2001,2000,1624.113195252279,2000.9999999999995,True,Approximate weighted respondent linearization; PSU/stratum unavailable in supplied file
ISSP,2019,redistribution__buy_education,all eligible adults,21.196715524870232,1.0919852640621808,19.055167722166274,23.33826332757419,2001,2001,2001,2000,1624.113195252279,2000.9999999999995,True,Approximate weighted respondent linearization; PSU/stratum unavailable in supplied file
ISSP,2019,redistribution__pay_performance,all eligible adults,66.76076988816668,1.1594487779003326,64.48691595956745,69.0346238167659,2001,2001,2001,2000,1624.113195252279,2000.9999999999995,True,Approximate weighted respondent linearization; PSU/stratum unavailable in supplied file
ISSP,2019,redistribution__skill_premium,all eligible adults,64.37790418612535,1.1718984636042353,62.079634546123245,66.67617382612745,2001,2001,2001,2000,1624.113195252279,2000.9999999999995,True,Approximate weighted respondent linearization; PSU/stratum unavailable in supplied file
ISSP,2019,redistribution__inequality_prosperity,all eligible adults,22.1626351400777,1.0580676091174481,20.08760497438796,24.23766530576744,2001,2001,2001,2000,1624.113195252279,2000.9999999999995,True,Approximate weighted respondent linearization; PSU/stratum unavailable in supplied file
ISSP,2019,redistribution__company_pay_gap,all eligible adults,67.70322011126724,1.1646967315767527,65.41907415398018,69.98736606855431,2001,2001,2001,2000,1624.113195252279,2000.9999999999995,True,Approximate weighted respondent linearization; PSU/stratum unavailable in supplied file
ISSP,2019,buy_health__buy_education,all eligible adults,22.38157764040707,1.1226229068981708,20.17994479914557,24.58321048166857,2001,2001,2001,2000,1624.113195252279,2000.9999999999995,True,Approximate weighted respondent linearization; PSU/stratum unavailable in supplied file
ISSP,2019,buy_health__pay_performance,all eligible adults,21.961414472299555,1.1293397276141448,19.746608932542163,24.176220012056948,2001,2001,2001,2000,1624.113195252279,2000.9999999999995,True,Approximate weighted respondent linearization; PSU/stratum unavailable in supplied file
ISSP,2019,buy_health__skill_premium,all eligible adults,20.616212282560525,1.1151332629129689,18.429267762787795,22.803156802333255,2001,2001,2001,2000,1624.113195252279,2000.9999999999995,True,Approximate weighted respondent linearization; PSU/stratum unavailable in supplied file
ISSP,2019,buy_health__inequality_prosperity,all eligible adults,9.124689974228403,0.8339758249054877,7.489137596268046,10.76024235218876,2001,2001,2001,2000,1624.113195252279,2000.9999999999995,True,Approximate weighted respondent linearization; PSU/stratum unavailable in supplied file
ISSP,2019,buy_health__company_pay_gap,all eligible adults,19.332794044269644,1.074856269812548,17.224838782788606,21.440749305750682,2001,2001,2001,2000,1624.113195252279,2000.9999999999995,True,Approximate weighted respondent linearization; PSU/stratum unavailable in supplied file
ISSP,2019,buy_education__pay_performance,all eligible adults,21.481603502875387,1.1011853657351456,19.322012913175296,23.64119409257548,2001,2001,2001,2000,1624.113195252279,2000.9999999999995,True,Approximate weighted respondent linearization; PSU/stratum unavailable in supplied file
ISSP,2019,buy_education__skill_premium,all eligible adults,19.92794210912865,1.0816932210154384,17.80657855514806,22.04930566310924,2001,2001,2001,2000,1624.113195252279,2000.9999999999995,True,Approximate weighted respondent linearization; PSU/stratum unavailable in supplied file
ISSP,2019,buy_education__inequality_prosperity,all eligible adults,8.619922394667023,0.8020838749922731,7.046914940624889,10.192929848709158,2001,2001,2001,2000,1624.113195252279,2000.9999999999995,True,Approximate weighted respondent linearization; PSU/stratum unavailable in supplied file
ISSP,2019,buy_education__company_pay_gap,all eligible adults,18.843745998785053,1.0401601257603534,16.80383510887444,20.883656888695665,2001,2001,2001,2000,1624.113195252279,2000.9999999999995,True,Approximate weighted respondent linearization; PSU/stratum unavailable in supplied file
ISSP,2019,pay_performance__skill_premium,all eligible adults,58.413633321963026,1.2082307801639103,56.044110529325806,60.783156114600246,2001,2001,2001,2000,1624.113195252279,2000.9999999999995,True,Approximate weighted respondent linearization; PSU/stratum unavailable in supplied file
ISSP,2019,pay_performance__inequality_prosperity,all eligible adults,20.801457373828416,1.0407569016872587,18.760376116315758,22.842538631341075,2001,2001,2001,2000,1624.113195252279,2000.9999999999995,True,Approximate weighted respondent linearization; PSU/stratum unavailable in supplied file
ISSP,2019,pay_performance__company_pay_gap,all eligible adults,59.267598650599474,1.213075973386327,56.8885737032715,61.64662359792745,2001,2001,2001,2000,1624.113195252279,2000.9999999999995,True,Approximate weighted respondent linearization; PSU/stratum unavailable in supplied file
ISSP,2019,skill_premium__inequality_prosperity,all eligible adults,21.733164278515368,1.06136704807199,19.651663415394264,23.81466514163647,2001,2001,2001,2000,1624.113195252279,2000.9999999999995,True,Approximate weighted respondent linearization; PSU/stratum unavailable in supplied file
ISSP,2019,skill_premium__company_pay_gap,all eligible adults,56.583123915706835,1.2222470598910564,54.18611308450388,58.98013474690979,2001,2001,2001,2000,1624.113195252279,2000.9999999999995,True,Approximate weighted respondent linearization; PSU/stratum unavailable in supplied file
ISSP,2019,inequality_prosperity__company_pay_gap,all eligible adults,20.19957771874309,1.0334572406868427,18.172812197431643,22.226343240054536,2001,2001,2001,2000,1624.113195252279,2000.9999999999995,True,Approximate weighted respondent linearization; PSU/stratum unavailable in supplied file
