survey,year,item,rank,estimate,ci_low,ci_high,n_valid,positive_definition,mean_estimate,mean_ci_low,mean_ci_high,mean_rank
WVS,2020,competition,1,73.21816834294273,70.69324092196833,75.74309576391714,1215,Market-oriented half of the 1–10 scale,6.859523335352248,6.710315906674496,7.008730764029999,1
WVS,2020,income_incentives,2,57.74433975303559,54.94740215462453,60.54127735144665,1236,Market-oriented half of the 1–10 scale,6.159962650464011,6.009568383988493,6.310356916939528,2
WVS,2020,private_ownership,3,44.26983995841551,41.32382954339356,47.21585037343746,1129,Market-oriented half of the 1–10 scale,4.832280099564021,4.687960357997018,4.976599841131024,3
WVS,2020,individual_responsibility,4,32.862585465046514,30.1999995808236,35.525171349269435,1240,Market-oriented half of the 1–10 scale,4.441620571181438,4.290103121524222,4.593138020838653,4
EVS,2020,competition,1,65.9657324403444,59.771714511310286,72.1597503693785,1538,Market-oriented half of the 1–10 scale,6.386647354733971,5.9993768990194125,6.77391781044853,2
EVS,2020,income_incentives,2,63.40615960492593,57.388034192665934,69.42428501718592,1570,Market-oriented half of the 1–10 scale,6.523819372865405,6.106984175194104,6.940654570536705,1
EVS,2020,individual_responsibility,3,45.11949591836309,38.89790059142399,51.3410912453022,1572,Market-oriented half of the 1–10 scale,4.987533325319497,4.601895398878542,5.373171251760452,3
EVS,2020,private_ownership,4,40.13741132560869,33.8208019705167,46.45402068070068,1435,Market-oriented half of the 1–10 scale,4.452141149746535,4.125993134201013,4.778289165292057,4
LiTS,2016,competition,1,73.16217602004092,64.30789262884574,82.0164594112361,1467,Market-oriented half of the 1–10 scale,6.711236894202781,6.065826812853739,7.356646975551822,1
LiTS,2016,private_ownership,2,58.514113742038525,48.66308701478157,68.36514046929548,1461,Market-oriented half of the 1–10 scale,5.8137565755126746,5.192403507210058,6.435109643815292,2
LiTS,2016,income_incentives,3,16.47846758925651,11.170857629859754,21.786077548653267,1495,Market-oriented half of the 1–10 scale,3.473796091543663,3.1357119390404926,3.811880244046833,3
