survey,year,item,n_eligible,n_valid,missing_pct,missing_raw_codes
LiTS,2006,market,1000,999,0.08065748793857139,"{""NaN"": 1}"
LiTS,2006,pro_market_index,1000,999,0.08065748793857139,"{""NaN"": 1}"
LiTS,2010,market,1558,1357,12.653869222951828,"{""-97.0"": 201}"
LiTS,2010,pro_market_index,1558,1357,12.653869222951828,"{""NaN"": 201}"
LiTS,2016,market,1507,1395,8.001720638312866,"{""-97"": 112}"
LiTS,2016,pro_market_index,1507,1395,8.001720638312866,"{""NaN"": 112}"
WVS,1996,private_ownership,2811,2589,7.897545357524013,"{""-1.0"": 222}"
WVS,1996,competition,2811,2452,12.771255780860905,"{""-1.0"": 359}"
WVS,1996,individual_responsibility,2811,2691,4.268943436499466,"{""-1.0"": 120}"
WVS,1996,income_incentives,2811,2553,9.178228388473853,"{""-1.0"": 258}"
WVS,1996,pro_market_index,2811,2271,19.2102454642476,"{""NaN"": 540}"
WVS,2006,private_ownership,1000,947,5.854854176113103,"{""-1.0"": 47, ""-2.0"": 6}"
WVS,2006,competition,1000,938,6.730492487496402,"{""-1.0"": 59, ""-2.0"": 3}"
WVS,2006,individual_responsibility,1000,975,3.4594399449727185,"{""-1.0"": 19, ""-2.0"": 6}"
WVS,2006,income_incentives,1000,967,3.6622986476098816,"{""-1.0"": 29, ""-2.0"": 4}"
WVS,2006,pro_market_index,1000,904,9.999714829996293,"{""NaN"": 96}"
WVS,2011,private_ownership,1500,1500,0.0,{}
WVS,2011,competition,1500,1500,0.0,{}
WVS,2011,individual_responsibility,1500,1500,0.0,{}
WVS,2011,income_incentives,1500,1500,0.0,{}
WVS,2011,pro_market_index,1500,1500,0.0,{}
WVS,2020,private_ownership,1289,1129,12.191849970564546,"{""-1.0"": 138, ""-2.0"": 22}"
WVS,2020,competition,1289,1215,5.791424393514217,"{""-1.0"": 65, ""-2.0"": 9}"
WVS,2020,individual_responsibility,1289,1240,3.734636428902041,"{""-1.0"": 35, ""-2.0"": 14}"
WVS,2020,income_incentives,1289,1236,4.1050365185504525,"{""-1.0"": 41, ""-2.0"": 12}"
WVS,2020,pro_market_index,1289,1072,16.681106439570577,"{""NaN"": 217}"
EVS,1999,private_ownership,1195,1023,14.14264621330427,"{""-1.0"": 157, ""-2.0"": 15}"
EVS,1999,competition,1195,1101,7.995048597865432,"{""-1.0"": 90, ""-2.0"": 4}"
EVS,1999,individual_responsibility,1195,1171,2.09328988182492,"{""-1.0"": 20, ""-2.0"": 4}"
EVS,1999,income_incentives,1195,1160,3.0007060574538413,"{""-1.0"": 28, ""-2.0"": 7}"
EVS,1999,pro_market_index,1195,989,17.067792405020242,"{""NaN"": 206}"
EVS,2008,private_ownership,1507,1341,10.468220870735415,"{""-1.0"": 157, ""-2.0"": 9}"
EVS,2008,competition,1507,1385,7.562199101511367,"{""-1.0"": 114, ""-2.0"": 8}"
EVS,2008,individual_responsibility,1507,1487,1.2624032439967938,"{""-1.0"": 16, ""-2.0"": 4}"
EVS,2008,income_incentives,1507,1479,1.8667048775572328,"{""-1.0"": 24, ""-2.0"": 4}"
EVS,2008,pro_market_index,1507,1264,15.41205428427811,"{""NaN"": 243}"
EVS,2020,private_ownership,1612,1435,14.972745099757532,"{""-1.0"": 142, ""-2.0"": 35}"
EVS,2020,competition,1612,1538,3.6606040492847733,"{""-1.0"": 52, ""-2.0"": 22}"
EVS,2020,individual_responsibility,1612,1572,2.451689021140626,"{""-1.0"": 30, ""-2.0"": 10}"
EVS,2020,income_incentives,1612,1570,2.849430303253095,"{""-1.0"": 29, ""-2.0"": 13}"
EVS,2020,pro_market_index,1612,1399,17.886917200423206,"{""NaN"": 213}"
