item,year,source_file,pdf_page,printed_page,question_code,source_url,categories,response_percent_sum,status
existing_private_land,2013,soc-mon-2013.pdf,449,449,an6,https://isnasu.org.ua/assets/files/monitoring/soc-mon-2013.pdf,6,100.0,verified_published_response_table
existing_private_land,2017,mon2020.pdf,445,445,a8r,https://isnasu.org.ua/assets/files/monitoring/mon2020.pdf,6,100.1,verified_published_response_table
existing_private_land,2020,mon2020.pdf,445,445,a8r,https://isnasu.org.ua/assets/files/monitoring/mon2020.pdf,6,100.0,verified_published_response_table
existing_private_large,2013,soc-mon-2013.pdf,449,449,an5,https://isnasu.org.ua/assets/files/monitoring/soc-mon-2013.pdf,6,99.9,verified_published_response_table
existing_private_large,2017,mon2020.pdf,445,445,a7r,https://isnasu.org.ua/assets/files/monitoring/mon2020.pdf,6,100.1,verified_published_response_table
existing_private_large,2020,mon2020.pdf,445,445,a7r,https://isnasu.org.ua/assets/files/monitoring/mon2020.pdf,6,100.0,verified_published_response_table
existing_private_small,2013,soc-mon-2013.pdf,448,448,an4,https://isnasu.org.ua/assets/files/monitoring/soc-mon-2013.pdf,6,99.9,verified_published_response_table
existing_private_small,2017,mon2020.pdf,445,445,a6r,https://isnasu.org.ua/assets/files/monitoring/mon2020.pdf,6,100.0,verified_published_response_table
existing_private_small,2020,mon2020.pdf,445,445,a6r,https://isnasu.org.ua/assets/files/monitoring/mon2020.pdf,6,100.0,verified_published_response_table
land_ownership_rights,2017,mon2020.pdf,447,447,a12r,https://isnasu.org.ua/assets/files/monitoring/mon2020.pdf,6,100.0,verified_published_response_table
land_ownership_rights,2019,mon2020.pdf,447,447,a12r,https://isnasu.org.ua/assets/files/monitoring/mon2020.pdf,6,100.0,verified_published_response_table
land_ownership_rights,2020,mon2020.pdf,447,447,a12r,https://isnasu.org.ua/assets/files/monitoring/mon2020.pdf,6,100.0,verified_published_response_table
land_sales_agricultural,2017,monitoring-2021dlya-tipografii.pdf,624,624,an11,https://isnasu.org.ua/assets/files/monitoring/monitoring-2021dlya-tipografii.pdf,4,100.0,verified_published_response_table
land_sales_agricultural,2019,monitoring-2021dlya-tipografii.pdf,624,624,an11,https://isnasu.org.ua/assets/files/monitoring/monitoring-2021dlya-tipografii.pdf,4,100.0,verified_published_response_table
land_sales_agricultural,2021,monitoring-2021dlya-tipografii.pdf,624,624,an11,https://isnasu.org.ua/assets/files/monitoring/monitoring-2021dlya-tipografii.pdf,4,100.0,verified_published_response_table
land_sales_general,1994,dodatki2018.pdf,4,418,a6,https://isnasu.org.ua/assets/files/monitoring/dodatki2018.pdf,4,100.0,verified_published_response_table
land_sales_general,1995,panina-1994-2005.pdf,21,21,a6,https://dif.org.ua/uploads/pdf/40574543644fd4df61d653.39323866.pdf,4,100.0,verified_published_response_table
land_sales_general,1996,dodatki2018.pdf,4,418,a6,https://isnasu.org.ua/assets/files/monitoring/dodatki2018.pdf,4,100.1,verified_published_response_table
land_sales_general,1997,panina-1994-2005.pdf,21,21,a6,https://dif.org.ua/uploads/pdf/40574543644fd4df61d653.39323866.pdf,4,100.10000000000001,verified_published_response_table
land_sales_general,1998,dodatki2018.pdf,4,418,a6,https://isnasu.org.ua/assets/files/monitoring/dodatki2018.pdf,4,100.0,verified_published_response_table
land_sales_general,1999,panina-1994-2005.pdf,21,21,a6,https://dif.org.ua/uploads/pdf/40574543644fd4df61d653.39323866.pdf,4,100.0,verified_published_response_table
land_sales_general,2000,dodatki2018.pdf,4,418,a6,https://isnasu.org.ua/assets/files/monitoring/dodatki2018.pdf,4,100.0,verified_published_response_table
land_sales_general,2001,panina-1994-2005.pdf,21,21,a6,https://dif.org.ua/uploads/pdf/40574543644fd4df61d653.39323866.pdf,4,100.0,verified_published_response_table
land_sales_general,2005,dodatki2018.pdf,4,418,a6,https://isnasu.org.ua/assets/files/monitoring/dodatki2018.pdf,4,100.0,verified_published_response_table
land_sales_general,2006,dodatki2018.pdf,4,418,a6,https://isnasu.org.ua/assets/files/monitoring/dodatki2018.pdf,4,100.0,verified_published_response_table
land_sales_general,2008,dodatki2018.pdf,4,418,a6,https://isnasu.org.ua/assets/files/monitoring/dodatki2018.pdf,4,100.1,verified_published_response_table
land_sales_general,2010,dodatki2018.pdf,4,418,a6,https://isnasu.org.ua/assets/files/monitoring/dodatki2018.pdf,4,100.0,verified_published_response_table
land_sales_general,2012,dodatki2018.pdf,4,418,a6,https://isnasu.org.ua/assets/files/monitoring/dodatki2018.pdf,4,99.89999999999999,verified_published_response_table
land_sales_general,2014,dodatki2018.pdf,4,418,a6,https://isnasu.org.ua/assets/files/monitoring/dodatki2018.pdf,4,100.0,verified_published_response_table
land_sales_general,2016,dodatki2018.pdf,4,418,a6,https://isnasu.org.ua/assets/files/monitoring/dodatki2018.pdf,4,100.0,verified_published_response_table
land_sales_general,2018,dodatki2018.pdf,4,418,a6,https://isnasu.org.ua/assets/files/monitoring/dodatki2018.pdf,4,100.1,verified_published_response_table
ownership_policy,2023,monitoring-2025.pdf,394,394,a2,https://drive.google.com/uc?export=download&id=1CeJIiK0ZLNJ0aHyPbXHrWO21ykIB6m7W,5,100.0,verified_published_response_table
ownership_policy,2024,monitoring-2025.pdf,394,394,a2,https://drive.google.com/uc?export=download&id=1CeJIiK0ZLNJ0aHyPbXHrWO21ykIB6m7W,5,100.0,verified_published_response_table
ownership_policy,2025,monitoring-2025.pdf,394,394,a2,https://drive.google.com/uc?export=download&id=1CeJIiK0ZLNJ0aHyPbXHrWO21ykIB6m7W,5,100.10000000000001,verified_published_response_table
private_business,1992,soc-mon-2012.pdf,529,529,a2,https://isnasu.org.ua/assets/files/monitoring/soc-mon-2012.pdf,6,100.10000000000001,verified_published_response_table
private_business,1994,soc-mon-2012.pdf,529,529,a2,https://isnasu.org.ua/assets/files/monitoring/soc-mon-2012.pdf,6,100.0,verified_published_response_table
private_business,1995,panina-1994-2005.pdf,20,20,a2,https://dif.org.ua/uploads/pdf/40574543644fd4df61d653.39323866.pdf,6,99.9,verified_published_response_table
private_business,1996,soc-mon-2012.pdf,529,529,a2,https://isnasu.org.ua/assets/files/monitoring/soc-mon-2012.pdf,6,100.0,verified_published_response_table
private_business,1997,panina-1994-2005.pdf,20,20,a2,https://dif.org.ua/uploads/pdf/40574543644fd4df61d653.39323866.pdf,6,100.1,verified_published_response_table
private_business,1998,soc-mon-2012.pdf,529,529,a2,https://isnasu.org.ua/assets/files/monitoring/soc-mon-2012.pdf,6,100.10000000000001,verified_published_response_table
private_business,1999,panina-1994-2005.pdf,20,20,a2,https://dif.org.ua/uploads/pdf/40574543644fd4df61d653.39323866.pdf,6,100.0,verified_published_response_table
private_business,2000,soc-mon-2012.pdf,529,529,a2,https://isnasu.org.ua/assets/files/monitoring/soc-mon-2012.pdf,6,99.9,verified_published_response_table
private_business,2001,panina-1994-2005.pdf,20,20,a2,https://dif.org.ua/uploads/pdf/40574543644fd4df61d653.39323866.pdf,6,100.0,verified_published_response_table
private_business,2002,soc-mon-2012.pdf,529,529,a2,https://isnasu.org.ua/assets/files/monitoring/soc-mon-2012.pdf,6,100.0,verified_published_response_table
private_business,2003,panina-1994-2005.pdf,20,20,a2,https://dif.org.ua/uploads/pdf/40574543644fd4df61d653.39323866.pdf,6,100.10000000000001,verified_published_response_table
private_business,2004,soc-mon-2012.pdf,529,529,a2,https://isnasu.org.ua/assets/files/monitoring/soc-mon-2012.pdf,6,100.1,verified_published_response_table
private_business,2005,soc-mon-2012.pdf,529,529,a2,https://isnasu.org.ua/assets/files/monitoring/soc-mon-2012.pdf,6,99.9,verified_published_response_table
private_business,2006,soc-mon-2012.pdf,529,529,a2,https://isnasu.org.ua/assets/files/monitoring/soc-mon-2012.pdf,6,100.0,verified_published_response_table
private_business,2008,soc-mon-2012.pdf,529,529,a2,https://isnasu.org.ua/assets/files/monitoring/soc-mon-2012.pdf,6,100.0,verified_published_response_table
private_business,2010,soc-mon-2012.pdf,529,529,a2,https://isnasu.org.ua/assets/files/monitoring/soc-mon-2012.pdf,6,100.10000000000001,verified_published_response_table
private_business,2012,soc-mon-2012.pdf,529,529,a2,https://isnasu.org.ua/assets/files/monitoring/soc-mon-2012.pdf,6,100.10000000000001,verified_published_response_table
private_business,2014,us-2014.pdf,1,unpaginated,a2,https://i-soc.com.ua/assets/files/monitoring/us-2014.pdf,6,99.89999999999999,verified_published_response_table
privatise_land,1992,monitoring-2021dlya-tipografii.pdf,624,624,a5,https://isnasu.org.ua/assets/files/monitoring/monitoring-2021dlya-tipografii.pdf,4,100.0,verified_published_response_table
privatise_land,1994,monitoring-2021dlya-tipografii.pdf,624,624,a5,https://isnasu.org.ua/assets/files/monitoring/monitoring-2021dlya-tipografii.pdf,4,99.9,verified_published_response_table
privatise_land,1995,panina-1994-2005.pdf,21,21,a5,https://dif.org.ua/uploads/pdf/40574543644fd4df61d653.39323866.pdf,4,100.0,verified_published_response_table
privatise_land,1996,monitoring-2021dlya-tipografii.pdf,624,624,a5,https://isnasu.org.ua/assets/files/monitoring/monitoring-2021dlya-tipografii.pdf,4,99.89999999999999,verified_published_response_table
privatise_land,1997,panina-1994-2005.pdf,21,21,a5,https://dif.org.ua/uploads/pdf/40574543644fd4df61d653.39323866.pdf,4,100.1,verified_published_response_table
privatise_land,1998,monitoring-2021dlya-tipografii.pdf,624,624,a5,https://isnasu.org.ua/assets/files/monitoring/monitoring-2021dlya-tipografii.pdf,4,100.0,verified_published_response_table
privatise_land,1999,panina-1994-2005.pdf,21,21,a5,https://dif.org.ua/uploads/pdf/40574543644fd4df61d653.39323866.pdf,4,100.0,verified_published_response_table
privatise_land,2000,monitoring-2021dlya-tipografii.pdf,624,624,a5,https://isnasu.org.ua/assets/files/monitoring/monitoring-2021dlya-tipografii.pdf,4,100.0,verified_published_response_table
privatise_land,2001,panina-1994-2005.pdf,21,21,a5,https://dif.org.ua/uploads/pdf/40574543644fd4df61d653.39323866.pdf,4,100.0,verified_published_response_table
privatise_land,2002,monitoring-2021dlya-tipografii.pdf,624,624,a5,https://isnasu.org.ua/assets/files/monitoring/monitoring-2021dlya-tipografii.pdf,4,100.0,verified_published_response_table
privatise_land,2003,panina-1994-2005.pdf,21,21,a5,https://dif.org.ua/uploads/pdf/40574543644fd4df61d653.39323866.pdf,4,100.0,verified_published_response_table
privatise_land,2004,monitoring-2021dlya-tipografii.pdf,624,624,a5,https://isnasu.org.ua/assets/files/monitoring/monitoring-2021dlya-tipografii.pdf,4,99.9,verified_published_response_table
privatise_land,2005,monitoring-2021dlya-tipografii.pdf,624,624,a5,https://isnasu.org.ua/assets/files/monitoring/monitoring-2021dlya-tipografii.pdf,4,100.0,verified_published_response_table
privatise_land,2006,monitoring-2021dlya-tipografii.pdf,624,624,a5,https://isnasu.org.ua/assets/files/monitoring/monitoring-2021dlya-tipografii.pdf,4,99.89999999999999,verified_published_response_table
privatise_land,2008,monitoring-2021dlya-tipografii.pdf,624,624,a5,https://isnasu.org.ua/assets/files/monitoring/monitoring-2021dlya-tipografii.pdf,4,100.0,verified_published_response_table
privatise_land,2010,monitoring-2021dlya-tipografii.pdf,624,624,a5,https://isnasu.org.ua/assets/files/monitoring/monitoring-2021dlya-tipografii.pdf,4,100.0,verified_published_response_table
privatise_land,2012,monitoring-2021dlya-tipografii.pdf,624,624,a5,https://isnasu.org.ua/assets/files/monitoring/monitoring-2021dlya-tipografii.pdf,4,100.0,verified_published_response_table
privatise_land,2014,monitoring-2021dlya-tipografii.pdf,624,624,a5,https://isnasu.org.ua/assets/files/monitoring/monitoring-2021dlya-tipografii.pdf,4,100.0,verified_published_response_table
privatise_land,2016,monitoring-2021dlya-tipografii.pdf,624,624,a5,https://isnasu.org.ua/assets/files/monitoring/monitoring-2021dlya-tipografii.pdf,4,100.0,verified_published_response_table
privatise_land,2018,monitoring-2021dlya-tipografii.pdf,624,624,a5,https://isnasu.org.ua/assets/files/monitoring/monitoring-2021dlya-tipografii.pdf,4,100.0,verified_published_response_table
privatise_land,2021,monitoring-2021dlya-tipografii.pdf,624,624,a5,https://isnasu.org.ua/assets/files/monitoring/monitoring-2021dlya-tipografii.pdf,4,100.0,verified_published_response_table
privatise_large,1992,monitoring-2021dlya-tipografii.pdf,624,624,a3,https://isnasu.org.ua/assets/files/monitoring/monitoring-2021dlya-tipografii.pdf,4,99.9,verified_published_response_table
privatise_large,1994,monitoring-2021dlya-tipografii.pdf,624,624,a3,https://isnasu.org.ua/assets/files/monitoring/monitoring-2021dlya-tipografii.pdf,4,100.0,verified_published_response_table
privatise_large,1995,panina-1994-2005.pdf,21,21,a3,https://dif.org.ua/uploads/pdf/40574543644fd4df61d653.39323866.pdf,4,100.1,verified_published_response_table
privatise_large,1996,monitoring-2021dlya-tipografii.pdf,624,624,a3,https://isnasu.org.ua/assets/files/monitoring/monitoring-2021dlya-tipografii.pdf,4,100.0,verified_published_response_table
privatise_large,1997,panina-1994-2005.pdf,21,21,a3,https://dif.org.ua/uploads/pdf/40574543644fd4df61d653.39323866.pdf,4,100.1,verified_published_response_table
privatise_large,1998,monitoring-2021dlya-tipografii.pdf,624,624,a3,https://isnasu.org.ua/assets/files/monitoring/monitoring-2021dlya-tipografii.pdf,4,100.0,verified_published_response_table
privatise_large,1999,panina-1994-2005.pdf,21,21,a3,https://dif.org.ua/uploads/pdf/40574543644fd4df61d653.39323866.pdf,4,100.0,verified_published_response_table
privatise_large,2000,monitoring-2021dlya-tipografii.pdf,624,624,a3,https://isnasu.org.ua/assets/files/monitoring/monitoring-2021dlya-tipografii.pdf,4,100.0,verified_published_response_table
privatise_large,2001,panina-1994-2005.pdf,21,21,a3,https://dif.org.ua/uploads/pdf/40574543644fd4df61d653.39323866.pdf,4,99.9,verified_published_response_table
privatise_large,2002,monitoring-2021dlya-tipografii.pdf,624,624,a3,https://isnasu.org.ua/assets/files/monitoring/monitoring-2021dlya-tipografii.pdf,4,99.9,verified_published_response_table
privatise_large,2003,panina-1994-2005.pdf,21,21,a3,https://dif.org.ua/uploads/pdf/40574543644fd4df61d653.39323866.pdf,4,100.0,verified_published_response_table
privatise_large,2004,monitoring-2021dlya-tipografii.pdf,624,624,a3,https://isnasu.org.ua/assets/files/monitoring/monitoring-2021dlya-tipografii.pdf,4,100.0,verified_published_response_table
privatise_large,2005,monitoring-2021dlya-tipografii.pdf,624,624,a3,https://isnasu.org.ua/assets/files/monitoring/monitoring-2021dlya-tipografii.pdf,4,100.1,verified_published_response_table
privatise_large,2006,monitoring-2021dlya-tipografii.pdf,624,624,a3,https://isnasu.org.ua/assets/files/monitoring/monitoring-2021dlya-tipografii.pdf,4,100.0,verified_published_response_table
privatise_large,2008,monitoring-2021dlya-tipografii.pdf,624,624,a3,https://isnasu.org.ua/assets/files/monitoring/monitoring-2021dlya-tipografii.pdf,4,100.0,verified_published_response_table
privatise_large,2010,monitoring-2021dlya-tipografii.pdf,624,624,a3,https://isnasu.org.ua/assets/files/monitoring/monitoring-2021dlya-tipografii.pdf,4,100.0,verified_published_response_table
privatise_large,2012,monitoring-2021dlya-tipografii.pdf,624,624,a3,https://isnasu.org.ua/assets/files/monitoring/monitoring-2021dlya-tipografii.pdf,4,100.0,verified_published_response_table
privatise_large,2014,monitoring-2021dlya-tipografii.pdf,624,624,a3,https://isnasu.org.ua/assets/files/monitoring/monitoring-2021dlya-tipografii.pdf,4,100.0,verified_published_response_table
privatise_large,2016,monitoring-2021dlya-tipografii.pdf,624,624,a3,https://isnasu.org.ua/assets/files/monitoring/monitoring-2021dlya-tipografii.pdf,4,100.0,verified_published_response_table
privatise_large,2018,monitoring-2021dlya-tipografii.pdf,624,624,a3,https://isnasu.org.ua/assets/files/monitoring/monitoring-2021dlya-tipografii.pdf,4,100.0,verified_published_response_table
privatise_large,2021,monitoring-2021dlya-tipografii.pdf,624,624,a3,https://isnasu.org.ua/assets/files/monitoring/monitoring-2021dlya-tipografii.pdf,4,100.0,verified_published_response_table
privatise_small,1992,monitoring-2021dlya-tipografii.pdf,624,624,a4,https://isnasu.org.ua/assets/files/monitoring/monitoring-2021dlya-tipografii.pdf,4,100.0,verified_published_response_table
privatise_small,1994,monitoring-2021dlya-tipografii.pdf,624,624,a4,https://isnasu.org.ua/assets/files/monitoring/monitoring-2021dlya-tipografii.pdf,4,100.0,verified_published_response_table
privatise_small,1995,panina-1994-2005.pdf,21,21,a4,https://dif.org.ua/uploads/pdf/40574543644fd4df61d653.39323866.pdf,4,100.1,verified_published_response_table
privatise_small,1996,monitoring-2021dlya-tipografii.pdf,624,624,a4,https://isnasu.org.ua/assets/files/monitoring/monitoring-2021dlya-tipografii.pdf,4,99.9,verified_published_response_table
privatise_small,1997,panina-1994-2005.pdf,21,21,a4,https://dif.org.ua/uploads/pdf/40574543644fd4df61d653.39323866.pdf,4,100.0,verified_published_response_table
privatise_small,1998,monitoring-2021dlya-tipografii.pdf,624,624,a4,https://isnasu.org.ua/assets/files/monitoring/monitoring-2021dlya-tipografii.pdf,4,99.9,verified_published_response_table
privatise_small,1999,panina-1994-2005.pdf,21,21,a4,https://dif.org.ua/uploads/pdf/40574543644fd4df61d653.39323866.pdf,4,100.0,verified_published_response_table
privatise_small,2000,monitoring-2021dlya-tipografii.pdf,624,624,a4,https://isnasu.org.ua/assets/files/monitoring/monitoring-2021dlya-tipografii.pdf,4,100.1,verified_published_response_table
privatise_small,2001,panina-1994-2005.pdf,21,21,a4,https://dif.org.ua/uploads/pdf/40574543644fd4df61d653.39323866.pdf,4,100.0,verified_published_response_table
privatise_small,2002,monitoring-2021dlya-tipografii.pdf,624,624,a4,https://isnasu.org.ua/assets/files/monitoring/monitoring-2021dlya-tipografii.pdf,4,100.0,verified_published_response_table
privatise_small,2003,panina-1994-2005.pdf,21,21,a4,https://dif.org.ua/uploads/pdf/40574543644fd4df61d653.39323866.pdf,4,100.0,verified_published_response_table
privatise_small,2004,monitoring-2021dlya-tipografii.pdf,624,624,a4,https://isnasu.org.ua/assets/files/monitoring/monitoring-2021dlya-tipografii.pdf,4,100.0,verified_published_response_table
privatise_small,2005,monitoring-2021dlya-tipografii.pdf,624,624,a4,https://isnasu.org.ua/assets/files/monitoring/monitoring-2021dlya-tipografii.pdf,4,100.0,verified_published_response_table
privatise_small,2006,monitoring-2021dlya-tipografii.pdf,624,624,a4,https://isnasu.org.ua/assets/files/monitoring/monitoring-2021dlya-tipografii.pdf,4,100.0,verified_published_response_table
privatise_small,2008,monitoring-2021dlya-tipografii.pdf,624,624,a4,https://isnasu.org.ua/assets/files/monitoring/monitoring-2021dlya-tipografii.pdf,4,100.1,verified_published_response_table
privatise_small,2010,monitoring-2021dlya-tipografii.pdf,624,624,a4,https://isnasu.org.ua/assets/files/monitoring/monitoring-2021dlya-tipografii.pdf,4,100.0,verified_published_response_table
privatise_small,2012,monitoring-2021dlya-tipografii.pdf,624,624,a4,https://isnasu.org.ua/assets/files/monitoring/monitoring-2021dlya-tipografii.pdf,4,99.9,verified_published_response_table
privatise_small,2014,monitoring-2021dlya-tipografii.pdf,624,624,a4,https://isnasu.org.ua/assets/files/monitoring/monitoring-2021dlya-tipografii.pdf,4,100.0,verified_published_response_table
privatise_small,2016,monitoring-2021dlya-tipografii.pdf,624,624,a4,https://isnasu.org.ua/assets/files/monitoring/monitoring-2021dlya-tipografii.pdf,4,100.0,verified_published_response_table
privatise_small,2018,monitoring-2021dlya-tipografii.pdf,624,624,a4,https://isnasu.org.ua/assets/files/monitoring/monitoring-2021dlya-tipografii.pdf,4,100.0,verified_published_response_table
privatise_small,2021,monitoring-2021dlya-tipografii.pdf,624,624,a4,https://isnasu.org.ua/assets/files/monitoring/monitoring-2021dlya-tipografii.pdf,4,100.0,verified_published_response_table
renationalise_land,2013,soc-mon-2013.pdf,450,450,an9,https://isnasu.org.ua/assets/files/monitoring/soc-mon-2013.pdf,6,100.1,verified_published_response_table
renationalise_land,2017,mon2020.pdf,446,446,a11r,https://isnasu.org.ua/assets/files/monitoring/mon2020.pdf,6,100.0,verified_published_response_table
renationalise_land,2020,mon2020.pdf,446,446,a11r,https://isnasu.org.ua/assets/files/monitoring/mon2020.pdf,6,100.0,verified_published_response_table
renationalise_large,2013,soc-mon-2013.pdf,450,450,an8,https://isnasu.org.ua/assets/files/monitoring/soc-mon-2013.pdf,6,100.1,verified_published_response_table
renationalise_large,2017,mon2020.pdf,446,446,a10r,https://isnasu.org.ua/assets/files/monitoring/mon2020.pdf,6,100.0,verified_published_response_table
renationalise_large,2020,mon2020.pdf,446,446,a10r,https://isnasu.org.ua/assets/files/monitoring/mon2020.pdf,6,100.0,verified_published_response_table
renationalise_small,2013,soc-mon-2013.pdf,449,449,an7,https://isnasu.org.ua/assets/files/monitoring/soc-mon-2013.pdf,6,100.0,verified_published_response_table
renationalise_small,2017,mon2020.pdf,445,445,a9r,https://isnasu.org.ua/assets/files/monitoring/mon2020.pdf,6,99.9,verified_published_response_table
renationalise_small,2020,mon2020.pdf,445,445,a9r,https://isnasu.org.ua/assets/files/monitoring/mon2020.pdf,6,100.0,verified_published_response_table
retrospective_land,2013,soc-mon-2013.pdf,448,448,an3,https://isnasu.org.ua/assets/files/monitoring/soc-mon-2013.pdf,6,100.0,verified_published_response_table
retrospective_land,2017,mon2020.pdf,444,444,a5r,https://isnasu.org.ua/assets/files/monitoring/mon2020.pdf,6,100.0,verified_published_response_table
retrospective_land,2020,mon2020.pdf,444,444,a5r,https://isnasu.org.ua/assets/files/monitoring/mon2020.pdf,6,100.0,verified_published_response_table
retrospective_large,2013,soc-mon-2013.pdf,448,448,an2,https://isnasu.org.ua/assets/files/monitoring/soc-mon-2013.pdf,6,100.0,verified_published_response_table
retrospective_large,2017,mon2020.pdf,444,444,a4r,https://isnasu.org.ua/assets/files/monitoring/mon2020.pdf,6,100.0,verified_published_response_table
retrospective_large,2020,mon2020.pdf,444,444,a4r,https://isnasu.org.ua/assets/files/monitoring/mon2020.pdf,6,100.0,verified_published_response_table
retrospective_small,2013,soc-mon-2013.pdf,447,447,an1,https://isnasu.org.ua/assets/files/monitoring/soc-mon-2013.pdf,6,100.0,verified_published_response_table
retrospective_small,2017,mon2020.pdf,443,443,a3r,https://isnasu.org.ua/assets/files/monitoring/mon2020.pdf,6,100.0,verified_published_response_table
retrospective_small,2020,mon2020.pdf,443,443,a3r,https://isnasu.org.ua/assets/files/monitoring/mon2020.pdf,6,100.0,verified_published_response_table
socialism_capitalism_political_support,1994,dodatki2016.pdf,6,430,b2,https://isnasu.org.ua/assets/files/monitoring/dodatki2016.pdf,7,100.0,verified_published_response_table
socialism_capitalism_political_support,1995,panina-1994-2005.pdf,25,25,b2,https://dif.org.ua/uploads/pdf/40574543644fd4df61d653.39323866.pdf,7,100.2,verified_published_response_table
socialism_capitalism_political_support,1996,dodatki2016.pdf,6,430,b2,https://isnasu.org.ua/assets/files/monitoring/dodatki2016.pdf,7,100.10000000000001,verified_published_response_table
socialism_capitalism_political_support,1997,panina-1994-2005.pdf,25,25,b2,https://dif.org.ua/uploads/pdf/40574543644fd4df61d653.39323866.pdf,7,99.9,verified_published_response_table
socialism_capitalism_political_support,1998,dodatki2016.pdf,6,430,b2,https://isnasu.org.ua/assets/files/monitoring/dodatki2016.pdf,7,100.1,verified_published_response_table
socialism_capitalism_political_support,1999,panina-1994-2005.pdf,25,25,b2,https://dif.org.ua/uploads/pdf/40574543644fd4df61d653.39323866.pdf,7,100.0,verified_published_response_table
socialism_capitalism_political_support,2000,dodatki2016.pdf,6,430,b2,https://isnasu.org.ua/assets/files/monitoring/dodatki2016.pdf,7,100.0,verified_published_response_table
socialism_capitalism_political_support,2001,panina-1994-2005.pdf,25,25,b2,https://dif.org.ua/uploads/pdf/40574543644fd4df61d653.39323866.pdf,7,99.9,verified_published_response_table
socialism_capitalism_political_support,2002,dodatki2016.pdf,6,430,b2,https://isnasu.org.ua/assets/files/monitoring/dodatki2016.pdf,7,100.0,verified_published_response_table
socialism_capitalism_political_support,2003,panina-1994-2005.pdf,25,25,b2,https://dif.org.ua/uploads/pdf/40574543644fd4df61d653.39323866.pdf,7,100.0,verified_published_response_table
socialism_capitalism_political_support,2004,dodatki2016.pdf,6,430,b2,https://isnasu.org.ua/assets/files/monitoring/dodatki2016.pdf,7,100.0,verified_published_response_table
socialism_capitalism_political_support,2005,dodatki2016.pdf,6,430,b2,https://isnasu.org.ua/assets/files/monitoring/dodatki2016.pdf,7,100.1,verified_published_response_table
socialism_capitalism_political_support,2006,dodatki2016.pdf,6,430,b2,https://isnasu.org.ua/assets/files/monitoring/dodatki2016.pdf,7,100.0,verified_published_response_table
socialism_capitalism_political_support,2008,dodatki2016.pdf,6,430,b2,https://isnasu.org.ua/assets/files/monitoring/dodatki2016.pdf,7,100.0,verified_published_response_table
socialism_capitalism_political_support,2010,dodatki2016.pdf,6,430,b2,https://isnasu.org.ua/assets/files/monitoring/dodatki2016.pdf,7,100.0,verified_published_response_table
socialism_capitalism_political_support,2011,dodatki2016.pdf,6,430,b2,https://isnasu.org.ua/assets/files/monitoring/dodatki2016.pdf,7,100.1,verified_published_response_table
socialism_capitalism_political_support,2012,dodatki2016.pdf,6,430,b2,https://isnasu.org.ua/assets/files/monitoring/dodatki2016.pdf,7,100.0,verified_published_response_table
socialism_capitalism_political_support,2014,dodatki2016.pdf,6,430,b2,https://isnasu.org.ua/assets/files/monitoring/dodatki2016.pdf,7,100.0,verified_published_response_table
socialism_capitalism_political_support,2016,dodatki2016.pdf,6,430,b2,https://isnasu.org.ua/assets/files/monitoring/dodatki2016.pdf,7,99.9,verified_published_response_table
state_market_role,2002,monitoring-2021dlya-tipografii.pdf,625,625,a7,https://isnasu.org.ua/assets/files/monitoring/monitoring-2021dlya-tipografii.pdf,5,100.0,verified_published_response_table
state_market_role,2003,panina-1994-2005.pdf,22,22,a7,https://dif.org.ua/uploads/pdf/40574543644fd4df61d653.39323866.pdf,5,100.0,verified_published_response_table
state_market_role,2004,monitoring-2021dlya-tipografii.pdf,625,625,a7,https://isnasu.org.ua/assets/files/monitoring/monitoring-2021dlya-tipografii.pdf,5,100.0,verified_published_response_table
state_market_role,2005,soc-mon-2013.pdf,447,447,a7,https://isnasu.org.ua/assets/files/monitoring/soc-mon-2013.pdf,5,100.1,verified_published_response_table
state_market_role,2006,monitoring-2021dlya-tipografii.pdf,625,625,a7,https://isnasu.org.ua/assets/files/monitoring/monitoring-2021dlya-tipografii.pdf,5,100.0,verified_published_response_table
state_market_role,2008,monitoring-2021dlya-tipografii.pdf,625,625,a7,https://isnasu.org.ua/assets/files/monitoring/monitoring-2021dlya-tipografii.pdf,5,100.0,verified_published_response_table
state_market_role,2010,monitoring-2021dlya-tipografii.pdf,625,625,a7,https://isnasu.org.ua/assets/files/monitoring/monitoring-2021dlya-tipografii.pdf,5,99.9,verified_published_response_table
state_market_role,2012,monitoring-2021dlya-tipografii.pdf,625,625,a7,https://isnasu.org.ua/assets/files/monitoring/monitoring-2021dlya-tipografii.pdf,5,100.0,verified_published_response_table
state_market_role,2013,monitoring-2021dlya-tipografii.pdf,625,625,a7,https://isnasu.org.ua/assets/files/monitoring/monitoring-2021dlya-tipografii.pdf,5,100.0,verified_published_response_table
state_market_role,2014,monitoring-2021dlya-tipografii.pdf,625,625,a7,https://isnasu.org.ua/assets/files/monitoring/monitoring-2021dlya-tipografii.pdf,5,100.0,verified_published_response_table
state_market_role,2015,monitoring-2021dlya-tipografii.pdf,625,625,a7,https://isnasu.org.ua/assets/files/monitoring/monitoring-2021dlya-tipografii.pdf,5,100.0,verified_published_response_table
state_market_role,2016,monitoring-2021dlya-tipografii.pdf,625,625,a7,https://isnasu.org.ua/assets/files/monitoring/monitoring-2021dlya-tipografii.pdf,5,100.0,verified_published_response_table
state_market_role,2017,monitoring-2021dlya-tipografii.pdf,625,625,a7,https://isnasu.org.ua/assets/files/monitoring/monitoring-2021dlya-tipografii.pdf,5,100.0,verified_published_response_table
state_market_role,2019,monitoring-2021dlya-tipografii.pdf,625,625,a7,https://isnasu.org.ua/assets/files/monitoring/monitoring-2021dlya-tipografii.pdf,5,100.0,verified_published_response_table
state_market_role,2020,monitoring-2021dlya-tipografii.pdf,625,625,a7,https://isnasu.org.ua/assets/files/monitoring/monitoring-2021dlya-tipografii.pdf,5,100.0,verified_published_response_table
state_market_role,2021,monitoring-2021dlya-tipografii.pdf,625,625,a7,https://isnasu.org.ua/assets/files/monitoring/monitoring-2021dlya-tipografii.pdf,5,100.0,verified_published_response_table
work_private_employer,1992,monitoring-2021dlya-tipografii.pdf,625,625,a8,https://isnasu.org.ua/assets/files/monitoring/monitoring-2021dlya-tipografii.pdf,6,100.1,verified_published_response_table
work_private_employer,1994,monitoring-2021dlya-tipografii.pdf,625,625,a8,https://isnasu.org.ua/assets/files/monitoring/monitoring-2021dlya-tipografii.pdf,6,100.1,verified_published_response_table
work_private_employer,1995,panina-1994-2005.pdf,22,22,a8,https://dif.org.ua/uploads/pdf/40574543644fd4df61d653.39323866.pdf,6,100.2,verified_published_response_table
work_private_employer,1996,monitoring-2021dlya-tipografii.pdf,625,625,a8,https://isnasu.org.ua/assets/files/monitoring/monitoring-2021dlya-tipografii.pdf,6,100.1,verified_published_response_table
work_private_employer,1997,panina-1994-2005.pdf,22,22,a8,https://dif.org.ua/uploads/pdf/40574543644fd4df61d653.39323866.pdf,6,100.0,verified_published_response_table
work_private_employer,1998,monitoring-2021dlya-tipografii.pdf,625,625,a8,https://isnasu.org.ua/assets/files/monitoring/monitoring-2021dlya-tipografii.pdf,6,100.1,verified_published_response_table
work_private_employer,1999,panina-1994-2005.pdf,22,22,a8,https://dif.org.ua/uploads/pdf/40574543644fd4df61d653.39323866.pdf,6,99.9,verified_published_response_table
work_private_employer,2000,monitoring-2021dlya-tipografii.pdf,625,625,a8,https://isnasu.org.ua/assets/files/monitoring/monitoring-2021dlya-tipografii.pdf,6,100.1,verified_published_response_table
work_private_employer,2001,panina-1994-2005.pdf,22,22,a8,https://dif.org.ua/uploads/pdf/40574543644fd4df61d653.39323866.pdf,6,100.10000000000001,verified_published_response_table
work_private_employer,2002,monitoring-2021dlya-tipografii.pdf,625,625,a8,https://isnasu.org.ua/assets/files/monitoring/monitoring-2021dlya-tipografii.pdf,6,100.1,verified_published_response_table
work_private_employer,2003,panina-1994-2005.pdf,22,22,a8,https://dif.org.ua/uploads/pdf/40574543644fd4df61d653.39323866.pdf,6,100.0,verified_published_response_table
work_private_employer,2004,monitoring-2021dlya-tipografii.pdf,625,625,a8,https://isnasu.org.ua/assets/files/monitoring/monitoring-2021dlya-tipografii.pdf,6,100.10000000000001,verified_published_response_table
work_private_employer,2005,monitoring-2021dlya-tipografii.pdf,625,625,a8,https://isnasu.org.ua/assets/files/monitoring/monitoring-2021dlya-tipografii.pdf,6,100.0,verified_published_response_table
work_private_employer,2006,monitoring-2021dlya-tipografii.pdf,625,625,a8,https://isnasu.org.ua/assets/files/monitoring/monitoring-2021dlya-tipografii.pdf,6,100.0,verified_published_response_table
work_private_employer,2008,monitoring-2021dlya-tipografii.pdf,625,625,a8,https://isnasu.org.ua/assets/files/monitoring/monitoring-2021dlya-tipografii.pdf,6,100.0,verified_published_response_table
work_private_employer,2010,monitoring-2021dlya-tipografii.pdf,625,625,a8,https://isnasu.org.ua/assets/files/monitoring/monitoring-2021dlya-tipografii.pdf,6,100.0,verified_published_response_table
work_private_employer,2012,monitoring-2021dlya-tipografii.pdf,625,625,a8,https://isnasu.org.ua/assets/files/monitoring/monitoring-2021dlya-tipografii.pdf,6,100.0,verified_published_response_table
work_private_employer,2014,monitoring-2021dlya-tipografii.pdf,625,625,a8,https://isnasu.org.ua/assets/files/monitoring/monitoring-2021dlya-tipografii.pdf,6,100.1,verified_published_response_table
work_private_employer,2019,monitoring-2021dlya-tipografii.pdf,625,625,a8,https://isnasu.org.ua/assets/files/monitoring/monitoring-2021dlya-tipografii.pdf,6,99.9,verified_published_response_table
work_private_employer,2021,monitoring-2021dlya-tipografii.pdf,625,625,a8,https://isnasu.org.ua/assets/files/monitoring/monitoring-2021dlya-tipografii.pdf,6,100.0,verified_published_response_table
