item,year,source_item,response,coefficient,percent,contribution,source_file,pdf_page,printed_page,source_url
private_business,1992,private_business,rather_approve,1.0,24.1,24.1,soc-mon-2012.pdf,529,529,https://isnasu.org.ua/assets/files/monitoring/soc-mon-2012.pdf
private_business,1992,private_business,strongly_approve,1.0,28.6,28.6,soc-mon-2012.pdf,529,529,https://isnasu.org.ua/assets/files/monitoring/soc-mon-2012.pdf
private_business,1994,private_business,rather_approve,1.0,21.4,21.4,soc-mon-2012.pdf,529,529,https://isnasu.org.ua/assets/files/monitoring/soc-mon-2012.pdf
private_business,1994,private_business,strongly_approve,1.0,22.2,22.2,soc-mon-2012.pdf,529,529,https://isnasu.org.ua/assets/files/monitoring/soc-mon-2012.pdf
private_business,1995,private_business,rather_approve,1.0,20.5,20.5,panina-1994-2005.pdf,20,20,https://dif.org.ua/uploads/pdf/40574543644fd4df61d653.39323866.pdf
private_business,1995,private_business,strongly_approve,1.0,20.4,20.4,panina-1994-2005.pdf,20,20,https://dif.org.ua/uploads/pdf/40574543644fd4df61d653.39323866.pdf
private_business,1996,private_business,rather_approve,1.0,22.4,22.4,soc-mon-2012.pdf,529,529,https://isnasu.org.ua/assets/files/monitoring/soc-mon-2012.pdf
private_business,1996,private_business,strongly_approve,1.0,23.7,23.7,soc-mon-2012.pdf,529,529,https://isnasu.org.ua/assets/files/monitoring/soc-mon-2012.pdf
private_business,1997,private_business,rather_approve,1.0,21.7,21.7,panina-1994-2005.pdf,20,20,https://dif.org.ua/uploads/pdf/40574543644fd4df61d653.39323866.pdf
private_business,1997,private_business,strongly_approve,1.0,20.9,20.9,panina-1994-2005.pdf,20,20,https://dif.org.ua/uploads/pdf/40574543644fd4df61d653.39323866.pdf
private_business,1998,private_business,rather_approve,1.0,21.2,21.2,soc-mon-2012.pdf,529,529,https://isnasu.org.ua/assets/files/monitoring/soc-mon-2012.pdf
private_business,1998,private_business,strongly_approve,1.0,24.1,24.1,soc-mon-2012.pdf,529,529,https://isnasu.org.ua/assets/files/monitoring/soc-mon-2012.pdf
private_business,1999,private_business,rather_approve,1.0,22.9,22.9,panina-1994-2005.pdf,20,20,https://dif.org.ua/uploads/pdf/40574543644fd4df61d653.39323866.pdf
private_business,1999,private_business,strongly_approve,1.0,23.2,23.2,panina-1994-2005.pdf,20,20,https://dif.org.ua/uploads/pdf/40574543644fd4df61d653.39323866.pdf
private_business,2000,private_business,rather_approve,1.0,25.1,25.1,soc-mon-2012.pdf,529,529,https://isnasu.org.ua/assets/files/monitoring/soc-mon-2012.pdf
private_business,2000,private_business,strongly_approve,1.0,26.7,26.7,soc-mon-2012.pdf,529,529,https://isnasu.org.ua/assets/files/monitoring/soc-mon-2012.pdf
private_business,2001,private_business,rather_approve,1.0,27.3,27.3,panina-1994-2005.pdf,20,20,https://dif.org.ua/uploads/pdf/40574543644fd4df61d653.39323866.pdf
private_business,2001,private_business,strongly_approve,1.0,25.0,25.0,panina-1994-2005.pdf,20,20,https://dif.org.ua/uploads/pdf/40574543644fd4df61d653.39323866.pdf
private_business,2002,private_business,rather_approve,1.0,33.0,33.0,soc-mon-2012.pdf,529,529,https://isnasu.org.ua/assets/files/monitoring/soc-mon-2012.pdf
private_business,2002,private_business,strongly_approve,1.0,15.2,15.2,soc-mon-2012.pdf,529,529,https://isnasu.org.ua/assets/files/monitoring/soc-mon-2012.pdf
private_business,2003,private_business,rather_approve,1.0,36.2,36.2,panina-1994-2005.pdf,20,20,https://dif.org.ua/uploads/pdf/40574543644fd4df61d653.39323866.pdf
private_business,2003,private_business,strongly_approve,1.0,13.9,13.9,panina-1994-2005.pdf,20,20,https://dif.org.ua/uploads/pdf/40574543644fd4df61d653.39323866.pdf
private_business,2004,private_business,rather_approve,1.0,34.0,34.0,soc-mon-2012.pdf,529,529,https://isnasu.org.ua/assets/files/monitoring/soc-mon-2012.pdf
private_business,2004,private_business,strongly_approve,1.0,13.2,13.2,soc-mon-2012.pdf,529,529,https://isnasu.org.ua/assets/files/monitoring/soc-mon-2012.pdf
private_business,2005,private_business,rather_approve,1.0,34.6,34.6,soc-mon-2012.pdf,529,529,https://isnasu.org.ua/assets/files/monitoring/soc-mon-2012.pdf
private_business,2005,private_business,strongly_approve,1.0,16.3,16.3,soc-mon-2012.pdf,529,529,https://isnasu.org.ua/assets/files/monitoring/soc-mon-2012.pdf
private_business,2006,private_business,rather_approve,1.0,36.0,36.0,soc-mon-2012.pdf,529,529,https://isnasu.org.ua/assets/files/monitoring/soc-mon-2012.pdf
private_business,2006,private_business,strongly_approve,1.0,18.4,18.4,soc-mon-2012.pdf,529,529,https://isnasu.org.ua/assets/files/monitoring/soc-mon-2012.pdf
private_business,2008,private_business,rather_approve,1.0,34.3,34.3,soc-mon-2012.pdf,529,529,https://isnasu.org.ua/assets/files/monitoring/soc-mon-2012.pdf
private_business,2008,private_business,strongly_approve,1.0,19.5,19.5,soc-mon-2012.pdf,529,529,https://isnasu.org.ua/assets/files/monitoring/soc-mon-2012.pdf
private_business,2010,private_business,rather_approve,1.0,35.1,35.1,soc-mon-2012.pdf,529,529,https://isnasu.org.ua/assets/files/monitoring/soc-mon-2012.pdf
private_business,2010,private_business,strongly_approve,1.0,18.8,18.8,soc-mon-2012.pdf,529,529,https://isnasu.org.ua/assets/files/monitoring/soc-mon-2012.pdf
private_business,2012,private_business,rather_approve,1.0,34.2,34.2,soc-mon-2012.pdf,529,529,https://isnasu.org.ua/assets/files/monitoring/soc-mon-2012.pdf
private_business,2012,private_business,strongly_approve,1.0,16.5,16.5,soc-mon-2012.pdf,529,529,https://isnasu.org.ua/assets/files/monitoring/soc-mon-2012.pdf
private_business,2014,private_business,rather_approve,1.0,39.3,39.3,us-2014.pdf,1,unpaginated,https://i-soc.com.ua/assets/files/monitoring/us-2014.pdf
private_business,2014,private_business,strongly_approve,1.0,20.9,20.9,us-2014.pdf,1,unpaginated,https://i-soc.com.ua/assets/files/monitoring/us-2014.pdf
privatise_small,1992,privatise_small,positive,1.0,56.2,56.2,monitoring-2021dlya-tipografii.pdf,624,624,https://isnasu.org.ua/assets/files/monitoring/monitoring-2021dlya-tipografii.pdf
privatise_small,1994,privatise_small,positive,1.0,54.8,54.8,monitoring-2021dlya-tipografii.pdf,624,624,https://isnasu.org.ua/assets/files/monitoring/monitoring-2021dlya-tipografii.pdf
privatise_small,1995,privatise_small,positive,1.0,55.4,55.4,panina-1994-2005.pdf,21,21,https://dif.org.ua/uploads/pdf/40574543644fd4df61d653.39323866.pdf
privatise_small,1996,privatise_small,positive,1.0,53.4,53.4,monitoring-2021dlya-tipografii.pdf,624,624,https://isnasu.org.ua/assets/files/monitoring/monitoring-2021dlya-tipografii.pdf
privatise_small,1997,privatise_small,positive,1.0,50.4,50.4,panina-1994-2005.pdf,21,21,https://dif.org.ua/uploads/pdf/40574543644fd4df61d653.39323866.pdf
privatise_small,1998,privatise_small,positive,1.0,53.7,53.7,monitoring-2021dlya-tipografii.pdf,624,624,https://isnasu.org.ua/assets/files/monitoring/monitoring-2021dlya-tipografii.pdf
privatise_small,1999,privatise_small,positive,1.0,49.2,49.2,panina-1994-2005.pdf,21,21,https://dif.org.ua/uploads/pdf/40574543644fd4df61d653.39323866.pdf
privatise_small,2000,privatise_small,positive,1.0,52.0,52.0,monitoring-2021dlya-tipografii.pdf,624,624,https://isnasu.org.ua/assets/files/monitoring/monitoring-2021dlya-tipografii.pdf
privatise_small,2001,privatise_small,positive,1.0,57.5,57.5,panina-1994-2005.pdf,21,21,https://dif.org.ua/uploads/pdf/40574543644fd4df61d653.39323866.pdf
privatise_small,2002,privatise_small,positive,1.0,50.5,50.5,monitoring-2021dlya-tipografii.pdf,624,624,https://isnasu.org.ua/assets/files/monitoring/monitoring-2021dlya-tipografii.pdf
privatise_small,2003,privatise_small,positive,1.0,49.3,49.3,panina-1994-2005.pdf,21,21,https://dif.org.ua/uploads/pdf/40574543644fd4df61d653.39323866.pdf
privatise_small,2004,privatise_small,positive,1.0,47.2,47.2,monitoring-2021dlya-tipografii.pdf,624,624,https://isnasu.org.ua/assets/files/monitoring/monitoring-2021dlya-tipografii.pdf
privatise_small,2005,privatise_small,positive,1.0,43.7,43.7,monitoring-2021dlya-tipografii.pdf,624,624,https://isnasu.org.ua/assets/files/monitoring/monitoring-2021dlya-tipografii.pdf
privatise_small,2006,privatise_small,positive,1.0,43.4,43.4,monitoring-2021dlya-tipografii.pdf,624,624,https://isnasu.org.ua/assets/files/monitoring/monitoring-2021dlya-tipografii.pdf
privatise_small,2008,privatise_small,positive,1.0,44.6,44.6,monitoring-2021dlya-tipografii.pdf,624,624,https://isnasu.org.ua/assets/files/monitoring/monitoring-2021dlya-tipografii.pdf
privatise_small,2010,privatise_small,positive,1.0,39.8,39.8,monitoring-2021dlya-tipografii.pdf,624,624,https://isnasu.org.ua/assets/files/monitoring/monitoring-2021dlya-tipografii.pdf
privatise_small,2012,privatise_small,positive,1.0,34.9,34.9,monitoring-2021dlya-tipografii.pdf,624,624,https://isnasu.org.ua/assets/files/monitoring/monitoring-2021dlya-tipografii.pdf
privatise_small,2014,privatise_small,positive,1.0,43.1,43.1,monitoring-2021dlya-tipografii.pdf,624,624,https://isnasu.org.ua/assets/files/monitoring/monitoring-2021dlya-tipografii.pdf
privatise_small,2016,privatise_small,positive,1.0,32.2,32.2,monitoring-2021dlya-tipografii.pdf,624,624,https://isnasu.org.ua/assets/files/monitoring/monitoring-2021dlya-tipografii.pdf
privatise_small,2018,privatise_small,positive,1.0,35.0,35.0,monitoring-2021dlya-tipografii.pdf,624,624,https://isnasu.org.ua/assets/files/monitoring/monitoring-2021dlya-tipografii.pdf
privatise_small,2021,privatise_small,positive,1.0,31.0,31.0,monitoring-2021dlya-tipografii.pdf,624,624,https://isnasu.org.ua/assets/files/monitoring/monitoring-2021dlya-tipografii.pdf
retrospective_small,2013,retrospective_small,rather_yes,1.0,31.9,31.9,soc-mon-2013.pdf,447,447,https://isnasu.org.ua/assets/files/monitoring/soc-mon-2013.pdf
retrospective_small,2013,retrospective_small,yes,1.0,16.2,16.2,soc-mon-2013.pdf,447,447,https://isnasu.org.ua/assets/files/monitoring/soc-mon-2013.pdf
retrospective_small,2017,retrospective_small,rather_yes,1.0,34.8,34.8,mon2020.pdf,443,443,https://isnasu.org.ua/assets/files/monitoring/mon2020.pdf
retrospective_small,2017,retrospective_small,yes,1.0,22.1,22.1,mon2020.pdf,443,443,https://isnasu.org.ua/assets/files/monitoring/mon2020.pdf
retrospective_small,2020,retrospective_small,rather_yes,1.0,30.0,30.0,mon2020.pdf,443,443,https://isnasu.org.ua/assets/files/monitoring/mon2020.pdf
retrospective_small,2020,retrospective_small,yes,1.0,19.7,19.7,mon2020.pdf,443,443,https://isnasu.org.ua/assets/files/monitoring/mon2020.pdf
existing_private_small,2013,existing_private_small,rather_positive,1.0,38.9,38.9,soc-mon-2013.pdf,448,448,https://isnasu.org.ua/assets/files/monitoring/soc-mon-2013.pdf
existing_private_small,2013,existing_private_small,positive,1.0,23.1,23.1,soc-mon-2013.pdf,448,448,https://isnasu.org.ua/assets/files/monitoring/soc-mon-2013.pdf
existing_private_small,2017,existing_private_small,rather_positive,1.0,39.3,39.3,mon2020.pdf,445,445,https://isnasu.org.ua/assets/files/monitoring/mon2020.pdf
existing_private_small,2017,existing_private_small,positive,1.0,38.6,38.6,mon2020.pdf,445,445,https://isnasu.org.ua/assets/files/monitoring/mon2020.pdf
existing_private_small,2020,existing_private_small,rather_positive,1.0,33.4,33.4,mon2020.pdf,445,445,https://isnasu.org.ua/assets/files/monitoring/mon2020.pdf
existing_private_small,2020,existing_private_small,positive,1.0,38.0,38.0,mon2020.pdf,445,445,https://isnasu.org.ua/assets/files/monitoring/mon2020.pdf
renationalise_small,2013,renationalise_small,rather_no,1.0,26.4,26.4,soc-mon-2013.pdf,449,449,https://isnasu.org.ua/assets/files/monitoring/soc-mon-2013.pdf
renationalise_small,2013,renationalise_small,no,1.0,22.6,22.6,soc-mon-2013.pdf,449,449,https://isnasu.org.ua/assets/files/monitoring/soc-mon-2013.pdf
renationalise_small,2017,renationalise_small,rather_no,1.0,32.0,32.0,mon2020.pdf,445,445,https://isnasu.org.ua/assets/files/monitoring/mon2020.pdf
renationalise_small,2017,renationalise_small,no,1.0,30.1,30.1,mon2020.pdf,445,445,https://isnasu.org.ua/assets/files/monitoring/mon2020.pdf
renationalise_small,2020,renationalise_small,rather_no,1.0,25.2,25.2,mon2020.pdf,445,445,https://isnasu.org.ua/assets/files/monitoring/mon2020.pdf
renationalise_small,2020,renationalise_small,no,1.0,35.7,35.7,mon2020.pdf,445,445,https://isnasu.org.ua/assets/files/monitoring/mon2020.pdf
privatise_large,1992,privatise_large,positive,1.0,25.1,25.1,monitoring-2021dlya-tipografii.pdf,624,624,https://isnasu.org.ua/assets/files/monitoring/monitoring-2021dlya-tipografii.pdf
privatise_large,1994,privatise_large,positive,1.0,24.7,24.7,monitoring-2021dlya-tipografii.pdf,624,624,https://isnasu.org.ua/assets/files/monitoring/monitoring-2021dlya-tipografii.pdf
privatise_large,1995,privatise_large,positive,1.0,21.7,21.7,panina-1994-2005.pdf,21,21,https://dif.org.ua/uploads/pdf/40574543644fd4df61d653.39323866.pdf
privatise_large,1996,privatise_large,positive,1.0,22.8,22.8,monitoring-2021dlya-tipografii.pdf,624,624,https://isnasu.org.ua/assets/files/monitoring/monitoring-2021dlya-tipografii.pdf
privatise_large,1997,privatise_large,positive,1.0,18.7,18.7,panina-1994-2005.pdf,21,21,https://dif.org.ua/uploads/pdf/40574543644fd4df61d653.39323866.pdf
privatise_large,1998,privatise_large,positive,1.0,17.5,17.5,monitoring-2021dlya-tipografii.pdf,624,624,https://isnasu.org.ua/assets/files/monitoring/monitoring-2021dlya-tipografii.pdf
privatise_large,1999,privatise_large,positive,1.0,17.7,17.7,panina-1994-2005.pdf,21,21,https://dif.org.ua/uploads/pdf/40574543644fd4df61d653.39323866.pdf
privatise_large,2000,privatise_large,positive,1.0,17.8,17.8,monitoring-2021dlya-tipografii.pdf,624,624,https://isnasu.org.ua/assets/files/monitoring/monitoring-2021dlya-tipografii.pdf
privatise_large,2001,privatise_large,positive,1.0,17.8,17.8,panina-1994-2005.pdf,21,21,https://dif.org.ua/uploads/pdf/40574543644fd4df61d653.39323866.pdf
privatise_large,2002,privatise_large,positive,1.0,18.3,18.3,monitoring-2021dlya-tipografii.pdf,624,624,https://isnasu.org.ua/assets/files/monitoring/monitoring-2021dlya-tipografii.pdf
privatise_large,2003,privatise_large,positive,1.0,18.9,18.9,panina-1994-2005.pdf,21,21,https://dif.org.ua/uploads/pdf/40574543644fd4df61d653.39323866.pdf
privatise_large,2004,privatise_large,positive,1.0,17.5,17.5,monitoring-2021dlya-tipografii.pdf,624,624,https://isnasu.org.ua/assets/files/monitoring/monitoring-2021dlya-tipografii.pdf
privatise_large,2005,privatise_large,positive,1.0,13.3,13.3,monitoring-2021dlya-tipografii.pdf,624,624,https://isnasu.org.ua/assets/files/monitoring/monitoring-2021dlya-tipografii.pdf
privatise_large,2006,privatise_large,positive,1.0,10.6,10.6,monitoring-2021dlya-tipografii.pdf,624,624,https://isnasu.org.ua/assets/files/monitoring/monitoring-2021dlya-tipografii.pdf
privatise_large,2008,privatise_large,positive,1.0,13.9,13.9,monitoring-2021dlya-tipografii.pdf,624,624,https://isnasu.org.ua/assets/files/monitoring/monitoring-2021dlya-tipografii.pdf
privatise_large,2010,privatise_large,positive,1.0,12.9,12.9,monitoring-2021dlya-tipografii.pdf,624,624,https://isnasu.org.ua/assets/files/monitoring/monitoring-2021dlya-tipografii.pdf
privatise_large,2012,privatise_large,positive,1.0,12.6,12.6,monitoring-2021dlya-tipografii.pdf,624,624,https://isnasu.org.ua/assets/files/monitoring/monitoring-2021dlya-tipografii.pdf
privatise_large,2014,privatise_large,positive,1.0,19.9,19.9,monitoring-2021dlya-tipografii.pdf,624,624,https://isnasu.org.ua/assets/files/monitoring/monitoring-2021dlya-tipografii.pdf
privatise_large,2016,privatise_large,positive,1.0,13.8,13.8,monitoring-2021dlya-tipografii.pdf,624,624,https://isnasu.org.ua/assets/files/monitoring/monitoring-2021dlya-tipografii.pdf
privatise_large,2018,privatise_large,positive,1.0,17.3,17.3,monitoring-2021dlya-tipografii.pdf,624,624,https://isnasu.org.ua/assets/files/monitoring/monitoring-2021dlya-tipografii.pdf
privatise_large,2021,privatise_large,positive,1.0,17.9,17.9,monitoring-2021dlya-tipografii.pdf,624,624,https://isnasu.org.ua/assets/files/monitoring/monitoring-2021dlya-tipografii.pdf
retrospective_large,2013,retrospective_large,rather_yes,1.0,12.7,12.7,soc-mon-2013.pdf,448,448,https://isnasu.org.ua/assets/files/monitoring/soc-mon-2013.pdf
retrospective_large,2013,retrospective_large,yes,1.0,4.2,4.2,soc-mon-2013.pdf,448,448,https://isnasu.org.ua/assets/files/monitoring/soc-mon-2013.pdf
retrospective_large,2017,retrospective_large,rather_yes,1.0,18.5,18.5,mon2020.pdf,444,444,https://isnasu.org.ua/assets/files/monitoring/mon2020.pdf
retrospective_large,2017,retrospective_large,yes,1.0,8.2,8.2,mon2020.pdf,444,444,https://isnasu.org.ua/assets/files/monitoring/mon2020.pdf
retrospective_large,2020,retrospective_large,rather_yes,1.0,14.3,14.3,mon2020.pdf,444,444,https://isnasu.org.ua/assets/files/monitoring/mon2020.pdf
retrospective_large,2020,retrospective_large,yes,1.0,7.4,7.4,mon2020.pdf,444,444,https://isnasu.org.ua/assets/files/monitoring/mon2020.pdf
existing_private_large,2013,existing_private_large,rather_positive,1.0,23.8,23.8,soc-mon-2013.pdf,449,449,https://isnasu.org.ua/assets/files/monitoring/soc-mon-2013.pdf
existing_private_large,2013,existing_private_large,positive,1.0,13.0,13.0,soc-mon-2013.pdf,449,449,https://isnasu.org.ua/assets/files/monitoring/soc-mon-2013.pdf
existing_private_large,2017,existing_private_large,rather_positive,1.0,30.1,30.1,mon2020.pdf,445,445,https://isnasu.org.ua/assets/files/monitoring/mon2020.pdf
existing_private_large,2017,existing_private_large,positive,1.0,23.6,23.6,mon2020.pdf,445,445,https://isnasu.org.ua/assets/files/monitoring/mon2020.pdf
existing_private_large,2020,existing_private_large,rather_positive,1.0,26.2,26.2,mon2020.pdf,445,445,https://isnasu.org.ua/assets/files/monitoring/mon2020.pdf
existing_private_large,2020,existing_private_large,positive,1.0,22.9,22.9,mon2020.pdf,445,445,https://isnasu.org.ua/assets/files/monitoring/mon2020.pdf
renationalise_large,2013,renationalise_large,rather_no,1.0,10.1,10.1,soc-mon-2013.pdf,450,450,https://isnasu.org.ua/assets/files/monitoring/soc-mon-2013.pdf
renationalise_large,2013,renationalise_large,no,1.0,6.1,6.1,soc-mon-2013.pdf,450,450,https://isnasu.org.ua/assets/files/monitoring/soc-mon-2013.pdf
renationalise_large,2017,renationalise_large,rather_no,1.0,16.3,16.3,mon2020.pdf,446,446,https://isnasu.org.ua/assets/files/monitoring/mon2020.pdf
renationalise_large,2017,renationalise_large,no,1.0,12.3,12.3,mon2020.pdf,446,446,https://isnasu.org.ua/assets/files/monitoring/mon2020.pdf
renationalise_large,2020,renationalise_large,rather_no,1.0,14.6,14.6,mon2020.pdf,446,446,https://isnasu.org.ua/assets/files/monitoring/mon2020.pdf
renationalise_large,2020,renationalise_large,no,1.0,13.8,13.8,mon2020.pdf,446,446,https://isnasu.org.ua/assets/files/monitoring/mon2020.pdf
privatise_land,1992,privatise_land,positive,1.0,63.5,63.5,monitoring-2021dlya-tipografii.pdf,624,624,https://isnasu.org.ua/assets/files/monitoring/monitoring-2021dlya-tipografii.pdf
privatise_land,1994,privatise_land,positive,1.0,52.6,52.6,monitoring-2021dlya-tipografii.pdf,624,624,https://isnasu.org.ua/assets/files/monitoring/monitoring-2021dlya-tipografii.pdf
privatise_land,1995,privatise_land,positive,1.0,48.7,48.7,panina-1994-2005.pdf,21,21,https://dif.org.ua/uploads/pdf/40574543644fd4df61d653.39323866.pdf
privatise_land,1996,privatise_land,positive,1.0,49.8,49.8,monitoring-2021dlya-tipografii.pdf,624,624,https://isnasu.org.ua/assets/files/monitoring/monitoring-2021dlya-tipografii.pdf
privatise_land,1997,privatise_land,positive,1.0,46.1,46.1,panina-1994-2005.pdf,21,21,https://dif.org.ua/uploads/pdf/40574543644fd4df61d653.39323866.pdf
privatise_land,1998,privatise_land,positive,1.0,40.1,40.1,monitoring-2021dlya-tipografii.pdf,624,624,https://isnasu.org.ua/assets/files/monitoring/monitoring-2021dlya-tipografii.pdf
privatise_land,1999,privatise_land,positive,1.0,37.3,37.3,panina-1994-2005.pdf,21,21,https://dif.org.ua/uploads/pdf/40574543644fd4df61d653.39323866.pdf
privatise_land,2000,privatise_land,positive,1.0,39.5,39.5,monitoring-2021dlya-tipografii.pdf,624,624,https://isnasu.org.ua/assets/files/monitoring/monitoring-2021dlya-tipografii.pdf
privatise_land,2001,privatise_land,positive,1.0,42.1,42.1,panina-1994-2005.pdf,21,21,https://dif.org.ua/uploads/pdf/40574543644fd4df61d653.39323866.pdf
privatise_land,2002,privatise_land,positive,1.0,48.0,48.0,monitoring-2021dlya-tipografii.pdf,624,624,https://isnasu.org.ua/assets/files/monitoring/monitoring-2021dlya-tipografii.pdf
privatise_land,2003,privatise_land,positive,1.0,45.2,45.2,panina-1994-2005.pdf,21,21,https://dif.org.ua/uploads/pdf/40574543644fd4df61d653.39323866.pdf
privatise_land,2004,privatise_land,positive,1.0,42.1,42.1,monitoring-2021dlya-tipografii.pdf,624,624,https://isnasu.org.ua/assets/files/monitoring/monitoring-2021dlya-tipografii.pdf
privatise_land,2005,privatise_land,positive,1.0,27.8,27.8,monitoring-2021dlya-tipografii.pdf,624,624,https://isnasu.org.ua/assets/files/monitoring/monitoring-2021dlya-tipografii.pdf
privatise_land,2006,privatise_land,positive,1.0,23.8,23.8,monitoring-2021dlya-tipografii.pdf,624,624,https://isnasu.org.ua/assets/files/monitoring/monitoring-2021dlya-tipografii.pdf
privatise_land,2008,privatise_land,positive,1.0,25.7,25.7,monitoring-2021dlya-tipografii.pdf,624,624,https://isnasu.org.ua/assets/files/monitoring/monitoring-2021dlya-tipografii.pdf
privatise_land,2010,privatise_land,positive,1.0,24.0,24.0,monitoring-2021dlya-tipografii.pdf,624,624,https://isnasu.org.ua/assets/files/monitoring/monitoring-2021dlya-tipografii.pdf
privatise_land,2012,privatise_land,positive,1.0,18.6,18.6,monitoring-2021dlya-tipografii.pdf,624,624,https://isnasu.org.ua/assets/files/monitoring/monitoring-2021dlya-tipografii.pdf
privatise_land,2014,privatise_land,positive,1.0,21.6,21.6,monitoring-2021dlya-tipografii.pdf,624,624,https://isnasu.org.ua/assets/files/monitoring/monitoring-2021dlya-tipografii.pdf
privatise_land,2016,privatise_land,positive,1.0,16.7,16.7,monitoring-2021dlya-tipografii.pdf,624,624,https://isnasu.org.ua/assets/files/monitoring/monitoring-2021dlya-tipografii.pdf
privatise_land,2018,privatise_land,positive,1.0,20.4,20.4,monitoring-2021dlya-tipografii.pdf,624,624,https://isnasu.org.ua/assets/files/monitoring/monitoring-2021dlya-tipografii.pdf
privatise_land,2021,privatise_land,positive,1.0,20.7,20.7,monitoring-2021dlya-tipografii.pdf,624,624,https://isnasu.org.ua/assets/files/monitoring/monitoring-2021dlya-tipografii.pdf
retrospective_land,2013,retrospective_land,rather_yes,1.0,12.3,12.3,soc-mon-2013.pdf,448,448,https://isnasu.org.ua/assets/files/monitoring/soc-mon-2013.pdf
retrospective_land,2013,retrospective_land,yes,1.0,7.2,7.2,soc-mon-2013.pdf,448,448,https://isnasu.org.ua/assets/files/monitoring/soc-mon-2013.pdf
retrospective_land,2017,retrospective_land,rather_yes,1.0,21.6,21.6,mon2020.pdf,444,444,https://isnasu.org.ua/assets/files/monitoring/mon2020.pdf
retrospective_land,2017,retrospective_land,yes,1.0,11.6,11.6,mon2020.pdf,444,444,https://isnasu.org.ua/assets/files/monitoring/mon2020.pdf
retrospective_land,2020,retrospective_land,rather_yes,1.0,16.1,16.1,mon2020.pdf,444,444,https://isnasu.org.ua/assets/files/monitoring/mon2020.pdf
retrospective_land,2020,retrospective_land,yes,1.0,11.8,11.8,mon2020.pdf,444,444,https://isnasu.org.ua/assets/files/monitoring/mon2020.pdf
existing_private_land,2013,existing_private_land,rather_positive,1.0,18.4,18.4,soc-mon-2013.pdf,449,449,https://isnasu.org.ua/assets/files/monitoring/soc-mon-2013.pdf
existing_private_land,2013,existing_private_land,positive,1.0,8.6,8.6,soc-mon-2013.pdf,449,449,https://isnasu.org.ua/assets/files/monitoring/soc-mon-2013.pdf
existing_private_land,2017,existing_private_land,rather_positive,1.0,27.1,27.1,mon2020.pdf,445,445,https://isnasu.org.ua/assets/files/monitoring/mon2020.pdf
existing_private_land,2017,existing_private_land,positive,1.0,20.5,20.5,mon2020.pdf,445,445,https://isnasu.org.ua/assets/files/monitoring/mon2020.pdf
existing_private_land,2020,existing_private_land,rather_positive,1.0,19.9,19.9,mon2020.pdf,445,445,https://isnasu.org.ua/assets/files/monitoring/mon2020.pdf
existing_private_land,2020,existing_private_land,positive,1.0,19.8,19.8,mon2020.pdf,445,445,https://isnasu.org.ua/assets/files/monitoring/mon2020.pdf
renationalise_land,2013,renationalise_land,rather_no,1.0,11.6,11.6,soc-mon-2013.pdf,450,450,https://isnasu.org.ua/assets/files/monitoring/soc-mon-2013.pdf
renationalise_land,2013,renationalise_land,no,1.0,8.7,8.7,soc-mon-2013.pdf,450,450,https://isnasu.org.ua/assets/files/monitoring/soc-mon-2013.pdf
renationalise_land,2017,renationalise_land,rather_no,1.0,18.4,18.4,mon2020.pdf,446,446,https://isnasu.org.ua/assets/files/monitoring/mon2020.pdf
renationalise_land,2017,renationalise_land,no,1.0,17.1,17.1,mon2020.pdf,446,446,https://isnasu.org.ua/assets/files/monitoring/mon2020.pdf
renationalise_land,2020,renationalise_land,rather_no,1.0,16.1,16.1,mon2020.pdf,446,446,https://isnasu.org.ua/assets/files/monitoring/mon2020.pdf
renationalise_land,2020,renationalise_land,no,1.0,19.4,19.4,mon2020.pdf,446,446,https://isnasu.org.ua/assets/files/monitoring/mon2020.pdf
land_sales_general,1994,land_sales_general,yes,1.0,38.5,38.5,dodatki2018.pdf,4,418,https://isnasu.org.ua/assets/files/monitoring/dodatki2018.pdf
land_sales_general,1995,land_sales_general,yes,1.0,36.2,36.2,panina-1994-2005.pdf,21,21,https://dif.org.ua/uploads/pdf/40574543644fd4df61d653.39323866.pdf
land_sales_general,1996,land_sales_general,yes,1.0,39.2,39.2,dodatki2018.pdf,4,418,https://isnasu.org.ua/assets/files/monitoring/dodatki2018.pdf
land_sales_general,1997,land_sales_general,yes,1.0,38.2,38.2,panina-1994-2005.pdf,21,21,https://dif.org.ua/uploads/pdf/40574543644fd4df61d653.39323866.pdf
land_sales_general,1998,land_sales_general,yes,1.0,33.6,33.6,dodatki2018.pdf,4,418,https://isnasu.org.ua/assets/files/monitoring/dodatki2018.pdf
land_sales_general,1999,land_sales_general,yes,1.0,32.5,32.5,panina-1994-2005.pdf,21,21,https://dif.org.ua/uploads/pdf/40574543644fd4df61d653.39323866.pdf
land_sales_general,2000,land_sales_general,yes,1.0,32.3,32.3,dodatki2018.pdf,4,418,https://isnasu.org.ua/assets/files/monitoring/dodatki2018.pdf
land_sales_general,2001,land_sales_general,yes,1.0,31.6,31.6,panina-1994-2005.pdf,21,21,https://dif.org.ua/uploads/pdf/40574543644fd4df61d653.39323866.pdf
land_sales_general,2005,land_sales_general,yes,1.0,24.8,24.8,dodatki2018.pdf,4,418,https://isnasu.org.ua/assets/files/monitoring/dodatki2018.pdf
land_sales_general,2006,land_sales_general,yes,1.0,22.0,22.0,dodatki2018.pdf,4,418,https://isnasu.org.ua/assets/files/monitoring/dodatki2018.pdf
land_sales_general,2008,land_sales_general,yes,1.0,29.2,29.2,dodatki2018.pdf,4,418,https://isnasu.org.ua/assets/files/monitoring/dodatki2018.pdf
land_sales_general,2010,land_sales_general,yes,1.0,25.8,25.8,dodatki2018.pdf,4,418,https://isnasu.org.ua/assets/files/monitoring/dodatki2018.pdf
land_sales_general,2012,land_sales_general,yes,1.0,21.4,21.4,dodatki2018.pdf,4,418,https://isnasu.org.ua/assets/files/monitoring/dodatki2018.pdf
land_sales_general,2014,land_sales_general,yes,1.0,24.4,24.4,dodatki2018.pdf,4,418,https://isnasu.org.ua/assets/files/monitoring/dodatki2018.pdf
land_sales_general,2016,land_sales_general,yes,1.0,23.1,23.1,dodatki2018.pdf,4,418,https://isnasu.org.ua/assets/files/monitoring/dodatki2018.pdf
land_sales_general,2018,land_sales_general,yes,1.0,22.6,22.6,dodatki2018.pdf,4,418,https://isnasu.org.ua/assets/files/monitoring/dodatki2018.pdf
land_sales_agricultural,2017,land_sales_agricultural,yes,1.0,23.4,23.4,monitoring-2021dlya-tipografii.pdf,624,624,https://isnasu.org.ua/assets/files/monitoring/monitoring-2021dlya-tipografii.pdf
land_sales_agricultural,2019,land_sales_agricultural,yes,1.0,31.7,31.7,monitoring-2021dlya-tipografii.pdf,624,624,https://isnasu.org.ua/assets/files/monitoring/monitoring-2021dlya-tipografii.pdf
land_sales_agricultural,2021,land_sales_agricultural,yes,1.0,22.5,22.5,monitoring-2021dlya-tipografii.pdf,624,624,https://isnasu.org.ua/assets/files/monitoring/monitoring-2021dlya-tipografii.pdf
work_private_employer,1992,work_private_employer,rather_yes,1.0,17.2,17.2,monitoring-2021dlya-tipografii.pdf,625,625,https://isnasu.org.ua/assets/files/monitoring/monitoring-2021dlya-tipografii.pdf
work_private_employer,1992,work_private_employer,yes,1.0,26.7,26.7,monitoring-2021dlya-tipografii.pdf,625,625,https://isnasu.org.ua/assets/files/monitoring/monitoring-2021dlya-tipografii.pdf
work_private_employer,1994,work_private_employer,rather_yes,1.0,14.7,14.7,monitoring-2021dlya-tipografii.pdf,625,625,https://isnasu.org.ua/assets/files/monitoring/monitoring-2021dlya-tipografii.pdf
work_private_employer,1994,work_private_employer,yes,1.0,38.2,38.2,monitoring-2021dlya-tipografii.pdf,625,625,https://isnasu.org.ua/assets/files/monitoring/monitoring-2021dlya-tipografii.pdf
work_private_employer,1995,work_private_employer,rather_yes,1.0,14.5,14.5,panina-1994-2005.pdf,22,22,https://dif.org.ua/uploads/pdf/40574543644fd4df61d653.39323866.pdf
work_private_employer,1995,work_private_employer,yes,1.0,36.6,36.6,panina-1994-2005.pdf,22,22,https://dif.org.ua/uploads/pdf/40574543644fd4df61d653.39323866.pdf
work_private_employer,1996,work_private_employer,rather_yes,1.0,16.2,16.2,monitoring-2021dlya-tipografii.pdf,625,625,https://isnasu.org.ua/assets/files/monitoring/monitoring-2021dlya-tipografii.pdf
work_private_employer,1996,work_private_employer,yes,1.0,34.4,34.4,monitoring-2021dlya-tipografii.pdf,625,625,https://isnasu.org.ua/assets/files/monitoring/monitoring-2021dlya-tipografii.pdf
work_private_employer,1997,work_private_employer,rather_yes,1.0,16.7,16.7,panina-1994-2005.pdf,22,22,https://dif.org.ua/uploads/pdf/40574543644fd4df61d653.39323866.pdf
work_private_employer,1997,work_private_employer,yes,1.0,38.4,38.4,panina-1994-2005.pdf,22,22,https://dif.org.ua/uploads/pdf/40574543644fd4df61d653.39323866.pdf
work_private_employer,1998,work_private_employer,rather_yes,1.0,17.0,17.0,monitoring-2021dlya-tipografii.pdf,625,625,https://isnasu.org.ua/assets/files/monitoring/monitoring-2021dlya-tipografii.pdf
work_private_employer,1998,work_private_employer,yes,1.0,36.9,36.9,monitoring-2021dlya-tipografii.pdf,625,625,https://isnasu.org.ua/assets/files/monitoring/monitoring-2021dlya-tipografii.pdf
work_private_employer,1999,work_private_employer,rather_yes,1.0,18.1,18.1,panina-1994-2005.pdf,22,22,https://dif.org.ua/uploads/pdf/40574543644fd4df61d653.39323866.pdf
work_private_employer,1999,work_private_employer,yes,1.0,33.5,33.5,panina-1994-2005.pdf,22,22,https://dif.org.ua/uploads/pdf/40574543644fd4df61d653.39323866.pdf
work_private_employer,2000,work_private_employer,rather_yes,1.0,16.6,16.6,monitoring-2021dlya-tipografii.pdf,625,625,https://isnasu.org.ua/assets/files/monitoring/monitoring-2021dlya-tipografii.pdf
work_private_employer,2000,work_private_employer,yes,1.0,39.0,39.0,monitoring-2021dlya-tipografii.pdf,625,625,https://isnasu.org.ua/assets/files/monitoring/monitoring-2021dlya-tipografii.pdf
work_private_employer,2001,work_private_employer,rather_yes,1.0,19.8,19.8,panina-1994-2005.pdf,22,22,https://dif.org.ua/uploads/pdf/40574543644fd4df61d653.39323866.pdf
work_private_employer,2001,work_private_employer,yes,1.0,34.1,34.1,panina-1994-2005.pdf,22,22,https://dif.org.ua/uploads/pdf/40574543644fd4df61d653.39323866.pdf
work_private_employer,2002,work_private_employer,rather_yes,1.0,28.0,28.0,monitoring-2021dlya-tipografii.pdf,625,625,https://isnasu.org.ua/assets/files/monitoring/monitoring-2021dlya-tipografii.pdf
work_private_employer,2002,work_private_employer,yes,1.0,14.2,14.2,monitoring-2021dlya-tipografii.pdf,625,625,https://isnasu.org.ua/assets/files/monitoring/monitoring-2021dlya-tipografii.pdf
work_private_employer,2003,work_private_employer,rather_yes,1.0,32.4,32.4,panina-1994-2005.pdf,22,22,https://dif.org.ua/uploads/pdf/40574543644fd4df61d653.39323866.pdf
work_private_employer,2003,work_private_employer,yes,1.0,10.2,10.2,panina-1994-2005.pdf,22,22,https://dif.org.ua/uploads/pdf/40574543644fd4df61d653.39323866.pdf
work_private_employer,2004,work_private_employer,rather_yes,1.0,29.6,29.6,monitoring-2021dlya-tipografii.pdf,625,625,https://isnasu.org.ua/assets/files/monitoring/monitoring-2021dlya-tipografii.pdf
work_private_employer,2004,work_private_employer,yes,1.0,10.1,10.1,monitoring-2021dlya-tipografii.pdf,625,625,https://isnasu.org.ua/assets/files/monitoring/monitoring-2021dlya-tipografii.pdf
work_private_employer,2005,work_private_employer,rather_yes,1.0,18.1,18.1,monitoring-2021dlya-tipografii.pdf,625,625,https://isnasu.org.ua/assets/files/monitoring/monitoring-2021dlya-tipografii.pdf
work_private_employer,2005,work_private_employer,yes,1.0,18.3,18.3,monitoring-2021dlya-tipografii.pdf,625,625,https://isnasu.org.ua/assets/files/monitoring/monitoring-2021dlya-tipografii.pdf
work_private_employer,2006,work_private_employer,rather_yes,1.0,17.4,17.4,monitoring-2021dlya-tipografii.pdf,625,625,https://isnasu.org.ua/assets/files/monitoring/monitoring-2021dlya-tipografii.pdf
work_private_employer,2006,work_private_employer,yes,1.0,19.4,19.4,monitoring-2021dlya-tipografii.pdf,625,625,https://isnasu.org.ua/assets/files/monitoring/monitoring-2021dlya-tipografii.pdf
work_private_employer,2008,work_private_employer,rather_yes,1.0,21.4,21.4,monitoring-2021dlya-tipografii.pdf,625,625,https://isnasu.org.ua/assets/files/monitoring/monitoring-2021dlya-tipografii.pdf
work_private_employer,2008,work_private_employer,yes,1.0,19.6,19.6,monitoring-2021dlya-tipografii.pdf,625,625,https://isnasu.org.ua/assets/files/monitoring/monitoring-2021dlya-tipografii.pdf
work_private_employer,2010,work_private_employer,rather_yes,1.0,21.9,21.9,monitoring-2021dlya-tipografii.pdf,625,625,https://isnasu.org.ua/assets/files/monitoring/monitoring-2021dlya-tipografii.pdf
work_private_employer,2010,work_private_employer,yes,1.0,21.6,21.6,monitoring-2021dlya-tipografii.pdf,625,625,https://isnasu.org.ua/assets/files/monitoring/monitoring-2021dlya-tipografii.pdf
work_private_employer,2012,work_private_employer,rather_yes,1.0,23.0,23.0,monitoring-2021dlya-tipografii.pdf,625,625,https://isnasu.org.ua/assets/files/monitoring/monitoring-2021dlya-tipografii.pdf
work_private_employer,2012,work_private_employer,yes,1.0,20.4,20.4,monitoring-2021dlya-tipografii.pdf,625,625,https://isnasu.org.ua/assets/files/monitoring/monitoring-2021dlya-tipografii.pdf
work_private_employer,2014,work_private_employer,rather_yes,1.0,23.8,23.8,monitoring-2021dlya-tipografii.pdf,625,625,https://isnasu.org.ua/assets/files/monitoring/monitoring-2021dlya-tipografii.pdf
work_private_employer,2014,work_private_employer,yes,1.0,24.7,24.7,monitoring-2021dlya-tipografii.pdf,625,625,https://isnasu.org.ua/assets/files/monitoring/monitoring-2021dlya-tipografii.pdf
work_private_employer,2019,work_private_employer,rather_yes,1.0,29.1,29.1,monitoring-2021dlya-tipografii.pdf,625,625,https://isnasu.org.ua/assets/files/monitoring/monitoring-2021dlya-tipografii.pdf
work_private_employer,2019,work_private_employer,yes,1.0,25.2,25.2,monitoring-2021dlya-tipografii.pdf,625,625,https://isnasu.org.ua/assets/files/monitoring/monitoring-2021dlya-tipografii.pdf
work_private_employer,2021,work_private_employer,rather_yes,1.0,24.2,24.2,monitoring-2021dlya-tipografii.pdf,625,625,https://isnasu.org.ua/assets/files/monitoring/monitoring-2021dlya-tipografii.pdf
work_private_employer,2021,work_private_employer,yes,1.0,29.3,29.3,monitoring-2021dlya-tipografii.pdf,625,625,https://isnasu.org.ua/assets/files/monitoring/monitoring-2021dlya-tipografii.pdf
socialism_capitalism_political_support,1994,socialism_capitalism_political_support,capitalism,1.0,12.7,12.7,dodatki2016.pdf,6,430,https://isnasu.org.ua/assets/files/monitoring/dodatki2016.pdf
socialism_capitalism_political_support,1995,socialism_capitalism_political_support,capitalism,1.0,13.2,13.2,panina-1994-2005.pdf,25,25,https://dif.org.ua/uploads/pdf/40574543644fd4df61d653.39323866.pdf
socialism_capitalism_political_support,1996,socialism_capitalism_political_support,capitalism,1.0,13.3,13.3,dodatki2016.pdf,6,430,https://isnasu.org.ua/assets/files/monitoring/dodatki2016.pdf
socialism_capitalism_political_support,1997,socialism_capitalism_political_support,capitalism,1.0,10.8,10.8,panina-1994-2005.pdf,25,25,https://dif.org.ua/uploads/pdf/40574543644fd4df61d653.39323866.pdf
socialism_capitalism_political_support,1998,socialism_capitalism_political_support,capitalism,1.0,11.1,11.1,dodatki2016.pdf,6,430,https://isnasu.org.ua/assets/files/monitoring/dodatki2016.pdf
socialism_capitalism_political_support,1999,socialism_capitalism_political_support,capitalism,1.0,10.9,10.9,panina-1994-2005.pdf,25,25,https://dif.org.ua/uploads/pdf/40574543644fd4df61d653.39323866.pdf
socialism_capitalism_political_support,2000,socialism_capitalism_political_support,capitalism,1.0,17.1,17.1,dodatki2016.pdf,6,430,https://isnasu.org.ua/assets/files/monitoring/dodatki2016.pdf
socialism_capitalism_political_support,2001,socialism_capitalism_political_support,capitalism,1.0,12.9,12.9,panina-1994-2005.pdf,25,25,https://dif.org.ua/uploads/pdf/40574543644fd4df61d653.39323866.pdf
socialism_capitalism_political_support,2002,socialism_capitalism_political_support,capitalism,1.0,12.1,12.1,dodatki2016.pdf,6,430,https://isnasu.org.ua/assets/files/monitoring/dodatki2016.pdf
socialism_capitalism_political_support,2003,socialism_capitalism_political_support,capitalism,1.0,10.6,10.6,panina-1994-2005.pdf,25,25,https://dif.org.ua/uploads/pdf/40574543644fd4df61d653.39323866.pdf
socialism_capitalism_political_support,2004,socialism_capitalism_political_support,capitalism,1.0,11.7,11.7,dodatki2016.pdf,6,430,https://isnasu.org.ua/assets/files/monitoring/dodatki2016.pdf
socialism_capitalism_political_support,2005,socialism_capitalism_political_support,capitalism,1.0,11.1,11.1,dodatki2016.pdf,6,430,https://isnasu.org.ua/assets/files/monitoring/dodatki2016.pdf
socialism_capitalism_political_support,2006,socialism_capitalism_political_support,capitalism,1.0,12.0,12.0,dodatki2016.pdf,6,430,https://isnasu.org.ua/assets/files/monitoring/dodatki2016.pdf
socialism_capitalism_political_support,2008,socialism_capitalism_political_support,capitalism,1.0,11.6,11.6,dodatki2016.pdf,6,430,https://isnasu.org.ua/assets/files/monitoring/dodatki2016.pdf
socialism_capitalism_political_support,2010,socialism_capitalism_political_support,capitalism,1.0,11.4,11.4,dodatki2016.pdf,6,430,https://isnasu.org.ua/assets/files/monitoring/dodatki2016.pdf
socialism_capitalism_political_support,2011,socialism_capitalism_political_support,capitalism,1.0,8.7,8.7,dodatki2016.pdf,6,430,https://isnasu.org.ua/assets/files/monitoring/dodatki2016.pdf
socialism_capitalism_political_support,2012,socialism_capitalism_political_support,capitalism,1.0,8.9,8.9,dodatki2016.pdf,6,430,https://isnasu.org.ua/assets/files/monitoring/dodatki2016.pdf
socialism_capitalism_political_support,2014,socialism_capitalism_political_support,capitalism,1.0,13.5,13.5,dodatki2016.pdf,6,430,https://isnasu.org.ua/assets/files/monitoring/dodatki2016.pdf
socialism_capitalism_political_support,2016,socialism_capitalism_political_support,capitalism,1.0,13.4,13.4,dodatki2016.pdf,6,430,https://isnasu.org.ua/assets/files/monitoring/dodatki2016.pdf
land_ownership_rights,2017,land_ownership_rights,full_ownership_including_sale,1.0,27.3,27.3,mon2020.pdf,447,447,https://isnasu.org.ua/assets/files/monitoring/mon2020.pdf
land_ownership_rights,2019,land_ownership_rights,full_ownership_including_sale,1.0,34.3,34.3,mon2020.pdf,447,447,https://isnasu.org.ua/assets/files/monitoring/mon2020.pdf
land_ownership_rights,2020,land_ownership_rights,full_ownership_including_sale,1.0,37.4,37.4,mon2020.pdf,447,447,https://isnasu.org.ua/assets/files/monitoring/mon2020.pdf
state_role_minimal_state_market,2002,state_market_role,minimal_state_market,1.0,6.5,6.5,monitoring-2021dlya-tipografii.pdf,625,625,https://isnasu.org.ua/assets/files/monitoring/monitoring-2021dlya-tipografii.pdf
state_role_minimal_state_market,2003,state_market_role,minimal_state_market,1.0,4.9,4.9,panina-1994-2005.pdf,22,22,https://dif.org.ua/uploads/pdf/40574543644fd4df61d653.39323866.pdf
state_role_minimal_state_market,2004,state_market_role,minimal_state_market,1.0,6.1,6.1,monitoring-2021dlya-tipografii.pdf,625,625,https://isnasu.org.ua/assets/files/monitoring/monitoring-2021dlya-tipografii.pdf
state_role_minimal_state_market,2005,state_market_role,minimal_state_market,1.0,5.7,5.7,soc-mon-2013.pdf,447,447,https://isnasu.org.ua/assets/files/monitoring/soc-mon-2013.pdf
state_role_minimal_state_market,2006,state_market_role,minimal_state_market,1.0,4.7,4.7,monitoring-2021dlya-tipografii.pdf,625,625,https://isnasu.org.ua/assets/files/monitoring/monitoring-2021dlya-tipografii.pdf
state_role_minimal_state_market,2008,state_market_role,minimal_state_market,1.0,6.6,6.6,monitoring-2021dlya-tipografii.pdf,625,625,https://isnasu.org.ua/assets/files/monitoring/monitoring-2021dlya-tipografii.pdf
state_role_minimal_state_market,2010,state_market_role,minimal_state_market,1.0,5.3,5.3,monitoring-2021dlya-tipografii.pdf,625,625,https://isnasu.org.ua/assets/files/monitoring/monitoring-2021dlya-tipografii.pdf
state_role_minimal_state_market,2012,state_market_role,minimal_state_market,1.0,6.1,6.1,monitoring-2021dlya-tipografii.pdf,625,625,https://isnasu.org.ua/assets/files/monitoring/monitoring-2021dlya-tipografii.pdf
state_role_minimal_state_market,2013,state_market_role,minimal_state_market,1.0,8.1,8.1,monitoring-2021dlya-tipografii.pdf,625,625,https://isnasu.org.ua/assets/files/monitoring/monitoring-2021dlya-tipografii.pdf
state_role_minimal_state_market,2014,state_market_role,minimal_state_market,1.0,9.0,9.0,monitoring-2021dlya-tipografii.pdf,625,625,https://isnasu.org.ua/assets/files/monitoring/monitoring-2021dlya-tipografii.pdf
state_role_minimal_state_market,2015,state_market_role,minimal_state_market,1.0,12.7,12.7,monitoring-2021dlya-tipografii.pdf,625,625,https://isnasu.org.ua/assets/files/monitoring/monitoring-2021dlya-tipografii.pdf
state_role_minimal_state_market,2016,state_market_role,minimal_state_market,1.0,11.5,11.5,monitoring-2021dlya-tipografii.pdf,625,625,https://isnasu.org.ua/assets/files/monitoring/monitoring-2021dlya-tipografii.pdf
state_role_minimal_state_market,2017,state_market_role,minimal_state_market,1.0,14.2,14.2,monitoring-2021dlya-tipografii.pdf,625,625,https://isnasu.org.ua/assets/files/monitoring/monitoring-2021dlya-tipografii.pdf
state_role_minimal_state_market,2019,state_market_role,minimal_state_market,1.0,12.1,12.1,monitoring-2021dlya-tipografii.pdf,625,625,https://isnasu.org.ua/assets/files/monitoring/monitoring-2021dlya-tipografii.pdf
state_role_minimal_state_market,2020,state_market_role,minimal_state_market,1.0,8.1,8.1,monitoring-2021dlya-tipografii.pdf,625,625,https://isnasu.org.ua/assets/files/monitoring/monitoring-2021dlya-tipografii.pdf
state_role_minimal_state_market,2021,state_market_role,minimal_state_market,1.0,9.9,9.9,monitoring-2021dlya-tipografii.pdf,625,625,https://isnasu.org.ua/assets/files/monitoring/monitoring-2021dlya-tipografii.pdf
state_role_mixed_state_market,2002,state_market_role,mixed_state_market,1.0,46.1,46.1,monitoring-2021dlya-tipografii.pdf,625,625,https://isnasu.org.ua/assets/files/monitoring/monitoring-2021dlya-tipografii.pdf
state_role_mixed_state_market,2003,state_market_role,mixed_state_market,1.0,46.4,46.4,panina-1994-2005.pdf,22,22,https://dif.org.ua/uploads/pdf/40574543644fd4df61d653.39323866.pdf
state_role_mixed_state_market,2004,state_market_role,mixed_state_market,1.0,45.5,45.5,monitoring-2021dlya-tipografii.pdf,625,625,https://isnasu.org.ua/assets/files/monitoring/monitoring-2021dlya-tipografii.pdf
state_role_mixed_state_market,2005,state_market_role,mixed_state_market,1.0,46.2,46.2,soc-mon-2013.pdf,447,447,https://isnasu.org.ua/assets/files/monitoring/soc-mon-2013.pdf
state_role_mixed_state_market,2006,state_market_role,mixed_state_market,1.0,49.5,49.5,monitoring-2021dlya-tipografii.pdf,625,625,https://isnasu.org.ua/assets/files/monitoring/monitoring-2021dlya-tipografii.pdf
state_role_mixed_state_market,2008,state_market_role,mixed_state_market,1.0,49.9,49.9,monitoring-2021dlya-tipografii.pdf,625,625,https://isnasu.org.ua/assets/files/monitoring/monitoring-2021dlya-tipografii.pdf
state_role_mixed_state_market,2010,state_market_role,mixed_state_market,1.0,48.4,48.4,monitoring-2021dlya-tipografii.pdf,625,625,https://isnasu.org.ua/assets/files/monitoring/monitoring-2021dlya-tipografii.pdf
state_role_mixed_state_market,2012,state_market_role,mixed_state_market,1.0,42.4,42.4,monitoring-2021dlya-tipografii.pdf,625,625,https://isnasu.org.ua/assets/files/monitoring/monitoring-2021dlya-tipografii.pdf
state_role_mixed_state_market,2013,state_market_role,mixed_state_market,1.0,41.3,41.3,monitoring-2021dlya-tipografii.pdf,625,625,https://isnasu.org.ua/assets/files/monitoring/monitoring-2021dlya-tipografii.pdf
state_role_mixed_state_market,2014,state_market_role,mixed_state_market,1.0,48.9,48.9,monitoring-2021dlya-tipografii.pdf,625,625,https://isnasu.org.ua/assets/files/monitoring/monitoring-2021dlya-tipografii.pdf
state_role_mixed_state_market,2015,state_market_role,mixed_state_market,1.0,49.4,49.4,monitoring-2021dlya-tipografii.pdf,625,625,https://isnasu.org.ua/assets/files/monitoring/monitoring-2021dlya-tipografii.pdf
state_role_mixed_state_market,2016,state_market_role,mixed_state_market,1.0,51.4,51.4,monitoring-2021dlya-tipografii.pdf,625,625,https://isnasu.org.ua/assets/files/monitoring/monitoring-2021dlya-tipografii.pdf
state_role_mixed_state_market,2017,state_market_role,mixed_state_market,1.0,46.6,46.6,monitoring-2021dlya-tipografii.pdf,625,625,https://isnasu.org.ua/assets/files/monitoring/monitoring-2021dlya-tipografii.pdf
state_role_mixed_state_market,2019,state_market_role,mixed_state_market,1.0,48.1,48.1,monitoring-2021dlya-tipografii.pdf,625,625,https://isnasu.org.ua/assets/files/monitoring/monitoring-2021dlya-tipografii.pdf
state_role_mixed_state_market,2020,state_market_role,mixed_state_market,1.0,40.3,40.3,monitoring-2021dlya-tipografii.pdf,625,625,https://isnasu.org.ua/assets/files/monitoring/monitoring-2021dlya-tipografii.pdf
state_role_mixed_state_market,2021,state_market_role,mixed_state_market,1.0,44.6,44.6,monitoring-2021dlya-tipografii.pdf,625,625,https://isnasu.org.ua/assets/files/monitoring/monitoring-2021dlya-tipografii.pdf
state_role_planned_economy,2002,state_market_role,planned_economy,1.0,29.3,29.3,monitoring-2021dlya-tipografii.pdf,625,625,https://isnasu.org.ua/assets/files/monitoring/monitoring-2021dlya-tipografii.pdf
state_role_planned_economy,2003,state_market_role,planned_economy,1.0,31.5,31.5,panina-1994-2005.pdf,22,22,https://dif.org.ua/uploads/pdf/40574543644fd4df61d653.39323866.pdf
state_role_planned_economy,2004,state_market_role,planned_economy,1.0,31.6,31.6,monitoring-2021dlya-tipografii.pdf,625,625,https://isnasu.org.ua/assets/files/monitoring/monitoring-2021dlya-tipografii.pdf
state_role_planned_economy,2005,state_market_role,planned_economy,1.0,29.3,29.3,soc-mon-2013.pdf,447,447,https://isnasu.org.ua/assets/files/monitoring/soc-mon-2013.pdf
state_role_planned_economy,2006,state_market_role,planned_economy,1.0,29.6,29.6,monitoring-2021dlya-tipografii.pdf,625,625,https://isnasu.org.ua/assets/files/monitoring/monitoring-2021dlya-tipografii.pdf
state_role_planned_economy,2008,state_market_role,planned_economy,1.0,28.8,28.8,monitoring-2021dlya-tipografii.pdf,625,625,https://isnasu.org.ua/assets/files/monitoring/monitoring-2021dlya-tipografii.pdf
state_role_planned_economy,2010,state_market_role,planned_economy,1.0,31.6,31.6,monitoring-2021dlya-tipografii.pdf,625,625,https://isnasu.org.ua/assets/files/monitoring/monitoring-2021dlya-tipografii.pdf
state_role_planned_economy,2012,state_market_role,planned_economy,1.0,33.4,33.4,monitoring-2021dlya-tipografii.pdf,625,625,https://isnasu.org.ua/assets/files/monitoring/monitoring-2021dlya-tipografii.pdf
state_role_planned_economy,2013,state_market_role,planned_economy,1.0,27.2,27.2,monitoring-2021dlya-tipografii.pdf,625,625,https://isnasu.org.ua/assets/files/monitoring/monitoring-2021dlya-tipografii.pdf
state_role_planned_economy,2014,state_market_role,planned_economy,1.0,26.1,26.1,monitoring-2021dlya-tipografii.pdf,625,625,https://isnasu.org.ua/assets/files/monitoring/monitoring-2021dlya-tipografii.pdf
state_role_planned_economy,2015,state_market_role,planned_economy,1.0,24.8,24.8,monitoring-2021dlya-tipografii.pdf,625,625,https://isnasu.org.ua/assets/files/monitoring/monitoring-2021dlya-tipografii.pdf
state_role_planned_economy,2016,state_market_role,planned_economy,1.0,25.8,25.8,monitoring-2021dlya-tipografii.pdf,625,625,https://isnasu.org.ua/assets/files/monitoring/monitoring-2021dlya-tipografii.pdf
state_role_planned_economy,2017,state_market_role,planned_economy,1.0,28.0,28.0,monitoring-2021dlya-tipografii.pdf,625,625,https://isnasu.org.ua/assets/files/monitoring/monitoring-2021dlya-tipografii.pdf
state_role_planned_economy,2019,state_market_role,planned_economy,1.0,26.6,26.6,monitoring-2021dlya-tipografii.pdf,625,625,https://isnasu.org.ua/assets/files/monitoring/monitoring-2021dlya-tipografii.pdf
state_role_planned_economy,2020,state_market_role,planned_economy,1.0,25.0,25.0,monitoring-2021dlya-tipografii.pdf,625,625,https://isnasu.org.ua/assets/files/monitoring/monitoring-2021dlya-tipografii.pdf
state_role_planned_economy,2021,state_market_role,planned_economy,1.0,27.2,27.2,monitoring-2021dlya-tipografii.pdf,625,625,https://isnasu.org.ua/assets/files/monitoring/monitoring-2021dlya-tipografii.pdf
ownership_policy_nationalise,2023,ownership_policy,nationalise,1.0,23.5,23.5,monitoring-2025.pdf,394,394,https://drive.google.com/uc?export=download&id=1CeJIiK0ZLNJ0aHyPbXHrWO21ykIB6m7W
ownership_policy_nationalise,2024,ownership_policy,nationalise,1.0,20.8,20.8,monitoring-2025.pdf,394,394,https://drive.google.com/uc?export=download&id=1CeJIiK0ZLNJ0aHyPbXHrWO21ykIB6m7W
ownership_policy_nationalise,2025,ownership_policy,nationalise,1.0,25.6,25.6,monitoring-2025.pdf,394,394,https://drive.google.com/uc?export=download&id=1CeJIiK0ZLNJ0aHyPbXHrWO21ykIB6m7W
ownership_policy_retain_state_firms,2023,ownership_policy,retain_state_firms,1.0,18.3,18.3,monitoring-2025.pdf,394,394,https://drive.google.com/uc?export=download&id=1CeJIiK0ZLNJ0aHyPbXHrWO21ykIB6m7W
ownership_policy_retain_state_firms,2024,ownership_policy,retain_state_firms,1.0,20.9,20.9,monitoring-2025.pdf,394,394,https://drive.google.com/uc?export=download&id=1CeJIiK0ZLNJ0aHyPbXHrWO21ykIB6m7W
ownership_policy_retain_state_firms,2025,ownership_policy,retain_state_firms,1.0,18.1,18.1,monitoring-2025.pdf,394,394,https://drive.google.com/uc?export=download&id=1CeJIiK0ZLNJ0aHyPbXHrWO21ykIB6m7W
ownership_policy_privatise_except_efficient_state_firms,2023,ownership_policy,privatise_except_efficient_state_firms,1.0,37.4,37.4,monitoring-2025.pdf,394,394,https://drive.google.com/uc?export=download&id=1CeJIiK0ZLNJ0aHyPbXHrWO21ykIB6m7W
ownership_policy_privatise_except_efficient_state_firms,2024,ownership_policy,privatise_except_efficient_state_firms,1.0,34.0,34.0,monitoring-2025.pdf,394,394,https://drive.google.com/uc?export=download&id=1CeJIiK0ZLNJ0aHyPbXHrWO21ykIB6m7W
ownership_policy_privatise_except_efficient_state_firms,2025,ownership_policy,privatise_except_efficient_state_firms,1.0,36.2,36.2,monitoring-2025.pdf,394,394,https://drive.google.com/uc?export=download&id=1CeJIiK0ZLNJ0aHyPbXHrWO21ykIB6m7W
ownership_policy_broad_privatisation,2023,ownership_policy,broad_privatisation,1.0,9.9,9.9,monitoring-2025.pdf,394,394,https://drive.google.com/uc?export=download&id=1CeJIiK0ZLNJ0aHyPbXHrWO21ykIB6m7W
ownership_policy_broad_privatisation,2024,ownership_policy,broad_privatisation,1.0,7.6,7.6,monitoring-2025.pdf,394,394,https://drive.google.com/uc?export=download&id=1CeJIiK0ZLNJ0aHyPbXHrWO21ykIB6m7W
ownership_policy_broad_privatisation,2025,ownership_policy,broad_privatisation,1.0,9.8,9.8,monitoring-2025.pdf,394,394,https://drive.google.com/uc?export=download&id=1CeJIiK0ZLNJ0aHyPbXHrWO21ykIB6m7W
ownership_policy_any_privatisation,2023,ownership_policy,privatise_except_efficient_state_firms,1.0,37.4,37.4,monitoring-2025.pdf,394,394,https://drive.google.com/uc?export=download&id=1CeJIiK0ZLNJ0aHyPbXHrWO21ykIB6m7W
ownership_policy_any_privatisation,2023,ownership_policy,broad_privatisation,1.0,9.9,9.9,monitoring-2025.pdf,394,394,https://drive.google.com/uc?export=download&id=1CeJIiK0ZLNJ0aHyPbXHrWO21ykIB6m7W
ownership_policy_any_privatisation,2024,ownership_policy,privatise_except_efficient_state_firms,1.0,34.0,34.0,monitoring-2025.pdf,394,394,https://drive.google.com/uc?export=download&id=1CeJIiK0ZLNJ0aHyPbXHrWO21ykIB6m7W
ownership_policy_any_privatisation,2024,ownership_policy,broad_privatisation,1.0,7.6,7.6,monitoring-2025.pdf,394,394,https://drive.google.com/uc?export=download&id=1CeJIiK0ZLNJ0aHyPbXHrWO21ykIB6m7W
ownership_policy_any_privatisation,2025,ownership_policy,privatise_except_efficient_state_firms,1.0,36.2,36.2,monitoring-2025.pdf,394,394,https://drive.google.com/uc?export=download&id=1CeJIiK0ZLNJ0aHyPbXHrWO21ykIB6m7W
ownership_policy_any_privatisation,2025,ownership_policy,broad_privatisation,1.0,9.8,9.8,monitoring-2025.pdf,394,394,https://drive.google.com/uc?export=download&id=1CeJIiK0ZLNJ0aHyPbXHrWO21ykIB6m7W
privatisation_support_index,1992,privatise_small,positive,0.3333333333333333,56.2,18.733333333333334,monitoring-2021dlya-tipografii.pdf,624,624,https://isnasu.org.ua/assets/files/monitoring/monitoring-2021dlya-tipografii.pdf
privatisation_support_index,1992,privatise_large,positive,0.3333333333333333,25.1,8.366666666666667,monitoring-2021dlya-tipografii.pdf,624,624,https://isnasu.org.ua/assets/files/monitoring/monitoring-2021dlya-tipografii.pdf
privatisation_support_index,1992,privatise_land,positive,0.3333333333333333,63.5,21.166666666666664,monitoring-2021dlya-tipografii.pdf,624,624,https://isnasu.org.ua/assets/files/monitoring/monitoring-2021dlya-tipografii.pdf
privatisation_support_index,1994,privatise_small,positive,0.3333333333333333,54.8,18.266666666666666,monitoring-2021dlya-tipografii.pdf,624,624,https://isnasu.org.ua/assets/files/monitoring/monitoring-2021dlya-tipografii.pdf
privatisation_support_index,1994,privatise_large,positive,0.3333333333333333,24.7,8.233333333333333,monitoring-2021dlya-tipografii.pdf,624,624,https://isnasu.org.ua/assets/files/monitoring/monitoring-2021dlya-tipografii.pdf
privatisation_support_index,1994,privatise_land,positive,0.3333333333333333,52.6,17.53333333333333,monitoring-2021dlya-tipografii.pdf,624,624,https://isnasu.org.ua/assets/files/monitoring/monitoring-2021dlya-tipografii.pdf
privatisation_support_index,1995,privatise_small,positive,0.3333333333333333,55.4,18.466666666666665,panina-1994-2005.pdf,21,21,https://dif.org.ua/uploads/pdf/40574543644fd4df61d653.39323866.pdf
privatisation_support_index,1995,privatise_large,positive,0.3333333333333333,21.7,7.2333333333333325,panina-1994-2005.pdf,21,21,https://dif.org.ua/uploads/pdf/40574543644fd4df61d653.39323866.pdf
privatisation_support_index,1995,privatise_land,positive,0.3333333333333333,48.7,16.233333333333334,panina-1994-2005.pdf,21,21,https://dif.org.ua/uploads/pdf/40574543644fd4df61d653.39323866.pdf
privatisation_support_index,1996,privatise_small,positive,0.3333333333333333,53.4,17.799999999999997,monitoring-2021dlya-tipografii.pdf,624,624,https://isnasu.org.ua/assets/files/monitoring/monitoring-2021dlya-tipografii.pdf
privatisation_support_index,1996,privatise_large,positive,0.3333333333333333,22.8,7.6,monitoring-2021dlya-tipografii.pdf,624,624,https://isnasu.org.ua/assets/files/monitoring/monitoring-2021dlya-tipografii.pdf
privatisation_support_index,1996,privatise_land,positive,0.3333333333333333,49.8,16.599999999999998,monitoring-2021dlya-tipografii.pdf,624,624,https://isnasu.org.ua/assets/files/monitoring/monitoring-2021dlya-tipografii.pdf
privatisation_support_index,1997,privatise_small,positive,0.3333333333333333,50.4,16.799999999999997,panina-1994-2005.pdf,21,21,https://dif.org.ua/uploads/pdf/40574543644fd4df61d653.39323866.pdf
privatisation_support_index,1997,privatise_large,positive,0.3333333333333333,18.7,6.2333333333333325,panina-1994-2005.pdf,21,21,https://dif.org.ua/uploads/pdf/40574543644fd4df61d653.39323866.pdf
privatisation_support_index,1997,privatise_land,positive,0.3333333333333333,46.1,15.366666666666667,panina-1994-2005.pdf,21,21,https://dif.org.ua/uploads/pdf/40574543644fd4df61d653.39323866.pdf
privatisation_support_index,1998,privatise_small,positive,0.3333333333333333,53.7,17.9,monitoring-2021dlya-tipografii.pdf,624,624,https://isnasu.org.ua/assets/files/monitoring/monitoring-2021dlya-tipografii.pdf
privatisation_support_index,1998,privatise_large,positive,0.3333333333333333,17.5,5.833333333333333,monitoring-2021dlya-tipografii.pdf,624,624,https://isnasu.org.ua/assets/files/monitoring/monitoring-2021dlya-tipografii.pdf
privatisation_support_index,1998,privatise_land,positive,0.3333333333333333,40.1,13.366666666666667,monitoring-2021dlya-tipografii.pdf,624,624,https://isnasu.org.ua/assets/files/monitoring/monitoring-2021dlya-tipografii.pdf
privatisation_support_index,1999,privatise_small,positive,0.3333333333333333,49.2,16.4,panina-1994-2005.pdf,21,21,https://dif.org.ua/uploads/pdf/40574543644fd4df61d653.39323866.pdf
privatisation_support_index,1999,privatise_large,positive,0.3333333333333333,17.7,5.8999999999999995,panina-1994-2005.pdf,21,21,https://dif.org.ua/uploads/pdf/40574543644fd4df61d653.39323866.pdf
privatisation_support_index,1999,privatise_land,positive,0.3333333333333333,37.3,12.433333333333332,panina-1994-2005.pdf,21,21,https://dif.org.ua/uploads/pdf/40574543644fd4df61d653.39323866.pdf
privatisation_support_index,2000,privatise_small,positive,0.3333333333333333,52.0,17.333333333333332,monitoring-2021dlya-tipografii.pdf,624,624,https://isnasu.org.ua/assets/files/monitoring/monitoring-2021dlya-tipografii.pdf
privatisation_support_index,2000,privatise_large,positive,0.3333333333333333,17.8,5.933333333333334,monitoring-2021dlya-tipografii.pdf,624,624,https://isnasu.org.ua/assets/files/monitoring/monitoring-2021dlya-tipografii.pdf
privatisation_support_index,2000,privatise_land,positive,0.3333333333333333,39.5,13.166666666666666,monitoring-2021dlya-tipografii.pdf,624,624,https://isnasu.org.ua/assets/files/monitoring/monitoring-2021dlya-tipografii.pdf
privatisation_support_index,2001,privatise_small,positive,0.3333333333333333,57.5,19.166666666666664,panina-1994-2005.pdf,21,21,https://dif.org.ua/uploads/pdf/40574543644fd4df61d653.39323866.pdf
privatisation_support_index,2001,privatise_large,positive,0.3333333333333333,17.8,5.933333333333334,panina-1994-2005.pdf,21,21,https://dif.org.ua/uploads/pdf/40574543644fd4df61d653.39323866.pdf
privatisation_support_index,2001,privatise_land,positive,0.3333333333333333,42.1,14.033333333333333,panina-1994-2005.pdf,21,21,https://dif.org.ua/uploads/pdf/40574543644fd4df61d653.39323866.pdf
privatisation_support_index,2002,privatise_small,positive,0.3333333333333333,50.5,16.833333333333332,monitoring-2021dlya-tipografii.pdf,624,624,https://isnasu.org.ua/assets/files/monitoring/monitoring-2021dlya-tipografii.pdf
privatisation_support_index,2002,privatise_large,positive,0.3333333333333333,18.3,6.1,monitoring-2021dlya-tipografii.pdf,624,624,https://isnasu.org.ua/assets/files/monitoring/monitoring-2021dlya-tipografii.pdf
privatisation_support_index,2002,privatise_land,positive,0.3333333333333333,48.0,16.0,monitoring-2021dlya-tipografii.pdf,624,624,https://isnasu.org.ua/assets/files/monitoring/monitoring-2021dlya-tipografii.pdf
privatisation_support_index,2003,privatise_small,positive,0.3333333333333333,49.3,16.43333333333333,panina-1994-2005.pdf,21,21,https://dif.org.ua/uploads/pdf/40574543644fd4df61d653.39323866.pdf
privatisation_support_index,2003,privatise_large,positive,0.3333333333333333,18.9,6.299999999999999,panina-1994-2005.pdf,21,21,https://dif.org.ua/uploads/pdf/40574543644fd4df61d653.39323866.pdf
privatisation_support_index,2003,privatise_land,positive,0.3333333333333333,45.2,15.066666666666666,panina-1994-2005.pdf,21,21,https://dif.org.ua/uploads/pdf/40574543644fd4df61d653.39323866.pdf
privatisation_support_index,2004,privatise_small,positive,0.3333333333333333,47.2,15.733333333333334,monitoring-2021dlya-tipografii.pdf,624,624,https://isnasu.org.ua/assets/files/monitoring/monitoring-2021dlya-tipografii.pdf
privatisation_support_index,2004,privatise_large,positive,0.3333333333333333,17.5,5.833333333333333,monitoring-2021dlya-tipografii.pdf,624,624,https://isnasu.org.ua/assets/files/monitoring/monitoring-2021dlya-tipografii.pdf
privatisation_support_index,2004,privatise_land,positive,0.3333333333333333,42.1,14.033333333333333,monitoring-2021dlya-tipografii.pdf,624,624,https://isnasu.org.ua/assets/files/monitoring/monitoring-2021dlya-tipografii.pdf
privatisation_support_index,2005,privatise_small,positive,0.3333333333333333,43.7,14.566666666666666,monitoring-2021dlya-tipografii.pdf,624,624,https://isnasu.org.ua/assets/files/monitoring/monitoring-2021dlya-tipografii.pdf
privatisation_support_index,2005,privatise_large,positive,0.3333333333333333,13.3,4.433333333333334,monitoring-2021dlya-tipografii.pdf,624,624,https://isnasu.org.ua/assets/files/monitoring/monitoring-2021dlya-tipografii.pdf
privatisation_support_index,2005,privatise_land,positive,0.3333333333333333,27.8,9.266666666666666,monitoring-2021dlya-tipografii.pdf,624,624,https://isnasu.org.ua/assets/files/monitoring/monitoring-2021dlya-tipografii.pdf
privatisation_support_index,2006,privatise_small,positive,0.3333333333333333,43.4,14.466666666666665,monitoring-2021dlya-tipografii.pdf,624,624,https://isnasu.org.ua/assets/files/monitoring/monitoring-2021dlya-tipografii.pdf
privatisation_support_index,2006,privatise_large,positive,0.3333333333333333,10.6,3.533333333333333,monitoring-2021dlya-tipografii.pdf,624,624,https://isnasu.org.ua/assets/files/monitoring/monitoring-2021dlya-tipografii.pdf
privatisation_support_index,2006,privatise_land,positive,0.3333333333333333,23.8,7.933333333333334,monitoring-2021dlya-tipografii.pdf,624,624,https://isnasu.org.ua/assets/files/monitoring/monitoring-2021dlya-tipografii.pdf
privatisation_support_index,2008,privatise_small,positive,0.3333333333333333,44.6,14.866666666666667,monitoring-2021dlya-tipografii.pdf,624,624,https://isnasu.org.ua/assets/files/monitoring/monitoring-2021dlya-tipografii.pdf
privatisation_support_index,2008,privatise_large,positive,0.3333333333333333,13.9,4.633333333333333,monitoring-2021dlya-tipografii.pdf,624,624,https://isnasu.org.ua/assets/files/monitoring/monitoring-2021dlya-tipografii.pdf
privatisation_support_index,2008,privatise_land,positive,0.3333333333333333,25.7,8.566666666666666,monitoring-2021dlya-tipografii.pdf,624,624,https://isnasu.org.ua/assets/files/monitoring/monitoring-2021dlya-tipografii.pdf
privatisation_support_index,2010,privatise_small,positive,0.3333333333333333,39.8,13.266666666666666,monitoring-2021dlya-tipografii.pdf,624,624,https://isnasu.org.ua/assets/files/monitoring/monitoring-2021dlya-tipografii.pdf
privatisation_support_index,2010,privatise_large,positive,0.3333333333333333,12.9,4.3,monitoring-2021dlya-tipografii.pdf,624,624,https://isnasu.org.ua/assets/files/monitoring/monitoring-2021dlya-tipografii.pdf
privatisation_support_index,2010,privatise_land,positive,0.3333333333333333,24.0,8.0,monitoring-2021dlya-tipografii.pdf,624,624,https://isnasu.org.ua/assets/files/monitoring/monitoring-2021dlya-tipografii.pdf
privatisation_support_index,2012,privatise_small,positive,0.3333333333333333,34.9,11.633333333333333,monitoring-2021dlya-tipografii.pdf,624,624,https://isnasu.org.ua/assets/files/monitoring/monitoring-2021dlya-tipografii.pdf
privatisation_support_index,2012,privatise_large,positive,0.3333333333333333,12.6,4.199999999999999,monitoring-2021dlya-tipografii.pdf,624,624,https://isnasu.org.ua/assets/files/monitoring/monitoring-2021dlya-tipografii.pdf
privatisation_support_index,2012,privatise_land,positive,0.3333333333333333,18.6,6.2,monitoring-2021dlya-tipografii.pdf,624,624,https://isnasu.org.ua/assets/files/monitoring/monitoring-2021dlya-tipografii.pdf
privatisation_support_index,2014,privatise_small,positive,0.3333333333333333,43.1,14.366666666666667,monitoring-2021dlya-tipografii.pdf,624,624,https://isnasu.org.ua/assets/files/monitoring/monitoring-2021dlya-tipografii.pdf
privatisation_support_index,2014,privatise_large,positive,0.3333333333333333,19.9,6.633333333333333,monitoring-2021dlya-tipografii.pdf,624,624,https://isnasu.org.ua/assets/files/monitoring/monitoring-2021dlya-tipografii.pdf
privatisation_support_index,2014,privatise_land,positive,0.3333333333333333,21.6,7.2,monitoring-2021dlya-tipografii.pdf,624,624,https://isnasu.org.ua/assets/files/monitoring/monitoring-2021dlya-tipografii.pdf
privatisation_support_index,2016,privatise_small,positive,0.3333333333333333,32.2,10.733333333333334,monitoring-2021dlya-tipografii.pdf,624,624,https://isnasu.org.ua/assets/files/monitoring/monitoring-2021dlya-tipografii.pdf
privatisation_support_index,2016,privatise_large,positive,0.3333333333333333,13.8,4.6,monitoring-2021dlya-tipografii.pdf,624,624,https://isnasu.org.ua/assets/files/monitoring/monitoring-2021dlya-tipografii.pdf
privatisation_support_index,2016,privatise_land,positive,0.3333333333333333,16.7,5.566666666666666,monitoring-2021dlya-tipografii.pdf,624,624,https://isnasu.org.ua/assets/files/monitoring/monitoring-2021dlya-tipografii.pdf
privatisation_support_index,2018,privatise_small,positive,0.3333333333333333,35.0,11.666666666666666,monitoring-2021dlya-tipografii.pdf,624,624,https://isnasu.org.ua/assets/files/monitoring/monitoring-2021dlya-tipografii.pdf
privatisation_support_index,2018,privatise_large,positive,0.3333333333333333,17.3,5.766666666666667,monitoring-2021dlya-tipografii.pdf,624,624,https://isnasu.org.ua/assets/files/monitoring/monitoring-2021dlya-tipografii.pdf
privatisation_support_index,2018,privatise_land,positive,0.3333333333333333,20.4,6.799999999999999,monitoring-2021dlya-tipografii.pdf,624,624,https://isnasu.org.ua/assets/files/monitoring/monitoring-2021dlya-tipografii.pdf
privatisation_support_index,2021,privatise_small,positive,0.3333333333333333,31.0,10.333333333333332,monitoring-2021dlya-tipografii.pdf,624,624,https://isnasu.org.ua/assets/files/monitoring/monitoring-2021dlya-tipografii.pdf
privatisation_support_index,2021,privatise_large,positive,0.3333333333333333,17.9,5.966666666666666,monitoring-2021dlya-tipografii.pdf,624,624,https://isnasu.org.ua/assets/files/monitoring/monitoring-2021dlya-tipografii.pdf
privatisation_support_index,2021,privatise_land,positive,0.3333333333333333,20.7,6.8999999999999995,monitoring-2021dlya-tipografii.pdf,624,624,https://isnasu.org.ua/assets/files/monitoring/monitoring-2021dlya-tipografii.pdf
