item,year,status,within_note_period
private_business,1992,verified_published_response_table,True
private_business,1993,no_1993_monitoring_wave_in_programme_history,True
private_business,1994,verified_published_response_table,True
private_business,1995,verified_published_response_table,True
private_business,1996,verified_published_response_table,True
private_business,1997,verified_published_response_table,True
private_business,1998,verified_published_response_table,True
private_business,1999,verified_published_response_table,True
private_business,2000,verified_published_response_table,True
private_business,2001,verified_published_response_table,True
private_business,2002,verified_published_response_table,True
private_business,2003,verified_published_response_table,True
private_business,2004,verified_published_response_table,True
private_business,2005,verified_published_response_table,True
private_business,2006,verified_published_response_table,True
private_business,2007,not_located_in_examined_sources,True
private_business,2008,verified_published_response_table,True
private_business,2009,not_located_in_examined_sources,True
private_business,2010,verified_published_response_table,True
private_business,2011,not_located_in_examined_sources,True
private_business,2012,verified_published_response_table,True
private_business,2013,not_located_in_examined_sources,True
private_business,2014,verified_published_response_table,True
private_business,2015,not_located_in_examined_sources,True
private_business,2016,not_located_in_examined_sources,True
private_business,2017,not_located_in_examined_sources,True
private_business,2018,not_located_in_examined_sources,True
private_business,2019,not_located_in_examined_sources,True
private_business,2020,not_located_in_examined_sources,True
private_business,2021,not_located_in_examined_sources,False
private_business,2022,not_located_in_examined_sources,False
private_business,2023,not_located_in_examined_sources,False
private_business,2024,not_located_in_examined_sources,False
private_business,2025,not_located_in_examined_sources,False
privatise_large,1992,verified_published_response_table,True
privatise_large,1993,no_1993_monitoring_wave_in_programme_history,True
privatise_large,1994,verified_published_response_table,True
privatise_large,1995,verified_published_response_table,True
privatise_large,1996,verified_published_response_table,True
privatise_large,1997,verified_published_response_table,True
privatise_large,1998,verified_published_response_table,True
privatise_large,1999,verified_published_response_table,True
privatise_large,2000,verified_published_response_table,True
privatise_large,2001,verified_published_response_table,True
privatise_large,2002,verified_published_response_table,True
privatise_large,2003,verified_published_response_table,True
privatise_large,2004,verified_published_response_table,True
privatise_large,2005,verified_published_response_table,True
privatise_large,2006,verified_published_response_table,True
privatise_large,2007,not_located_in_examined_sources,True
privatise_large,2008,verified_published_response_table,True
privatise_large,2009,not_located_in_examined_sources,True
privatise_large,2010,verified_published_response_table,True
privatise_large,2011,not_located_in_examined_sources,True
privatise_large,2012,verified_published_response_table,True
privatise_large,2013,not_located_in_examined_sources,True
privatise_large,2014,verified_published_response_table,True
privatise_large,2015,not_located_in_examined_sources,True
privatise_large,2016,verified_published_response_table,True
privatise_large,2017,not_located_in_examined_sources,True
privatise_large,2018,verified_published_response_table,True
privatise_large,2019,not_located_in_examined_sources,True
privatise_large,2020,not_located_in_examined_sources,True
privatise_large,2021,verified_published_response_table,False
privatise_large,2022,not_located_in_examined_sources,False
privatise_large,2023,not_located_in_examined_sources,False
privatise_large,2024,not_located_in_examined_sources,False
privatise_large,2025,not_located_in_examined_sources,False
privatise_small,1992,verified_published_response_table,True
privatise_small,1993,no_1993_monitoring_wave_in_programme_history,True
privatise_small,1994,verified_published_response_table,True
privatise_small,1995,verified_published_response_table,True
privatise_small,1996,verified_published_response_table,True
privatise_small,1997,verified_published_response_table,True
privatise_small,1998,verified_published_response_table,True
privatise_small,1999,verified_published_response_table,True
privatise_small,2000,verified_published_response_table,True
privatise_small,2001,verified_published_response_table,True
privatise_small,2002,verified_published_response_table,True
privatise_small,2003,verified_published_response_table,True
privatise_small,2004,verified_published_response_table,True
privatise_small,2005,verified_published_response_table,True
privatise_small,2006,verified_published_response_table,True
privatise_small,2007,not_located_in_examined_sources,True
privatise_small,2008,verified_published_response_table,True
privatise_small,2009,not_located_in_examined_sources,True
privatise_small,2010,verified_published_response_table,True
privatise_small,2011,not_located_in_examined_sources,True
privatise_small,2012,verified_published_response_table,True
privatise_small,2013,not_located_in_examined_sources,True
privatise_small,2014,verified_published_response_table,True
privatise_small,2015,not_located_in_examined_sources,True
privatise_small,2016,verified_published_response_table,True
privatise_small,2017,not_located_in_examined_sources,True
privatise_small,2018,verified_published_response_table,True
privatise_small,2019,not_located_in_examined_sources,True
privatise_small,2020,not_located_in_examined_sources,True
privatise_small,2021,verified_published_response_table,False
privatise_small,2022,not_located_in_examined_sources,False
privatise_small,2023,not_located_in_examined_sources,False
privatise_small,2024,not_located_in_examined_sources,False
privatise_small,2025,not_located_in_examined_sources,False
privatise_land,1992,verified_published_response_table,True
privatise_land,1993,no_1993_monitoring_wave_in_programme_history,True
privatise_land,1994,verified_published_response_table,True
privatise_land,1995,verified_published_response_table,True
privatise_land,1996,verified_published_response_table,True
privatise_land,1997,verified_published_response_table,True
privatise_land,1998,verified_published_response_table,True
privatise_land,1999,verified_published_response_table,True
privatise_land,2000,verified_published_response_table,True
privatise_land,2001,verified_published_response_table,True
privatise_land,2002,verified_published_response_table,True
privatise_land,2003,verified_published_response_table,True
privatise_land,2004,verified_published_response_table,True
privatise_land,2005,verified_published_response_table,True
privatise_land,2006,verified_published_response_table,True
privatise_land,2007,not_located_in_examined_sources,True
privatise_land,2008,verified_published_response_table,True
privatise_land,2009,not_located_in_examined_sources,True
privatise_land,2010,verified_published_response_table,True
privatise_land,2011,not_located_in_examined_sources,True
privatise_land,2012,verified_published_response_table,True
privatise_land,2013,not_located_in_examined_sources,True
privatise_land,2014,verified_published_response_table,True
privatise_land,2015,not_located_in_examined_sources,True
privatise_land,2016,verified_published_response_table,True
privatise_land,2017,not_located_in_examined_sources,True
privatise_land,2018,verified_published_response_table,True
privatise_land,2019,not_located_in_examined_sources,True
privatise_land,2020,not_located_in_examined_sources,True
privatise_land,2021,verified_published_response_table,False
privatise_land,2022,not_located_in_examined_sources,False
privatise_land,2023,not_located_in_examined_sources,False
privatise_land,2024,not_located_in_examined_sources,False
privatise_land,2025,not_located_in_examined_sources,False
land_sales_general,1992,not_located_in_examined_sources,True
land_sales_general,1993,no_1993_monitoring_wave_in_programme_history,True
land_sales_general,1994,verified_published_response_table,True
land_sales_general,1995,verified_published_response_table,True
land_sales_general,1996,verified_published_response_table,True
land_sales_general,1997,verified_published_response_table,True
land_sales_general,1998,verified_published_response_table,True
land_sales_general,1999,verified_published_response_table,True
land_sales_general,2000,verified_published_response_table,True
land_sales_general,2001,verified_published_response_table,True
land_sales_general,2002,dash_in_published_table,True
land_sales_general,2003,dash_in_published_table,True
land_sales_general,2004,dash_in_published_table,True
land_sales_general,2005,verified_published_response_table,True
land_sales_general,2006,verified_published_response_table,True
land_sales_general,2007,not_located_in_examined_sources,True
land_sales_general,2008,verified_published_response_table,True
land_sales_general,2009,not_located_in_examined_sources,True
land_sales_general,2010,verified_published_response_table,True
land_sales_general,2011,not_located_in_examined_sources,True
land_sales_general,2012,verified_published_response_table,True
land_sales_general,2013,not_located_in_examined_sources,True
land_sales_general,2014,verified_published_response_table,True
land_sales_general,2015,not_located_in_examined_sources,True
land_sales_general,2016,verified_published_response_table,True
land_sales_general,2017,not_located_in_examined_sources,True
land_sales_general,2018,verified_published_response_table,True
land_sales_general,2019,not_located_in_examined_sources,True
land_sales_general,2020,not_located_in_examined_sources,True
land_sales_general,2021,not_located_in_examined_sources,False
land_sales_general,2022,not_located_in_examined_sources,False
land_sales_general,2023,not_located_in_examined_sources,False
land_sales_general,2024,not_located_in_examined_sources,False
land_sales_general,2025,not_located_in_examined_sources,False
land_sales_agricultural,1992,not_located_in_examined_sources,True
land_sales_agricultural,1993,no_1993_monitoring_wave_in_programme_history,True
land_sales_agricultural,1994,not_located_in_examined_sources,True
land_sales_agricultural,1995,not_located_in_examined_sources,True
land_sales_agricultural,1996,not_located_in_examined_sources,True
land_sales_agricultural,1997,not_located_in_examined_sources,True
land_sales_agricultural,1998,not_located_in_examined_sources,True
land_sales_agricultural,1999,not_located_in_examined_sources,True
land_sales_agricultural,2000,not_located_in_examined_sources,True
land_sales_agricultural,2001,not_located_in_examined_sources,True
land_sales_agricultural,2002,not_located_in_examined_sources,True
land_sales_agricultural,2003,not_located_in_examined_sources,True
land_sales_agricultural,2004,not_located_in_examined_sources,True
land_sales_agricultural,2005,not_located_in_examined_sources,True
land_sales_agricultural,2006,not_located_in_examined_sources,True
land_sales_agricultural,2007,not_located_in_examined_sources,True
land_sales_agricultural,2008,not_located_in_examined_sources,True
land_sales_agricultural,2009,not_located_in_examined_sources,True
land_sales_agricultural,2010,not_located_in_examined_sources,True
land_sales_agricultural,2011,not_located_in_examined_sources,True
land_sales_agricultural,2012,not_located_in_examined_sources,True
land_sales_agricultural,2013,not_located_in_examined_sources,True
land_sales_agricultural,2014,not_located_in_examined_sources,True
land_sales_agricultural,2015,not_located_in_examined_sources,True
land_sales_agricultural,2016,not_located_in_examined_sources,True
land_sales_agricultural,2017,verified_published_response_table,True
land_sales_agricultural,2018,not_located_in_examined_sources,True
land_sales_agricultural,2019,verified_published_response_table,True
land_sales_agricultural,2020,not_located_in_examined_sources,True
land_sales_agricultural,2021,verified_published_response_table,False
land_sales_agricultural,2022,not_located_in_examined_sources,False
land_sales_agricultural,2023,not_located_in_examined_sources,False
land_sales_agricultural,2024,not_located_in_examined_sources,False
land_sales_agricultural,2025,not_located_in_examined_sources,False
state_market_role,1992,not_located_in_examined_sources,True
state_market_role,1993,no_1993_monitoring_wave_in_programme_history,True
state_market_role,1994,dash_in_published_table,True
state_market_role,1995,dash_in_published_table,True
state_market_role,1996,dash_in_published_table,True
state_market_role,1997,dash_in_published_table,True
state_market_role,1998,dash_in_published_table,True
state_market_role,1999,dash_in_published_table,True
state_market_role,2000,dash_in_published_table,True
state_market_role,2001,dash_in_published_table,True
state_market_role,2002,verified_published_response_table,True
state_market_role,2003,verified_published_response_table,True
state_market_role,2004,verified_published_response_table,True
state_market_role,2005,verified_published_response_table,True
state_market_role,2006,verified_published_response_table,True
state_market_role,2007,not_located_in_examined_sources,True
state_market_role,2008,verified_published_response_table,True
state_market_role,2009,not_located_in_examined_sources,True
state_market_role,2010,verified_published_response_table,True
state_market_role,2011,not_located_in_examined_sources,True
state_market_role,2012,verified_published_response_table,True
state_market_role,2013,verified_published_response_table,True
state_market_role,2014,verified_published_response_table,True
state_market_role,2015,verified_published_response_table,True
state_market_role,2016,verified_published_response_table,True
state_market_role,2017,verified_published_response_table,True
state_market_role,2018,not_located_in_examined_sources,True
state_market_role,2019,verified_published_response_table,True
state_market_role,2020,verified_published_response_table,True
state_market_role,2021,verified_published_response_table,False
state_market_role,2022,not_located_in_examined_sources,False
state_market_role,2023,not_located_in_examined_sources,False
state_market_role,2024,not_located_in_examined_sources,False
state_market_role,2025,not_located_in_examined_sources,False
socialism_capitalism_political_support,1992,not_located_in_examined_sources,True
socialism_capitalism_political_support,1993,no_1993_monitoring_wave_in_programme_history,True
socialism_capitalism_political_support,1994,verified_published_response_table,True
socialism_capitalism_political_support,1995,verified_published_response_table,True
socialism_capitalism_political_support,1996,verified_published_response_table,True
socialism_capitalism_political_support,1997,verified_published_response_table,True
socialism_capitalism_political_support,1998,verified_published_response_table,True
socialism_capitalism_political_support,1999,verified_published_response_table,True
socialism_capitalism_political_support,2000,verified_published_response_table,True
socialism_capitalism_political_support,2001,verified_published_response_table,True
socialism_capitalism_political_support,2002,verified_published_response_table,True
socialism_capitalism_political_support,2003,verified_published_response_table,True
socialism_capitalism_political_support,2004,verified_published_response_table,True
socialism_capitalism_political_support,2005,verified_published_response_table,True
socialism_capitalism_political_support,2006,verified_published_response_table,True
socialism_capitalism_political_support,2007,not_located_in_examined_sources,True
socialism_capitalism_political_support,2008,verified_published_response_table,True
socialism_capitalism_political_support,2009,not_located_in_examined_sources,True
socialism_capitalism_political_support,2010,verified_published_response_table,True
socialism_capitalism_political_support,2011,verified_published_response_table,True
socialism_capitalism_political_support,2012,verified_published_response_table,True
socialism_capitalism_political_support,2013,not_located_in_examined_sources,True
socialism_capitalism_political_support,2014,verified_published_response_table,True
socialism_capitalism_political_support,2015,not_located_in_examined_sources,True
socialism_capitalism_political_support,2016,verified_published_response_table,True
socialism_capitalism_political_support,2017,not_located_in_examined_sources,True
socialism_capitalism_political_support,2018,not_located_in_examined_sources,True
socialism_capitalism_political_support,2019,not_located_in_examined_sources,True
socialism_capitalism_political_support,2020,not_located_in_examined_sources,True
socialism_capitalism_political_support,2021,not_located_in_examined_sources,False
socialism_capitalism_political_support,2022,not_located_in_examined_sources,False
socialism_capitalism_political_support,2023,not_located_in_examined_sources,False
socialism_capitalism_political_support,2024,not_located_in_examined_sources,False
socialism_capitalism_political_support,2025,not_located_in_examined_sources,False
work_private_employer,1992,verified_published_response_table,True
work_private_employer,1993,no_1993_monitoring_wave_in_programme_history,True
work_private_employer,1994,verified_published_response_table,True
work_private_employer,1995,verified_published_response_table,True
work_private_employer,1996,verified_published_response_table,True
work_private_employer,1997,verified_published_response_table,True
work_private_employer,1998,verified_published_response_table,True
work_private_employer,1999,verified_published_response_table,True
work_private_employer,2000,verified_published_response_table,True
work_private_employer,2001,verified_published_response_table,True
work_private_employer,2002,verified_published_response_table,True
work_private_employer,2003,verified_published_response_table,True
work_private_employer,2004,verified_published_response_table,True
work_private_employer,2005,verified_published_response_table,True
work_private_employer,2006,verified_published_response_table,True
work_private_employer,2007,not_located_in_examined_sources,True
work_private_employer,2008,verified_published_response_table,True
work_private_employer,2009,not_located_in_examined_sources,True
work_private_employer,2010,verified_published_response_table,True
work_private_employer,2011,not_located_in_examined_sources,True
work_private_employer,2012,verified_published_response_table,True
work_private_employer,2013,not_located_in_examined_sources,True
work_private_employer,2014,verified_published_response_table,True
work_private_employer,2015,not_located_in_examined_sources,True
work_private_employer,2016,not_located_in_examined_sources,True
work_private_employer,2017,not_located_in_examined_sources,True
work_private_employer,2018,not_located_in_examined_sources,True
work_private_employer,2019,verified_published_response_table,True
work_private_employer,2020,not_located_in_examined_sources,True
work_private_employer,2021,verified_published_response_table,False
work_private_employer,2022,not_located_in_examined_sources,False
work_private_employer,2023,not_located_in_examined_sources,False
work_private_employer,2024,not_located_in_examined_sources,False
work_private_employer,2025,not_located_in_examined_sources,False
land_ownership_rights,1992,not_located_in_examined_sources,True
land_ownership_rights,1993,no_1993_monitoring_wave_in_programme_history,True
land_ownership_rights,1994,not_located_in_examined_sources,True
land_ownership_rights,1995,not_located_in_examined_sources,True
land_ownership_rights,1996,not_located_in_examined_sources,True
land_ownership_rights,1997,not_located_in_examined_sources,True
land_ownership_rights,1998,not_located_in_examined_sources,True
land_ownership_rights,1999,not_located_in_examined_sources,True
land_ownership_rights,2000,not_located_in_examined_sources,True
land_ownership_rights,2001,not_located_in_examined_sources,True
land_ownership_rights,2002,not_located_in_examined_sources,True
land_ownership_rights,2003,not_located_in_examined_sources,True
land_ownership_rights,2004,not_located_in_examined_sources,True
land_ownership_rights,2005,not_located_in_examined_sources,True
land_ownership_rights,2006,not_located_in_examined_sources,True
land_ownership_rights,2007,not_located_in_examined_sources,True
land_ownership_rights,2008,not_located_in_examined_sources,True
land_ownership_rights,2009,not_located_in_examined_sources,True
land_ownership_rights,2010,not_located_in_examined_sources,True
land_ownership_rights,2011,not_located_in_examined_sources,True
land_ownership_rights,2012,not_located_in_examined_sources,True
land_ownership_rights,2013,not_located_in_examined_sources,True
land_ownership_rights,2014,not_located_in_examined_sources,True
land_ownership_rights,2015,not_located_in_examined_sources,True
land_ownership_rights,2016,not_located_in_examined_sources,True
land_ownership_rights,2017,verified_published_response_table,True
land_ownership_rights,2018,not_located_in_examined_sources,True
land_ownership_rights,2019,verified_published_response_table,True
land_ownership_rights,2020,verified_published_response_table,True
land_ownership_rights,2021,not_located_in_examined_sources,False
land_ownership_rights,2022,not_located_in_examined_sources,False
land_ownership_rights,2023,not_located_in_examined_sources,False
land_ownership_rights,2024,not_located_in_examined_sources,False
land_ownership_rights,2025,not_located_in_examined_sources,False
ownership_policy,1992,not_located_in_examined_sources,True
ownership_policy,1993,no_1993_monitoring_wave_in_programme_history,True
ownership_policy,1994,not_located_in_examined_sources,True
ownership_policy,1995,not_located_in_examined_sources,True
ownership_policy,1996,not_located_in_examined_sources,True
ownership_policy,1997,not_located_in_examined_sources,True
ownership_policy,1998,not_located_in_examined_sources,True
ownership_policy,1999,not_located_in_examined_sources,True
ownership_policy,2000,not_located_in_examined_sources,True
ownership_policy,2001,not_located_in_examined_sources,True
ownership_policy,2002,not_located_in_examined_sources,True
ownership_policy,2003,not_located_in_examined_sources,True
ownership_policy,2004,not_located_in_examined_sources,True
ownership_policy,2005,not_located_in_examined_sources,True
ownership_policy,2006,not_located_in_examined_sources,True
ownership_policy,2007,not_located_in_examined_sources,True
ownership_policy,2008,not_located_in_examined_sources,True
ownership_policy,2009,not_located_in_examined_sources,True
ownership_policy,2010,not_located_in_examined_sources,True
ownership_policy,2011,not_located_in_examined_sources,True
ownership_policy,2012,not_located_in_examined_sources,True
ownership_policy,2013,not_located_in_examined_sources,True
ownership_policy,2014,not_located_in_examined_sources,True
ownership_policy,2015,not_located_in_examined_sources,True
ownership_policy,2016,not_located_in_examined_sources,True
ownership_policy,2017,not_located_in_examined_sources,True
ownership_policy,2018,not_located_in_examined_sources,True
ownership_policy,2019,not_located_in_examined_sources,True
ownership_policy,2020,not_located_in_examined_sources,True
ownership_policy,2021,not_located_in_examined_sources,False
ownership_policy,2022,not_located_in_examined_sources,False
ownership_policy,2023,verified_published_response_table,False
ownership_policy,2024,verified_published_response_table,False
ownership_policy,2025,verified_published_response_table,False
retrospective_small,1992,not_located_in_examined_sources,True
retrospective_small,1993,no_1993_monitoring_wave_in_programme_history,True
retrospective_small,1994,not_located_in_examined_sources,True
retrospective_small,1995,not_located_in_examined_sources,True
retrospective_small,1996,not_located_in_examined_sources,True
retrospective_small,1997,not_located_in_examined_sources,True
retrospective_small,1998,not_located_in_examined_sources,True
retrospective_small,1999,not_located_in_examined_sources,True
retrospective_small,2000,not_located_in_examined_sources,True
retrospective_small,2001,not_located_in_examined_sources,True
retrospective_small,2002,not_located_in_examined_sources,True
retrospective_small,2003,not_located_in_examined_sources,True
retrospective_small,2004,not_located_in_examined_sources,True
retrospective_small,2005,not_located_in_examined_sources,True
retrospective_small,2006,not_located_in_examined_sources,True
retrospective_small,2007,not_located_in_examined_sources,True
retrospective_small,2008,not_located_in_examined_sources,True
retrospective_small,2009,not_located_in_examined_sources,True
retrospective_small,2010,not_located_in_examined_sources,True
retrospective_small,2011,not_located_in_examined_sources,True
retrospective_small,2012,not_located_in_examined_sources,True
retrospective_small,2013,verified_published_response_table,True
retrospective_small,2014,not_located_in_examined_sources,True
retrospective_small,2015,not_located_in_examined_sources,True
retrospective_small,2016,not_located_in_examined_sources,True
retrospective_small,2017,verified_published_response_table,True
retrospective_small,2018,not_located_in_examined_sources,True
retrospective_small,2019,not_located_in_examined_sources,True
retrospective_small,2020,verified_published_response_table,True
retrospective_small,2021,not_located_in_examined_sources,False
retrospective_small,2022,not_located_in_examined_sources,False
retrospective_small,2023,not_located_in_examined_sources,False
retrospective_small,2024,not_located_in_examined_sources,False
retrospective_small,2025,not_located_in_examined_sources,False
existing_private_small,1992,not_located_in_examined_sources,True
existing_private_small,1993,no_1993_monitoring_wave_in_programme_history,True
existing_private_small,1994,not_located_in_examined_sources,True
existing_private_small,1995,not_located_in_examined_sources,True
existing_private_small,1996,not_located_in_examined_sources,True
existing_private_small,1997,not_located_in_examined_sources,True
existing_private_small,1998,not_located_in_examined_sources,True
existing_private_small,1999,not_located_in_examined_sources,True
existing_private_small,2000,not_located_in_examined_sources,True
existing_private_small,2001,not_located_in_examined_sources,True
existing_private_small,2002,not_located_in_examined_sources,True
existing_private_small,2003,not_located_in_examined_sources,True
existing_private_small,2004,not_located_in_examined_sources,True
existing_private_small,2005,not_located_in_examined_sources,True
existing_private_small,2006,not_located_in_examined_sources,True
existing_private_small,2007,not_located_in_examined_sources,True
existing_private_small,2008,not_located_in_examined_sources,True
existing_private_small,2009,not_located_in_examined_sources,True
existing_private_small,2010,not_located_in_examined_sources,True
existing_private_small,2011,not_located_in_examined_sources,True
existing_private_small,2012,not_located_in_examined_sources,True
existing_private_small,2013,verified_published_response_table,True
existing_private_small,2014,not_located_in_examined_sources,True
existing_private_small,2015,not_located_in_examined_sources,True
existing_private_small,2016,not_located_in_examined_sources,True
existing_private_small,2017,verified_published_response_table,True
existing_private_small,2018,not_located_in_examined_sources,True
existing_private_small,2019,not_located_in_examined_sources,True
existing_private_small,2020,verified_published_response_table,True
existing_private_small,2021,not_located_in_examined_sources,False
existing_private_small,2022,not_located_in_examined_sources,False
existing_private_small,2023,not_located_in_examined_sources,False
existing_private_small,2024,not_located_in_examined_sources,False
existing_private_small,2025,not_located_in_examined_sources,False
renationalise_small,1992,not_located_in_examined_sources,True
renationalise_small,1993,no_1993_monitoring_wave_in_programme_history,True
renationalise_small,1994,not_located_in_examined_sources,True
renationalise_small,1995,not_located_in_examined_sources,True
renationalise_small,1996,not_located_in_examined_sources,True
renationalise_small,1997,not_located_in_examined_sources,True
renationalise_small,1998,not_located_in_examined_sources,True
renationalise_small,1999,not_located_in_examined_sources,True
renationalise_small,2000,not_located_in_examined_sources,True
renationalise_small,2001,not_located_in_examined_sources,True
renationalise_small,2002,not_located_in_examined_sources,True
renationalise_small,2003,not_located_in_examined_sources,True
renationalise_small,2004,not_located_in_examined_sources,True
renationalise_small,2005,not_located_in_examined_sources,True
renationalise_small,2006,not_located_in_examined_sources,True
renationalise_small,2007,not_located_in_examined_sources,True
renationalise_small,2008,not_located_in_examined_sources,True
renationalise_small,2009,not_located_in_examined_sources,True
renationalise_small,2010,not_located_in_examined_sources,True
renationalise_small,2011,not_located_in_examined_sources,True
renationalise_small,2012,not_located_in_examined_sources,True
renationalise_small,2013,verified_published_response_table,True
renationalise_small,2014,not_located_in_examined_sources,True
renationalise_small,2015,not_located_in_examined_sources,True
renationalise_small,2016,not_located_in_examined_sources,True
renationalise_small,2017,verified_published_response_table,True
renationalise_small,2018,not_located_in_examined_sources,True
renationalise_small,2019,not_located_in_examined_sources,True
renationalise_small,2020,verified_published_response_table,True
renationalise_small,2021,not_located_in_examined_sources,False
renationalise_small,2022,not_located_in_examined_sources,False
renationalise_small,2023,not_located_in_examined_sources,False
renationalise_small,2024,not_located_in_examined_sources,False
renationalise_small,2025,not_located_in_examined_sources,False
retrospective_large,1992,not_located_in_examined_sources,True
retrospective_large,1993,no_1993_monitoring_wave_in_programme_history,True
retrospective_large,1994,not_located_in_examined_sources,True
retrospective_large,1995,not_located_in_examined_sources,True
retrospective_large,1996,not_located_in_examined_sources,True
retrospective_large,1997,not_located_in_examined_sources,True
retrospective_large,1998,not_located_in_examined_sources,True
retrospective_large,1999,not_located_in_examined_sources,True
retrospective_large,2000,not_located_in_examined_sources,True
retrospective_large,2001,not_located_in_examined_sources,True
retrospective_large,2002,not_located_in_examined_sources,True
retrospective_large,2003,not_located_in_examined_sources,True
retrospective_large,2004,not_located_in_examined_sources,True
retrospective_large,2005,not_located_in_examined_sources,True
retrospective_large,2006,not_located_in_examined_sources,True
retrospective_large,2007,not_located_in_examined_sources,True
retrospective_large,2008,not_located_in_examined_sources,True
retrospective_large,2009,not_located_in_examined_sources,True
retrospective_large,2010,not_located_in_examined_sources,True
retrospective_large,2011,not_located_in_examined_sources,True
retrospective_large,2012,not_located_in_examined_sources,True
retrospective_large,2013,verified_published_response_table,True
retrospective_large,2014,not_located_in_examined_sources,True
retrospective_large,2015,not_located_in_examined_sources,True
retrospective_large,2016,not_located_in_examined_sources,True
retrospective_large,2017,verified_published_response_table,True
retrospective_large,2018,not_located_in_examined_sources,True
retrospective_large,2019,not_located_in_examined_sources,True
retrospective_large,2020,verified_published_response_table,True
retrospective_large,2021,not_located_in_examined_sources,False
retrospective_large,2022,not_located_in_examined_sources,False
retrospective_large,2023,not_located_in_examined_sources,False
retrospective_large,2024,not_located_in_examined_sources,False
retrospective_large,2025,not_located_in_examined_sources,False
existing_private_large,1992,not_located_in_examined_sources,True
existing_private_large,1993,no_1993_monitoring_wave_in_programme_history,True
existing_private_large,1994,not_located_in_examined_sources,True
existing_private_large,1995,not_located_in_examined_sources,True
existing_private_large,1996,not_located_in_examined_sources,True
existing_private_large,1997,not_located_in_examined_sources,True
existing_private_large,1998,not_located_in_examined_sources,True
existing_private_large,1999,not_located_in_examined_sources,True
existing_private_large,2000,not_located_in_examined_sources,True
existing_private_large,2001,not_located_in_examined_sources,True
existing_private_large,2002,not_located_in_examined_sources,True
existing_private_large,2003,not_located_in_examined_sources,True
existing_private_large,2004,not_located_in_examined_sources,True
existing_private_large,2005,not_located_in_examined_sources,True
existing_private_large,2006,not_located_in_examined_sources,True
existing_private_large,2007,not_located_in_examined_sources,True
existing_private_large,2008,not_located_in_examined_sources,True
existing_private_large,2009,not_located_in_examined_sources,True
existing_private_large,2010,not_located_in_examined_sources,True
existing_private_large,2011,not_located_in_examined_sources,True
existing_private_large,2012,not_located_in_examined_sources,True
existing_private_large,2013,verified_published_response_table,True
existing_private_large,2014,not_located_in_examined_sources,True
existing_private_large,2015,not_located_in_examined_sources,True
existing_private_large,2016,not_located_in_examined_sources,True
existing_private_large,2017,verified_published_response_table,True
existing_private_large,2018,not_located_in_examined_sources,True
existing_private_large,2019,not_located_in_examined_sources,True
existing_private_large,2020,verified_published_response_table,True
existing_private_large,2021,not_located_in_examined_sources,False
existing_private_large,2022,not_located_in_examined_sources,False
existing_private_large,2023,not_located_in_examined_sources,False
existing_private_large,2024,not_located_in_examined_sources,False
existing_private_large,2025,not_located_in_examined_sources,False
renationalise_large,1992,not_located_in_examined_sources,True
renationalise_large,1993,no_1993_monitoring_wave_in_programme_history,True
renationalise_large,1994,not_located_in_examined_sources,True
renationalise_large,1995,not_located_in_examined_sources,True
renationalise_large,1996,not_located_in_examined_sources,True
renationalise_large,1997,not_located_in_examined_sources,True
renationalise_large,1998,not_located_in_examined_sources,True
renationalise_large,1999,not_located_in_examined_sources,True
renationalise_large,2000,not_located_in_examined_sources,True
renationalise_large,2001,not_located_in_examined_sources,True
renationalise_large,2002,not_located_in_examined_sources,True
renationalise_large,2003,not_located_in_examined_sources,True
renationalise_large,2004,not_located_in_examined_sources,True
renationalise_large,2005,not_located_in_examined_sources,True
renationalise_large,2006,not_located_in_examined_sources,True
renationalise_large,2007,not_located_in_examined_sources,True
renationalise_large,2008,not_located_in_examined_sources,True
renationalise_large,2009,not_located_in_examined_sources,True
renationalise_large,2010,not_located_in_examined_sources,True
renationalise_large,2011,not_located_in_examined_sources,True
renationalise_large,2012,not_located_in_examined_sources,True
renationalise_large,2013,verified_published_response_table,True
renationalise_large,2014,not_located_in_examined_sources,True
renationalise_large,2015,not_located_in_examined_sources,True
renationalise_large,2016,not_located_in_examined_sources,True
renationalise_large,2017,verified_published_response_table,True
renationalise_large,2018,not_located_in_examined_sources,True
renationalise_large,2019,not_located_in_examined_sources,True
renationalise_large,2020,verified_published_response_table,True
renationalise_large,2021,not_located_in_examined_sources,False
renationalise_large,2022,not_located_in_examined_sources,False
renationalise_large,2023,not_located_in_examined_sources,False
renationalise_large,2024,not_located_in_examined_sources,False
renationalise_large,2025,not_located_in_examined_sources,False
retrospective_land,1992,not_located_in_examined_sources,True
retrospective_land,1993,no_1993_monitoring_wave_in_programme_history,True
retrospective_land,1994,not_located_in_examined_sources,True
retrospective_land,1995,not_located_in_examined_sources,True
retrospective_land,1996,not_located_in_examined_sources,True
retrospective_land,1997,not_located_in_examined_sources,True
retrospective_land,1998,not_located_in_examined_sources,True
retrospective_land,1999,not_located_in_examined_sources,True
retrospective_land,2000,not_located_in_examined_sources,True
retrospective_land,2001,not_located_in_examined_sources,True
retrospective_land,2002,not_located_in_examined_sources,True
retrospective_land,2003,not_located_in_examined_sources,True
retrospective_land,2004,not_located_in_examined_sources,True
retrospective_land,2005,not_located_in_examined_sources,True
retrospective_land,2006,not_located_in_examined_sources,True
retrospective_land,2007,not_located_in_examined_sources,True
retrospective_land,2008,not_located_in_examined_sources,True
retrospective_land,2009,not_located_in_examined_sources,True
retrospective_land,2010,not_located_in_examined_sources,True
retrospective_land,2011,not_located_in_examined_sources,True
retrospective_land,2012,not_located_in_examined_sources,True
retrospective_land,2013,verified_published_response_table,True
retrospective_land,2014,not_located_in_examined_sources,True
retrospective_land,2015,not_located_in_examined_sources,True
retrospective_land,2016,not_located_in_examined_sources,True
retrospective_land,2017,verified_published_response_table,True
retrospective_land,2018,not_located_in_examined_sources,True
retrospective_land,2019,not_located_in_examined_sources,True
retrospective_land,2020,verified_published_response_table,True
retrospective_land,2021,not_located_in_examined_sources,False
retrospective_land,2022,not_located_in_examined_sources,False
retrospective_land,2023,not_located_in_examined_sources,False
retrospective_land,2024,not_located_in_examined_sources,False
retrospective_land,2025,not_located_in_examined_sources,False
existing_private_land,1992,not_located_in_examined_sources,True
existing_private_land,1993,no_1993_monitoring_wave_in_programme_history,True
existing_private_land,1994,not_located_in_examined_sources,True
existing_private_land,1995,not_located_in_examined_sources,True
existing_private_land,1996,not_located_in_examined_sources,True
existing_private_land,1997,not_located_in_examined_sources,True
existing_private_land,1998,not_located_in_examined_sources,True
existing_private_land,1999,not_located_in_examined_sources,True
existing_private_land,2000,not_located_in_examined_sources,True
existing_private_land,2001,not_located_in_examined_sources,True
existing_private_land,2002,not_located_in_examined_sources,True
existing_private_land,2003,not_located_in_examined_sources,True
existing_private_land,2004,not_located_in_examined_sources,True
existing_private_land,2005,not_located_in_examined_sources,True
existing_private_land,2006,not_located_in_examined_sources,True
existing_private_land,2007,not_located_in_examined_sources,True
existing_private_land,2008,not_located_in_examined_sources,True
existing_private_land,2009,not_located_in_examined_sources,True
existing_private_land,2010,not_located_in_examined_sources,True
existing_private_land,2011,not_located_in_examined_sources,True
existing_private_land,2012,not_located_in_examined_sources,True
existing_private_land,2013,verified_published_response_table,True
existing_private_land,2014,not_located_in_examined_sources,True
existing_private_land,2015,not_located_in_examined_sources,True
existing_private_land,2016,not_located_in_examined_sources,True
existing_private_land,2017,verified_published_response_table,True
existing_private_land,2018,not_located_in_examined_sources,True
existing_private_land,2019,not_located_in_examined_sources,True
existing_private_land,2020,verified_published_response_table,True
existing_private_land,2021,not_located_in_examined_sources,False
existing_private_land,2022,not_located_in_examined_sources,False
existing_private_land,2023,not_located_in_examined_sources,False
existing_private_land,2024,not_located_in_examined_sources,False
existing_private_land,2025,not_located_in_examined_sources,False
renationalise_land,1992,not_located_in_examined_sources,True
renationalise_land,1993,no_1993_monitoring_wave_in_programme_history,True
renationalise_land,1994,not_located_in_examined_sources,True
renationalise_land,1995,not_located_in_examined_sources,True
renationalise_land,1996,not_located_in_examined_sources,True
renationalise_land,1997,not_located_in_examined_sources,True
renationalise_land,1998,not_located_in_examined_sources,True
renationalise_land,1999,not_located_in_examined_sources,True
renationalise_land,2000,not_located_in_examined_sources,True
renationalise_land,2001,not_located_in_examined_sources,True
renationalise_land,2002,not_located_in_examined_sources,True
renationalise_land,2003,not_located_in_examined_sources,True
renationalise_land,2004,not_located_in_examined_sources,True
renationalise_land,2005,not_located_in_examined_sources,True
renationalise_land,2006,not_located_in_examined_sources,True
renationalise_land,2007,not_located_in_examined_sources,True
renationalise_land,2008,not_located_in_examined_sources,True
renationalise_land,2009,not_located_in_examined_sources,True
renationalise_land,2010,not_located_in_examined_sources,True
renationalise_land,2011,not_located_in_examined_sources,True
renationalise_land,2012,not_located_in_examined_sources,True
renationalise_land,2013,verified_published_response_table,True
renationalise_land,2014,not_located_in_examined_sources,True
renationalise_land,2015,not_located_in_examined_sources,True
renationalise_land,2016,not_located_in_examined_sources,True
renationalise_land,2017,verified_published_response_table,True
renationalise_land,2018,not_located_in_examined_sources,True
renationalise_land,2019,not_located_in_examined_sources,True
renationalise_land,2020,verified_published_response_table,True
renationalise_land,2021,not_located_in_examined_sources,False
renationalise_land,2022,not_located_in_examined_sources,False
renationalise_land,2023,not_located_in_examined_sources,False
renationalise_land,2024,not_located_in_examined_sources,False
renationalise_land,2025,not_located_in_examined_sources,False
