item,source_file,pdf_page,printed_page,question_code,priority,year,status
land_sales_general,panina-1994-2005.pdf,21,21,a6,1,2002,dash_in_published_table
land_sales_general,panina-1994-2005.pdf,21,21,a6,1,2003,dash_in_published_table
land_sales_general,panina-1994-2005.pdf,21,21,a6,1,2004,dash_in_published_table
state_market_role,panina-1994-2005.pdf,22,22,a7,1,1994,dash_in_published_table
state_market_role,panina-1994-2005.pdf,22,22,a7,1,1995,dash_in_published_table
state_market_role,panina-1994-2005.pdf,22,22,a7,1,1996,dash_in_published_table
state_market_role,panina-1994-2005.pdf,22,22,a7,1,1997,dash_in_published_table
state_market_role,panina-1994-2005.pdf,22,22,a7,1,1998,dash_in_published_table
state_market_role,panina-1994-2005.pdf,22,22,a7,1,1999,dash_in_published_table
state_market_role,panina-1994-2005.pdf,22,22,a7,1,2000,dash_in_published_table
state_market_role,panina-1994-2005.pdf,22,22,a7,1,2001,dash_in_published_table
