table,survey,item,year,age_group,territory,weighted,metric,value,omitted,denominator,response,battery
estimates.csv,WVS,income_incentives,2011,All,survey_coverage,True,estimate,3.514745351304727,,,,
estimates.csv,WVS,income_incentives,2020,All,survey_coverage,True,estimate,6.159962650464011,,,,
estimates.csv,WVS,individual_responsibility,2011,All,survey_coverage,True,estimate,3.0146019766707504,,,,
estimates.csv,WVS,individual_responsibility,2020,All,survey_coverage,True,estimate,4.441620571181438,,,,
estimates.csv,WVS,private_ownership,2020,All,survey_coverage,True,estimate,4.832280099564021,,,,
estimates.csv,WVS,private_ownership,1996,All,survey_coverage,True,estimate,5.140208574739281,,,,
estimates.csv,EVS,income_incentives,2008,All,survey_coverage,True,estimate,7.685821091854502,,,,
estimates.csv,EVS,income_incentives,2020,All,survey_coverage,True,estimate,6.523819372865405,,,,
estimates.csv,WVS,pro_market_index,1996,All,survey_coverage,True,estimate,52.2775086843779,,,,
estimates.csv,WVS,pro_market_index,2011,All,survey_coverage,True,estimate,37.30074900654034,,,,
estimates.csv,WVS,pro_market_index,2020,All,survey_coverage,True,estimate,51.68585299986378,,,,
estimates.csv,EVS,pro_market_index,1999,All,survey_coverage,True,estimate,58.27314955514436,,,,
estimates.csv,EVS,pro_market_index,2008,All,survey_coverage,True,estimate,54.425131260440665,,,,
estimates.csv,EVS,pro_market_index,2020,All,survey_coverage,True,estimate,51.01542230941807,,,,
index_leave_one_out.csv,EVS,,2020,All,,,estimate,48.43498330815358,income_incentives,,,
index_leave_one_out.csv,EVS,,2008,All,,,estimate,48.03202323890078,income_incentives,,,
latest_positive_shares.csv,LiTS,competition,2016,,,,estimate,73.16217602004092,,,,
latest_positive_shares.csv,LiTS,private_ownership,2016,,,,estimate,58.514113742038525,,,,
latest_positive_shares.csv,LiTS,income_incentives,2016,,,,estimate,16.47846758925651,,,,
latest_positive_shares.csv,LiTS,reduce_gap,2016,,,,estimate,62.11570196761951,,,,
monitoring_estimates.csv,Monitoring,private_business,1992,All,,,estimate,52.7,,all_respondents_as_published,,
monitoring_estimates.csv,Monitoring,private_business,2014,All,,,estimate,60.2,,all_respondents_as_published,,
monitoring_estimates.csv,Monitoring,privatise_small,1992,All,,,estimate,56.2,,all_respondents_as_published,,
monitoring_estimates.csv,Monitoring,privatise_small,2018,All,,,estimate,35.0,,all_respondents_as_published,,
monitoring_estimates.csv,Monitoring,privatise_land,1992,All,,,estimate,63.5,,all_respondents_as_published,,
monitoring_estimates.csv,Monitoring,privatise_land,2018,All,,,estimate,20.4,,all_respondents_as_published,,
monitoring_estimates.csv,Monitoring,privatise_large,1992,All,,,estimate,25.1,,all_respondents_as_published,,
monitoring_estimates.csv,Monitoring,privatise_large,2018,All,,,estimate,17.3,,all_respondents_as_published,,
monitoring_estimates.csv,Monitoring,privatisation_support_index,1992,All,,,estimate,48.266666666666666,,all_respondents_as_published,,
monitoring_estimates.csv,Monitoring,privatisation_support_index,2006,All,,,estimate,25.933333333333334,,all_respondents_as_published,,
monitoring_estimates.csv,Monitoring,privatisation_support_index,2018,All,,,estimate,24.23333333333333,,all_respondents_as_published,,
monitoring_estimates.csv,Monitoring,existing_private_small,2013,All,,,estimate,62.0,,all_respondents_as_published,,
monitoring_estimates.csv,Monitoring,existing_private_small,2020,All,,,estimate,71.4,,all_respondents_as_published,,
monitoring_estimates.csv,Monitoring,existing_private_large,2013,All,,,estimate,36.8,,all_respondents_as_published,,
monitoring_estimates.csv,Monitoring,existing_private_large,2020,All,,,estimate,49.1,,all_respondents_as_published,,
monitoring_estimates.csv,Monitoring,existing_private_land,2013,All,,,estimate,27.0,,all_respondents_as_published,,
monitoring_estimates.csv,Monitoring,existing_private_land,2020,All,,,estimate,39.7,,all_respondents_as_published,,
monitoring_estimates.csv,Monitoring,renationalise_small,2013,All,,,estimate,49.0,,all_respondents_as_published,,
monitoring_estimates.csv,Monitoring,renationalise_small,2020,All,,,estimate,60.900000000000006,,all_respondents_as_published,,
estimates.csv,WVS,pro_market_index,1996,18-34,survey_coverage,True,estimate,56.783941105975,,,,
estimates.csv,WVS,pro_market_index,1996,55+,survey_coverage,True,estimate,45.437387165599866,,,,
estimates.csv,WVS,pro_market_index,2020,18-34,survey_coverage,True,estimate,54.62029772030984,,,,
estimates.csv,WVS,pro_market_index,2020,55+,survey_coverage,True,estimate,48.36215081118526,,,,
estimates.csv,EVS,pro_market_index,1999,18-34,survey_coverage,True,estimate,63.54188153051364,,,,
estimates.csv,EVS,pro_market_index,1999,55+,survey_coverage,True,estimate,49.16375944879314,,,,
estimates.csv,EVS,pro_market_index,2020,18-34,survey_coverage,True,estimate,52.5146846464247,,,,
estimates.csv,EVS,pro_market_index,2020,55+,survey_coverage,True,estimate,48.4764311591783,,,,
estimates.csv,LiTS,market,2006,18-34,survey_coverage,True,estimate,0.5751231918111199,,,,
estimates.csv,LiTS,market,2016,18-34,survey_coverage,True,estimate,0.3987274110062405,,,,
estimates.csv,LiTS,market,2006,55+,survey_coverage,True,estimate,0.2430814984252715,,,,
estimates.csv,LiTS,market,2016,55+,survey_coverage,True,estimate,0.2568177644578528,,,,
estimates.csv,LiTS,market,2016,35-54,survey_coverage,True,estimate,0.4412674478511852,,,,
estimates.csv,WVS,competition,2020,18-34,survey_coverage,True,estimate,6.822465062078042,,,,
estimates.csv,WVS,competition,2020,35-54,survey_coverage,True,estimate,6.898459651865013,,,,
estimates.csv,WVS,competition,2020,55+,survey_coverage,True,estimate,6.84258294975576,,,,
estimates.csv,EVS,income_incentives,2008,18-34,survey_coverage,True,estimate,7.647532987040046,,,,
estimates.csv,EVS,income_incentives,2020,18-34,survey_coverage,True,estimate,6.837324890675645,,,,
estimates.csv,EVS,income_incentives,2008,55+,survey_coverage,True,estimate,7.658743144064947,,,,
estimates.csv,EVS,income_incentives,2020,55+,survey_coverage,True,estimate,6.343966222264156,,,,
pew_published_results.csv,Pew,transition_approval,2019,18-34,,,estimate,55.0,,all_adults,,
pew_published_results.csv,Pew,transition_approval,2019,35-59,,,estimate,54.0,,all_adults,,
pew_published_results.csv,Pew,transition_approval,2019,60+,,,estimate,29.0,,all_adults,,
estimates.csv,LiTS,market,2006,All,survey_coverage,True,estimate,0.4218837081559049,,,,
estimates.csv,LiTS,market,2010,All,survey_coverage,True,estimate,0.3597090947331806,,,,
estimates.csv,LiTS,market,2016,All,survey_coverage,True,estimate,0.3664187642194305,,,,
monitoring_estimates.csv,Monitoring,state_role_mixed_state_market,2020,All,,,estimate,40.3,,all_respondents_as_published,,
monitoring_estimates.csv,Monitoring,state_role_planned_economy,2020,All,,,estimate,25.0,,all_respondents_as_published,,
monitoring_estimates.csv,Monitoring,state_role_minimal_state_market,2020,All,,,estimate,8.1,,all_respondents_as_published,,
pew_published_results.csv,Pew,transition_approval,2011,All,,,estimate,34.0,,all_adults,,
pew_published_results.csv,Pew,transition_approval,2019,All,,,estimate,47.0,,all_adults,,
latest_positive_shares.csv,Pew,free_market_better,2015,,,,estimate,47.0,,,,
latest_positive_shares.csv,Pew,government_care_poor,2015,,,,estimate,92.0,,,,
pew_published_results.csv,Pew,transition_approval,1991,All,,,estimate,52.0,,all_adults,,
pew_published_results.csv,Pew,transition_approval,2009,All,,,estimate,36.0,,all_adults,,
monitoring_estimates.csv,Monitoring,privatise_small,2021,All,,,estimate,31.0,,all_respondents_as_published,,
monitoring_estimates.csv,Monitoring,privatise_large,2021,All,,,estimate,17.9,,all_respondents_as_published,,
monitoring_estimates.csv,Monitoring,privatise_land,2021,All,,,estimate,20.7,,all_respondents_as_published,,
monitoring_estimates.csv,Monitoring,privatisation_support_index,2021,All,,,estimate,23.2,,all_respondents_as_published,,
monitoring_estimates.csv,Monitoring,ownership_policy_privatise_except_efficient_state_firms,2023,All,,,estimate,37.4,,all_respondents_as_published,,
monitoring_estimates.csv,Monitoring,ownership_policy_privatise_except_efficient_state_firms,2024,All,,,estimate,34.0,,all_respondents_as_published,,
monitoring_estimates.csv,Monitoring,ownership_policy_privatise_except_efficient_state_firms,2025,All,,,estimate,36.2,,all_respondents_as_published,,
monitoring_estimates.csv,Monitoring,ownership_policy_broad_privatisation,2023,All,,,estimate,9.9,,all_respondents_as_published,,
monitoring_estimates.csv,Monitoring,ownership_policy_broad_privatisation,2024,All,,,estimate,7.6,,all_respondents_as_published,,
monitoring_estimates.csv,Monitoring,ownership_policy_broad_privatisation,2025,All,,,estimate,9.8,,all_respondents_as_published,,
monitoring_estimates.csv,Monitoring,ownership_policy_nationalise,2023,All,,,estimate,23.5,,all_respondents_as_published,,
monitoring_estimates.csv,Monitoring,ownership_policy_nationalise,2024,All,,,estimate,20.8,,all_respondents_as_published,,
monitoring_estimates.csv,Monitoring,ownership_policy_nationalise,2025,All,,,estimate,25.6,,all_respondents_as_published,,
ess_estimates.csv,ESS,gincdif,2013,All,,,estimate,81.81033358309895,,,Agree,
ess_estimates.csv,ESS,gincdif,2022,All,,,estimate,67.90893622919006,,,Agree,
ess_estimates.csv,ESS,gincdif,2024,All,,,estimate,63.54036240346202,,,Agree,
ess_estimates.csv,ESS,gincdif,2005,All,,,estimate,64.04553483497514,,,Agree,
ess_estimates.csv,ESS,gincdif,2007,All,,,estimate,80.01222641134751,,,Agree,
ess_estimates.csv,ESS,gincdif,2009,All,,,estimate,67.61260130906855,,,Agree,
ess_estimates.csv,ESS,gincdif,2011,All,,,estimate,85.8972544791739,,,Agree,
ess_estimates.csv,ESS,gvctzpv,2022,All,,,estimate,9.39487894476538,,,Mean,
ess_estimates.csv,ESS,grdfinc,2022,All,,,estimate,8.960855057924395,,,Mean,
ess_estimates.csv,ESS,gvctzpvc,2022,All,,,estimate,1.776132060872339,,,Mean,
ess_estimates.csv,ESS,grdfincc,2022,All,,,estimate,1.8878975061162675,,,Mean,
latest_positive_shares.csv,ESS,dfincac,2009,,,,estimate,57.626342612170994,,,,
latest_positive_shares.csv,ESS,smdfslv,2009,,,,estimate,62.49857848855093,,,,
ess_joint_agreement.csv,ESS,gincdif__dfincac,2009,,,,estimate,37.54331540265908,,,,
ess_joint_agreement.csv,ESS,smdfslv__dfincac,2009,,,,estimate,35.094226583156015,,,,
ess_correlations.csv,ESS,dfincac__smdfslv,2009,,,,estimate,-0.0555736988341405,,,,
ess_estimates.csv,ESS,gvhlthc,2009,All,,,estimate,9.17958112947116,,,Mean,
ess_estimates.csv,ESS,gvslvol,2009,All,,,estimate,9.220190756239772,,,Mean,
ess_estimates.csv,ESS,gvjbevn,2009,All,,,estimate,8.686375640988901,,,Mean,
ess_estimates.csv,ESS,gvcldcr,2009,All,,,estimate,8.176319723270947,,,Mean,
ess_estimates.csv,ESS,gvpdlwk,2009,All,,,estimate,8.335601181237946,,,Mean,
ess_estimates.csv,ESS,gvslvue,2009,All,,,estimate,7.994103317095926,,,Mean,
latest_positive_shares.csv,ESS,sblazy,2009,,,,estimate,17.987573096985933,,,,
latest_positive_shares.csv,ESS,sbstrec,2009,,,,estimate,20.96296570993309,,,,
ess_estimates.csv,ESS,ditxssp,2009,All,,,estimate,4.943342450178654,,,Mean,
latest_positive_shares.csv,ESS,fineqpy,2024,,,,estimate,62.64088447907263,,,,
latest_positive_shares.csv,ESS,eqparlv,2024,,,,estimate,57.72315608768739,,,,
ess_estimates.csv,ESS,imbgeco,2013,All,,,estimate,4.740573322563505,,,Mean,
ess_estimates.csv,ESS,imbgeco,2022,All,,,estimate,5.774920916776529,,,Mean,
ess_estimates.csv,ESS,imbgeco,2024,All,,,estimate,6.101952102051879,,,Mean,
ess_estimates.csv,ESS,gincdif,2024,18-34,,,estimate,55.177216940474295,,,Agree,
ess_estimates.csv,ESS,gincdif,2024,35-54,,,estimate,63.15529112548178,,,Agree,
ess_estimates.csv,ESS,gincdif,2024,55+,,,estimate,67.88258976506373,,,Agree,
issp_estimates.csv,ISSP,redistribution,2009,All,,,estimate,86.40081157061108,,,Agree,
issp_estimates.csv,ISSP,redistribution,2019,All,,,estimate,85.64373515578296,,,Agree,
issp_estimates.csv,ISSP,unemployed_living,2009,All,,,estimate,85.96612131020427,,,Agree,
issp_estimates.csv,ISSP,unemployed_living,2019,All,,,estimate,84.45148734903535,,,Agree,
issp_estimates.csv,ISSP,income_gap,2009,All,,,estimate,94.44683651513948,,,Agree,
issp_estimates.csv,ISSP,income_gap,2019,All,,,estimate,92.6841111320214,,,Agree,
issp_estimates.csv,ISSP,tax_rich,2009,All,,,estimate,80.84907479350882,,,Higher taxes,
issp_estimates.csv,ISSP,tax_rich,2019,All,,,estimate,78.4862995314572,,,Higher taxes,
issp_estimates.csv,ISSP,responsibility,2019,All,,,estimate,79.36104933095653,,,Government,
issp_estimates.csv,ISSP,gov_success,2019,All,,,estimate,8.151418006039833,,,Successful,
issp_estimates.csv,ISSP,buy_health,2009,All,,,estimate,13.501517279955396,,,Fair,
issp_estimates.csv,ISSP,buy_health,2019,All,,,estimate,26.801171669108797,,,Fair,
issp_estimates.csv,ISSP,buy_education,2009,All,,,estimate,12.48956309713193,,,Fair,
issp_estimates.csv,ISSP,buy_education,2019,All,,,estimate,26.30777160804368,,,Fair,
issp_estimates.csv,ISSP,buy_health,2019,All,,,estimate,58.034645875602905,,,Unfair,
issp_estimates.csv,ISSP,buy_education,2019,All,,,estimate,58.18826935079493,,,Unfair,
issp_estimates.csv,ISSP,buy_health,2019,18-34,,,estimate,30.57556492085044,,,Fair,
issp_estimates.csv,ISSP,buy_health,2019,55+,,,estimate,21.75154382315229,,,Fair,
issp_estimates.csv,ISSP,redistribution,2019,18-34,,,estimate,83.32590793058394,,,Agree,
issp_estimates.csv,ISSP,redistribution,2019,55+,,,estimate,87.48569570254325,,,Agree,
issp_estimates.csv,ISSP,skill_premium,2019,All,,,estimate,73.49662337213704,,,Agree,
issp_estimates.csv,ISSP,pay_performance,2019,All,,,estimate,77.41432142788007,,,Essential / very important,
issp_estimates.csv,ISSP,inequality_prosperity,2019,All,,,estimate,26.660220346156454,,,Agree,
issp_joint_agreement.csv,ISSP,redistribution__skill_premium,2019,,,,estimate,64.37790418612535,,,,
issp_joint_agreement.csv,ISSP,redistribution__pay_performance,2019,,,,estimate,66.76076988816668,,,,
issp_correlations.csv,ISSP,redistribution__skill_premium,2019,,,,estimate,0.0991604729749852,,,,
issp_correlations.csv,ISSP,redistribution__pay_performance,2019,,,,estimate,0.0587330550986986,,,,
latest_positive_shares.csv,WVS,E039,2020,,,,estimate,73.21816834294273,,,,
latest_positive_shares.csv,EVS,E039,2020,,,,estimate,65.9657324403444,,,,
estimates.csv,EVS,competition,2020,All,survey_coverage,True,estimate,6.386647354733971,,,,
latest_positive_shares.csv,Pew,trade_good,2014,,,,estimate,84.0,,,,
latest_positive_shares.csv,Pew,foreign_factories,2014,,,,estimate,67.0,,,,
latest_positive_shares.csv,WVS,E037,2020,,,,estimate,32.862585465046514,,,,
latest_positive_shares.csv,EVS,E037,2020,,,,estimate,45.11949591836309,,,,
ideological_coherence.csv,WVS,core,2020,,,,mean_pairwise_correlation,-0.0008983540288929,,,,core
ideological_coherence.csv,EVS,core,2020,,,,mean_pairwise_correlation,0.1475667572596919,,,,core
ideological_coherence.csv,LiTS,core,2016,,,,mean_pairwise_correlation,0.1369655286324524,,,,core
attitude_correlations.csv,EVS,private_ownership__competition,2020,,,,estimate,0.2478552979513324,,,,core
attitude_correlations.csv,EVS,private_ownership__individual_responsibility,2020,,,,estimate,0.3811169192527187,,,,core
attitude_correlations.csv,LiTS,private_ownership__competition,2016,,,,estimate,0.4379447269000274,,,,core
attitude_correlations.csv,LiTS,private_ownership__income_incentives,2016,,,,estimate,-0.0783414110345791,,,,core
attitude_correlations.csv,LiTS,competition__income_incentives,2016,,,,estimate,0.0512932700319091,,,,core
attitude_correlations.csv,WVS,private_ownership__competition,2020,,,,estimate,0.1414459382717067,,,,core
attitude_correlations.csv,WVS,competition__individual_responsibility,2020,,,,estimate,-0.1936813199681757,,,,core
ideological_coherence.csv,WVS,core,1996,,,,mean_pairwise_correlation,0.2098121516220096,,,,core
market_supporter_attitudes.csv,LiTS,competition,2016,,,,estimate,80.52223787657687,,,,
market_supporter_attitudes.csv,LiTS,private_ownership,2016,,,,estimate,68.24876667107128,,,,
market_supporter_attitudes.csv,LiTS,reduce_gap,2016,,,,estimate,56.06351319194489,,,,
market_supporter_attitudes.csv,LiTS,income_incentives,2016,,,,estimate,20.54943814322451,,,,
index_diagnostics.csv,WVS,,2020,,,,missing_weighted_pct,16.68110643957057,,,,
index_diagnostics.csv,EVS,,2020,,,,missing_weighted_pct,17.886917200423202,,,,
distributions.csv,LiTS,market,2006,All,survey_coverage,,estimate,0.0008065748793857,,all_eligible,0,
distributions.csv,LiTS,market,2010,All,survey_coverage,,estimate,0.1265386922295182,,all_eligible,0,
distributions.csv,LiTS,market,2016,All,survey_coverage,,estimate,0.0800172063831286,,all_eligible,0,
estimates.csv,WVS,pro_market_index,1996,All,survey_coverage,True,ci_low,51.47399048699759,,,,
estimates.csv,WVS,pro_market_index,1996,All,survey_coverage,True,ci_high,53.081026881758206,,,,
estimates.csv,WVS,pro_market_index,1996,All,survey_coverage,True,n_valid,2271.0,,,,
sample_audit.csv,WVS,,1996,,,,n_eligible,2811.0,,,,
estimates.csv,WVS,private_ownership,1996,All,survey_coverage,True,ci_low,5.0247901663647925,,,,
estimates.csv,WVS,private_ownership,1996,All,survey_coverage,True,ci_high,5.25562698311377,,,,
estimates.csv,WVS,competition,1996,All,survey_coverage,True,estimate,7.220228384991843,,,,
estimates.csv,WVS,competition,1996,All,survey_coverage,True,ci_low,7.115953646486706,,,,
estimates.csv,WVS,competition,1996,All,survey_coverage,True,ci_high,7.324503123496981,,,,
estimates.csv,WVS,individual_responsibility,1996,All,survey_coverage,True,estimate,3.4507617985878856,,,,
estimates.csv,WVS,individual_responsibility,1996,All,survey_coverage,True,ci_low,3.349935855997081,,,,
estimates.csv,WVS,individual_responsibility,1996,All,survey_coverage,True,ci_high,3.55158774117869,,,,
estimates.csv,WVS,income_incentives,1996,All,survey_coverage,True,estimate,6.671367019193106,,,,
estimates.csv,WVS,income_incentives,1996,All,survey_coverage,True,ci_low,6.562857270220954,,,,
estimates.csv,WVS,income_incentives,1996,All,survey_coverage,True,ci_high,6.779876768165257,,,,
estimates.csv,WVS,pro_market_index,2006,All,survey_coverage,True,estimate,49.205120767544834,,,,
estimates.csv,WVS,pro_market_index,2006,All,survey_coverage,True,ci_low,47.98147832807115,,,,
estimates.csv,WVS,pro_market_index,2006,All,survey_coverage,True,ci_high,50.42876320701852,,,,
estimates.csv,WVS,pro_market_index,2006,All,survey_coverage,True,n_valid,904.0,,,,
sample_audit.csv,WVS,,2006,,,,n_eligible,1000.0,,,,
estimates.csv,WVS,private_ownership,2006,All,survey_coverage,True,estimate,4.222692339462401,,,,
estimates.csv,WVS,private_ownership,2006,All,survey_coverage,True,ci_low,4.037282002669426,,,,
estimates.csv,WVS,private_ownership,2006,All,survey_coverage,True,ci_high,4.408102676255376,,,,
estimates.csv,WVS,competition,2006,All,survey_coverage,True,estimate,6.420079968837575,,,,
estimates.csv,WVS,competition,2006,All,survey_coverage,True,ci_low,6.226279700549461,,,,
estimates.csv,WVS,competition,2006,All,survey_coverage,True,ci_high,6.613880237125689,,,,
estimates.csv,WVS,individual_responsibility,2006,All,survey_coverage,True,estimate,3.960113525881104,,,,
estimates.csv,WVS,individual_responsibility,2006,All,survey_coverage,True,ci_low,3.776539468440788,,,,
estimates.csv,WVS,individual_responsibility,2006,All,survey_coverage,True,ci_high,4.14368758332142,,,,
estimates.csv,WVS,income_incentives,2006,All,survey_coverage,True,estimate,6.940826305858634,,,,
estimates.csv,WVS,income_incentives,2006,All,survey_coverage,True,ci_low,6.756086749268367,,,,
estimates.csv,WVS,income_incentives,2006,All,survey_coverage,True,ci_high,7.125565862448901,,,,
estimates.csv,WVS,pro_market_index,2011,All,survey_coverage,True,ci_low,36.38360103447498,,,,
estimates.csv,WVS,pro_market_index,2011,All,survey_coverage,True,ci_high,38.21789697860571,,,,
estimates.csv,WVS,pro_market_index,2011,All,survey_coverage,True,n_valid,1500.0,,,,
sample_audit.csv,WVS,,2011,,,,n_eligible,1500.0,,,,
estimates.csv,WVS,private_ownership,2011,All,survey_coverage,True,estimate,4.339502620593403,,,,
estimates.csv,WVS,private_ownership,2011,All,survey_coverage,True,ci_low,4.187097620636125,,,,
estimates.csv,WVS,private_ownership,2011,All,survey_coverage,True,ci_high,4.4919076205506805,,,,
estimates.csv,WVS,competition,2011,All,survey_coverage,True,estimate,6.559419693785643,,,,
estimates.csv,WVS,competition,2011,All,survey_coverage,True,ci_low,6.41356032922812,,,,
estimates.csv,WVS,competition,2011,All,survey_coverage,True,ci_high,6.705279058343167,,,,
estimates.csv,WVS,individual_responsibility,2011,All,survey_coverage,True,ci_low,2.876442381131721,,,,
estimates.csv,WVS,individual_responsibility,2011,All,survey_coverage,True,ci_high,3.1527615722097795,,,,
estimates.csv,WVS,income_incentives,2011,All,survey_coverage,True,ci_low,3.378839749174379,,,,
estimates.csv,WVS,income_incentives,2011,All,survey_coverage,True,ci_high,3.650650953435075,,,,
estimates.csv,WVS,pro_market_index,2020,All,survey_coverage,True,ci_low,50.82708601943889,,,,
estimates.csv,WVS,pro_market_index,2020,All,survey_coverage,True,ci_high,52.54461998028868,,,,
estimates.csv,WVS,pro_market_index,2020,All,survey_coverage,True,n_valid,1072.0,,,,
sample_audit.csv,WVS,,2020,,,,n_eligible,1289.0,,,,
estimates.csv,WVS,private_ownership,2020,All,survey_coverage,True,ci_low,4.687960357997018,,,,
estimates.csv,WVS,private_ownership,2020,All,survey_coverage,True,ci_high,4.976599841131024,,,,
estimates.csv,WVS,competition,2020,All,survey_coverage,True,estimate,6.859523335352248,,,,
estimates.csv,WVS,competition,2020,All,survey_coverage,True,ci_low,6.710315906674496,,,,
estimates.csv,WVS,competition,2020,All,survey_coverage,True,ci_high,7.008730764029999,,,,
estimates.csv,WVS,individual_responsibility,2020,All,survey_coverage,True,ci_low,4.290103121524222,,,,
estimates.csv,WVS,individual_responsibility,2020,All,survey_coverage,True,ci_high,4.593138020838653,,,,
estimates.csv,WVS,income_incentives,2020,All,survey_coverage,True,ci_low,6.009568383988493,,,,
estimates.csv,WVS,income_incentives,2020,All,survey_coverage,True,ci_high,6.310356916939528,,,,
estimates.csv,EVS,pro_market_index,1999,All,survey_coverage,True,ci_low,56.98783838131846,,,,
estimates.csv,EVS,pro_market_index,1999,All,survey_coverage,True,ci_high,59.55846072897025,,,,
estimates.csv,EVS,pro_market_index,1999,All,survey_coverage,True,n_valid,989.0,,,,
sample_audit.csv,EVS,,1999,,,,n_eligible,1195.0,,,,
estimates.csv,EVS,private_ownership,1999,All,survey_coverage,True,estimate,5.395927560798378,,,,
estimates.csv,EVS,private_ownership,1999,All,survey_coverage,True,ci_low,5.206989852773107,,,,
estimates.csv,EVS,private_ownership,1999,All,survey_coverage,True,ci_high,5.584865268823648,,,,
estimates.csv,EVS,competition,1999,All,survey_coverage,True,estimate,6.950504283784256,,,,
estimates.csv,EVS,competition,1999,All,survey_coverage,True,ci_low,6.772990331584004,,,,
estimates.csv,EVS,competition,1999,All,survey_coverage,True,ci_high,7.128018235984508,,,,
estimates.csv,EVS,individual_responsibility,1999,All,survey_coverage,True,estimate,4.933525196210143,,,,
estimates.csv,EVS,individual_responsibility,1999,All,survey_coverage,True,ci_low,4.755088883465996,,,,
estimates.csv,EVS,individual_responsibility,1999,All,survey_coverage,True,ci_high,5.111961508954289,,,,
estimates.csv,EVS,income_incentives,1999,All,survey_coverage,True,estimate,7.349931712958366,,,,
estimates.csv,EVS,income_incentives,1999,All,survey_coverage,True,ci_low,7.171917384920001,,,,
estimates.csv,EVS,income_incentives,1999,All,survey_coverage,True,ci_high,7.52794604099673,,,,
estimates.csv,EVS,pro_market_index,2008,All,survey_coverage,True,ci_low,53.46332147990235,,,,
estimates.csv,EVS,pro_market_index,2008,All,survey_coverage,True,ci_high,55.38694104097898,,,,
estimates.csv,EVS,pro_market_index,2008,All,survey_coverage,True,n_valid,1264.0,,,,
sample_audit.csv,EVS,,2008,,,,n_eligible,1507.0,,,,
estimates.csv,EVS,private_ownership,2008,All,survey_coverage,True,estimate,4.3415088051927935,,,,
estimates.csv,EVS,private_ownership,2008,All,survey_coverage,True,ci_low,4.196839192506249,,,,
estimates.csv,EVS,private_ownership,2008,All,survey_coverage,True,ci_high,4.486178417879338,,,,
estimates.csv,EVS,competition,2008,All,survey_coverage,True,estimate,6.325603011691181,,,,
estimates.csv,EVS,competition,2008,All,survey_coverage,True,ci_low,6.174729611332835,,,,
estimates.csv,EVS,competition,2008,All,survey_coverage,True,ci_high,6.476476412049528,,,,
estimates.csv,EVS,individual_responsibility,2008,All,survey_coverage,True,estimate,5.182351854103145,,,,
estimates.csv,EVS,individual_responsibility,2008,All,survey_coverage,True,ci_low,5.033269658463146,,,,
estimates.csv,EVS,individual_responsibility,2008,All,survey_coverage,True,ci_high,5.3314340497431445,,,,
estimates.csv,EVS,income_incentives,2008,All,survey_coverage,True,ci_low,7.55063443864742,,,,
estimates.csv,EVS,income_incentives,2008,All,survey_coverage,True,ci_high,7.821007745061583,,,,
estimates.csv,EVS,pro_market_index,2020,All,survey_coverage,True,ci_low,48.36837624883669,,,,
estimates.csv,EVS,pro_market_index,2020,All,survey_coverage,True,ci_high,53.66246836999945,,,,
estimates.csv,EVS,pro_market_index,2020,All,survey_coverage,True,n_valid,1399.0,,,,
sample_audit.csv,EVS,,2020,,,,n_eligible,1612.0,,,,
estimates.csv,EVS,private_ownership,2020,All,survey_coverage,True,estimate,4.452141149746535,,,,
estimates.csv,EVS,private_ownership,2020,All,survey_coverage,True,ci_low,4.125993134201013,,,,
estimates.csv,EVS,private_ownership,2020,All,survey_coverage,True,ci_high,4.778289165292057,,,,
estimates.csv,EVS,competition,2020,All,survey_coverage,True,ci_low,5.9993768990194125,,,,
estimates.csv,EVS,competition,2020,All,survey_coverage,True,ci_high,6.77391781044853,,,,
estimates.csv,EVS,individual_responsibility,2020,All,survey_coverage,True,estimate,4.987533325319497,,,,
estimates.csv,EVS,individual_responsibility,2020,All,survey_coverage,True,ci_low,4.601895398878542,,,,
estimates.csv,EVS,individual_responsibility,2020,All,survey_coverage,True,ci_high,5.373171251760452,,,,
estimates.csv,EVS,income_incentives,2020,All,survey_coverage,True,ci_low,6.106984175194104,,,,
estimates.csv,EVS,income_incentives,2020,All,survey_coverage,True,ci_high,6.940654570536705,,,,
ideological_coherence.csv,WVS,core,1996,,,,mean_pairwise_correlation_ci_low,0.1860799136504093,,,,core
ideological_coherence.csv,WVS,core,1996,,,,mean_pairwise_correlation_ci_high,0.2342752868072557,,,,core
ideological_coherence.csv,WVS,core,1996,,,,n_complete,2271.0,,,,core
ideological_coherence.csv,WVS,core,1996,,,,weighted_alpha,0.5147759365473785,,,,core
ideological_coherence.csv,WVS,core,2006,,,,mean_pairwise_correlation,0.1019580053379475,,,,core
ideological_coherence.csv,WVS,core,2006,,,,mean_pairwise_correlation_ci_low,0.0651762547428804,,,,core
ideological_coherence.csv,WVS,core,2006,,,,mean_pairwise_correlation_ci_high,0.139308568449554,,,,core
ideological_coherence.csv,WVS,core,2006,,,,n_complete,904.0,,,,core
ideological_coherence.csv,WVS,core,2006,,,,weighted_alpha,0.3125198346396076,,,,core
ideological_coherence.csv,WVS,core,2011,,,,mean_pairwise_correlation,0.1110663599311538,,,,core
ideological_coherence.csv,WVS,core,2011,,,,mean_pairwise_correlation_ci_low,0.0844150458763335,,,,core
ideological_coherence.csv,WVS,core,2011,,,,mean_pairwise_correlation_ci_high,0.1373718299383305,,,,core
ideological_coherence.csv,WVS,core,2011,,,,n_complete,1500.0,,,,core
ideological_coherence.csv,WVS,core,2011,,,,weighted_alpha,0.3297082553735858,,,,core
ideological_coherence.csv,WVS,core,2020,,,,mean_pairwise_correlation_ci_low,-0.033358983273047,,,,core
ideological_coherence.csv,WVS,core,2020,,,,mean_pairwise_correlation_ci_high,0.0303089638988224,,,,core
ideological_coherence.csv,WVS,core,2020,,,,n_complete,1072.0,,,,core
ideological_coherence.csv,WVS,core,2020,,,,weighted_alpha,-0.0054220647922204,,,,core
ideological_coherence.csv,EVS,core,1999,,,,mean_pairwise_correlation,0.1570320417352485,,,,core
ideological_coherence.csv,EVS,core,1999,,,,mean_pairwise_correlation_ci_low,0.1255809374483807,,,,core
ideological_coherence.csv,EVS,core,1999,,,,mean_pairwise_correlation_ci_high,0.1895967435473181,,,,core
ideological_coherence.csv,EVS,core,1999,,,,n_complete,989.0,,,,core
ideological_coherence.csv,EVS,core,1999,,,,weighted_alpha,0.4315680399350112,,,,core
ideological_coherence.csv,EVS,core,2008,,,,mean_pairwise_correlation,0.0833739986298318,,,,core
ideological_coherence.csv,EVS,core,2008,,,,mean_pairwise_correlation_ci_low,0.0554320593297514,,,,core
ideological_coherence.csv,EVS,core,2008,,,,mean_pairwise_correlation_ci_high,0.1104184572440999,,,,core
ideological_coherence.csv,EVS,core,2008,,,,n_complete,1264.0,,,,core
ideological_coherence.csv,EVS,core,2008,,,,weighted_alpha,0.2803512691997035,,,,core
ideological_coherence.csv,EVS,core,2020,,,,mean_pairwise_correlation_ci_low,0.0729771975591189,,,,core
ideological_coherence.csv,EVS,core,2020,,,,mean_pairwise_correlation_ci_high,0.2259890901940613,,,,core
ideological_coherence.csv,EVS,core,2020,,,,n_complete,1399.0,,,,core
ideological_coherence.csv,EVS,core,2020,,,,weighted_alpha,0.3943988323430097,,,,core
ideological_coherence.csv,LiTS,core,2010,,,,mean_pairwise_correlation,0.0306467782562859,,,,core
ideological_coherence.csv,LiTS,core,2010,,,,mean_pairwise_correlation_ci_low,-0.0219028511541963,,,,core
ideological_coherence.csv,LiTS,core,2010,,,,mean_pairwise_correlation_ci_high,0.0844162666087575,,,,core
ideological_coherence.csv,LiTS,core,2010,,,,n_complete,1558.0,,,,core
ideological_coherence.csv,LiTS,core,2010,,,,weighted_alpha,0.0816060398649578,,,,core
ideological_coherence.csv,LiTS,core,2016,,,,mean_pairwise_correlation_ci_low,-0.0078536865120706,,,,core
ideological_coherence.csv,LiTS,core,2016,,,,mean_pairwise_correlation_ci_high,0.2704118882621552,,,,core
ideological_coherence.csv,LiTS,core,2016,,,,n_complete,1443.0,,,,core
ideological_coherence.csv,LiTS,core,2016,,,,weighted_alpha,0.3613726228296851,,,,core
issp_estimates.csv,ISSP,earn_actual_doctor,2019,All,,,estimate,8166.870608965688,,,Mean,
issp_estimates.csv,ISSP,earn_actual_doctor,2019,All,,,ci_low,7939.8108787511555,,,Mean,
issp_estimates.csv,ISSP,earn_actual_doctor,2019,All,,,ci_high,8393.93033918022,,,Mean,
issp_estimates.csv,ISSP,earn_ideal_doctor,2019,All,,,estimate,19091.748359513986,,,Mean,
issp_estimates.csv,ISSP,earn_ideal_doctor,2019,All,,,ci_low,18527.638687245857,,,Mean,
issp_estimates.csv,ISSP,earn_ideal_doctor,2019,All,,,ci_high,19655.858031782107,,,Mean,
issp_estimates.csv,ISSP,earn_actual_chairman,2019,All,,,estimate,179784.53260473892,,,Mean,
issp_estimates.csv,ISSP,earn_actual_chairman,2019,All,,,ci_low,158061.33169893327,,,Mean,
issp_estimates.csv,ISSP,earn_actual_chairman,2019,All,,,ci_high,201507.73351054455,,,Mean,
issp_estimates.csv,ISSP,earn_ideal_chairman,2019,All,,,estimate,86771.16832838139,,,Mean,
issp_estimates.csv,ISSP,earn_ideal_chairman,2019,All,,,ci_low,75352.9800430132,,,Mean,
issp_estimates.csv,ISSP,earn_ideal_chairman,2019,All,,,ci_high,98189.35661374958,,,Mean,
issp_estimates.csv,ISSP,earn_actual_shop,2019,All,,,estimate,5838.4714131997125,,,Mean,
issp_estimates.csv,ISSP,earn_actual_shop,2019,All,,,ci_low,5703.319903687689,,,Mean,
issp_estimates.csv,ISSP,earn_actual_shop,2019,All,,,ci_high,5973.6229227117365,,,Mean,
issp_estimates.csv,ISSP,earn_ideal_shop,2019,All,,,estimate,11119.29820413728,,,Mean,
issp_estimates.csv,ISSP,earn_ideal_shop,2019,All,,,ci_low,10880.79182036512,,,Mean,
issp_estimates.csv,ISSP,earn_ideal_shop,2019,All,,,ci_high,11357.80458790944,,,Mean,
issp_estimates.csv,ISSP,earn_actual_worker,2019,All,,,estimate,6089.748766886022,,,Mean,
issp_estimates.csv,ISSP,earn_actual_worker,2019,All,,,ci_low,5948.053072323685,,,Mean,
issp_estimates.csv,ISSP,earn_actual_worker,2019,All,,,ci_high,6231.444461448359,,,Mean,
issp_estimates.csv,ISSP,earn_ideal_worker,2019,All,,,estimate,11226.843923057231,,,Mean,
issp_estimates.csv,ISSP,earn_ideal_worker,2019,All,,,ci_low,10955.222394272469,,,Mean,
issp_estimates.csv,ISSP,earn_ideal_worker,2019,All,,,ci_high,11498.465451841996,,,Mean,
issp_estimates.csv,ISSP,earn_actual_minister,2019,All,,,estimate,129365.5727820718,,,Mean,
issp_estimates.csv,ISSP,earn_actual_minister,2019,All,,,ci_low,115958.7202649485,,,Mean,
issp_estimates.csv,ISSP,earn_actual_minister,2019,All,,,ci_high,142772.42529919508,,,Mean,
issp_estimates.csv,ISSP,earn_ideal_minister,2019,All,,,estimate,46446.60875159286,,,Mean,
issp_estimates.csv,ISSP,earn_ideal_minister,2019,All,,,ci_low,43131.17763670631,,,Mean,
issp_estimates.csv,ISSP,earn_ideal_minister,2019,All,,,ci_high,49762.03986647941,,,Mean,
latest_positive_shares.csv,WVS,C059,2006,,,,estimate,87.7202739964271,,,,
latest_positive_shares.csv,WVS,E040,2020,,,,estimate,58.617816010861546,,,,
latest_positive_shares.csv,WVS,E041,2011,,,,estimate,45.121086979058845,,,,
latest_positive_shares.csv,WVS,E131,1996,,,,estimate,11.987127916331456,,,,
latest_positive_shares.csv,WVS,E132,1996,,,,estimate,18.95953757225433,,,,
latest_positive_shares.csv,WVS,E224,2020,,,,estimate,75.41760106008672,,,,
latest_positive_shares.csv,WVS,E227,2020,,,,estimate,85.70155821633625,,,,
latest_positive_shares.csv,WVS,E233A,2020,,,,estimate,77.46548192975985,,,,
latest_positive_shares.csv,WVS,F114A,2020,,,,estimate,43.012888632683314,,,,
latest_positive_shares.csv,WVS,F116,2020,,,,estimate,41.81601326930042,,,,
latest_positive_shares.csv,WVS,E069_05,2020,,,,estimate,28.505155398567187,,,,
latest_positive_shares.csv,WVS,E069_13,2020,,,,estimate,43.85046692833399,,,,
latest_positive_shares.csv,WVS,E069_41,2020,,,,estimate,33.365083986711774,,,,
latest_positive_shares.csv,WVS,A209,2011,,,,estimate,5.589031725700767,,,,
latest_positive_shares.csv,WVS,B001,2006,,,,estimate,45.53859758460967,,,,
latest_positive_shares.csv,WVS,B002,2006,,,,estimate,47.08569889093653,,,,
latest_positive_shares.csv,WVS,B003,2006,,,,estimate,89.5460907677646,,,,
latest_positive_shares.csv,WVS,B008,2020,,,,estimate,49.83682628206368,,,,
latest_positive_shares.csv,WVS,C060,1996,,,,estimate,23.31983805668016,,,,
latest_positive_shares.csv,WVS,E035,2020,,,,estimate,57.74433975303559,,,,
latest_positive_shares.csv,WVS,E036,2020,,,,estimate,44.26983995841551,,,,
latest_positive_shares.csv,WVS,E062,1996,,,,estimate,59.902399349329,,,,
latest_positive_shares.csv,WVS,E127,1996,,,,estimate,40.65510597302505,,,,
latest_positive_shares.csv,WVS,E133,1996,,,,estimate,91.3141993957704,,,,
latest_positive_shares.csv,EVS,C059,1999,,,,estimate,91.788309125531,,,,
latest_positive_shares.csv,EVS,E224,2020,,,,estimate,78.76807484925789,,,,
latest_positive_shares.csv,EVS,E227,2020,,,,estimate,83.91161062738232,,,,
latest_positive_shares.csv,EVS,E233A,2020,,,,estimate,74.85916947640558,,,,
latest_positive_shares.csv,EVS,F114,2008,,,,estimate,65.26240836671874,,,,
latest_positive_shares.csv,EVS,F114A,2020,,,,estimate,49.89328248474507,,,,
latest_positive_shares.csv,EVS,F116,2020,,,,estimate,48.0894561872724,,,,
latest_positive_shares.csv,EVS,E069_05,2020,,,,estimate,37.509868176993926,,,,
latest_positive_shares.csv,EVS,E069_09,2020,,,,estimate,43.29033496663624,,,,
latest_positive_shares.csv,EVS,E069_13,2020,,,,estimate,31.541246387515205,,,,
latest_positive_shares.csv,EVS,B001,2008,,,,estimate,78.38433285121113,,,,
latest_positive_shares.csv,EVS,B002,1999,,,,estimate,49.528767832032266,,,,
latest_positive_shares.csv,EVS,B003,1999,,,,estimate,80.69404179736027,,,,
latest_positive_shares.csv,EVS,B008,2020,,,,estimate,37.394736422445824,,,,
latest_positive_shares.csv,EVS,E035,2020,,,,estimate,63.40615960492593,,,,
latest_positive_shares.csv,EVS,E036,2020,,,,estimate,40.13741132560869,,,,
latest_positive_shares.csv,EVS,E038,2020,,,,estimate,46.61592979938788,,,,
latest_positive_shares.csv,EVS,E042,2008,,,,estimate,35.44038915624964,,,,
latest_positive_shares.csv,LiTS,connections_a,2016,,,,estimate,44.6861257887135,,,,
latest_positive_shares.csv,LiTS,connections_b,2016,,,,estimate,40.8914402705131,,,,
latest_positive_shares.csv,LiTS,connections_d,2016,,,,estimate,24.396286892692,,,,
latest_positive_shares.csv,LiTS,inequality_increased,2016,,,,estimate,73.69477169109076,,,,
latest_positive_shares.csv,LiTS,poverty_1,2016,,,,estimate,6.3127788911281,,,,
latest_positive_shares.csv,LiTS,poverty_2,2016,,,,estimate,16.11119180004102,,,,
latest_positive_shares.csv,LiTS,poverty_3,2016,,,,estimate,55.82254519703904,,,,
latest_positive_shares.csv,LiTS,poverty_4,2016,,,,estimate,19.30237640467727,,,,
latest_positive_shares.csv,LiTS,success_effort,2016,,,,estimate,34.307569422365205,,,,
latest_positive_shares.csv,LiTS,success_skill,2016,,,,estimate,28.58426242144904,,,,
latest_positive_shares.csv,LiTS,trust_banks,2016,,,,estimate,11.576793752940189,,,,
latest_positive_shares.csv,LiTS,trust_foreign_investors,2016,,,,estimate,16.762590027795667,,,,
latest_positive_shares.csv,LiTS,trust_unions,2016,,,,estimate,17.271685950035565,,,,
latest_positive_shares.csv,LiTS,corporate_donations,2016,,,,estimate,81.70493359473699,,,,
latest_positive_shares.csv,LiTS,keep_private,2006,,,,estimate,44.5269728321473,,,,
latest_positive_shares.csv,LiTS,market,2016,,,,estimate,36.641876421943046,,,,
latest_positive_shares.csv,LiTS,nationalise,2006,,,,estimate,43.02457889868677,,,,
latest_positive_shares.csv,LiTS,pay_a,2016,,,,estimate,45.06753944236533,,,,
latest_positive_shares.csv,LiTS,pay_b,2016,,,,estimate,52.82219585091233,,,,
latest_positive_shares.csv,LiTS,pay_c,2016,,,,estimate,28.388485159293992,,,,
latest_positive_shares.csv,LiTS,pay_d,2016,,,,estimate,47.40756647325151,,,,
latest_positive_shares.csv,LiTS,reprivatise,2006,,,,estimate,12.44844826916593,,,,
latest_positive_shares.csv,LiTS,state_1,2006,,,,estimate,97.20606744475464,,,,
latest_positive_shares.csv,LiTS,state_2,2006,,,,estimate,99.30902484562384,,,,
latest_positive_shares.csv,LiTS,state_3,2006,,,,estimate,98.96129061281732,,,,
latest_positive_shares.csv,LiTS,state_4,2006,,,,estimate,98.90837079826208,,,,
latest_positive_shares.csv,LiTS,state_5,2006,,,,estimate,95.75843715482644,,,,
latest_positive_shares.csv,LiTS,state_6,2006,,,,estimate,91.81126312812142,,,,
latest_positive_shares.csv,LiTS,support_1,2016,,,,estimate,94.5038812122864,,,,
latest_positive_shares.csv,LiTS,support_2,2016,,,,estimate,95.1828227119131,,,,
latest_positive_shares.csv,LiTS,support_3,2016,,,,estimate,94.20238965218626,,,,
latest_positive_shares.csv,LiTS,support_4,2016,,,,estimate,87.97273604197706,,,,
latest_positive_shares.csv,LiTS,support_5,2016,,,,estimate,69.76597101727933,,,,
latest_positive_shares.csv,LiTS,support_6,2016,,,,estimate,70.96480109877089,,,,
latest_positive_shares.csv,LiTS,support_7,2016,,,,estimate,1.4126143220055152,,,,
latest_positive_shares.csv,LiTS,wealth_influence,2016,,,,estimate,57.23804930066641,,,,
latest_positive_shares.csv,LiTS,spend_education,2016,,,,estimate,14.730407472709608,,,,
latest_positive_shares.csv,LiTS,spend_health,2016,,,,estimate,34.86555505390756,,,,
latest_positive_shares.csv,LiTS,spend_helping_the_poor,2016,,,,estimate,7.662997800401251,,,,
latest_positive_shares.csv,LiTS,spend_housing,2016,,,,estimate,11.821460504693457,,,,
latest_positive_shares.csv,LiTS,spend_pensions,2016,,,,estimate,18.387680119136736,,,,
latest_positive_shares.csv,LiTS,spend_public_infrastructure,2016,,,,estimate,7.952836892055046,,,,
latest_positive_shares.csv,LiTS,spend_the_environment,2016,,,,estimate,1.5980388095936802,,,,
latest_positive_shares.csv,Pew,failure_individual,2011,,,,estimate,40.0,,,,
latest_positive_shares.csv,Pew,inequality_problem,2015,,,,estimate,60.0,,,,
latest_positive_shares.csv,Pew,rich_richer,2009,,,,estimate,84.0,,,,
latest_positive_shares.csv,Pew,success_Q66a,2014,,,,estimate,96.0,,,,
latest_positive_shares.csv,Pew,success_Q66b,2014,,,,estimate,97.0,,,,
latest_positive_shares.csv,Pew,success_Q66c,2014,,,,estimate,86.0,,,,
latest_positive_shares.csv,Pew,success_Q66d,2014,,,,estimate,28.0,,,,
latest_positive_shares.csv,Pew,success_Q66f,2014,,,,estimate,73.0,,,,
latest_positive_shares.csv,Pew,success_Q66g,2014,,,,estimate,89.0,,,,
latest_positive_shares.csv,Pew,success_ability,2011,,,,estimate,32.0,,,,
latest_positive_shares.csv,Pew,success_outside_control,2014,,,,estimate,55.0,,,,
latest_positive_shares.csv,Pew,foreign_acquisitions,2014,,,,estimate,38.0,,,,
latest_positive_shares.csv,Pew,freedom_vs_welfare,2011,,,,estimate,21.0,,,,
latest_positive_shares.csv,Pew,high_tax_redistribution,2014,,,,estimate,48.0,,,,
latest_positive_shares.csv,Pew,low_tax_growth,2014,,,,estimate,14.0,,,,
latest_positive_shares.csv,Pew,trade_jobs,2014,,,,estimate,61.0,,,,
latest_positive_shares.csv,Pew,trade_prices,2014,,,,estimate,29.0,,,,
latest_positive_shares.csv,Pew,trade_wages,2014,,,,estimate,50.0,,,,
latest_positive_shares.csv,Pew,transition_approval,2019,,,,estimate,47.0,,,,
latest_positive_shares.csv,Pew,welfare_vs_freedom,2011,,,,estimate,75.0,,,,
latest_positive_shares.csv,Pew,better_than_communism,2019,,,,estimate,25.0,,,,
latest_positive_shares.csv,Pew,transition_business,2019,,,,estimate,89.0,,,,
latest_positive_shares.csv,Pew,transition_ordinary,2019,,,,estimate,21.0,,,,
latest_positive_shares.csv,Pew,transition_politicians,2019,,,,estimate,88.0,,,,
latest_positive_shares.csv,Monitoring,manager_worker_conflict,2017,,,,estimate,26.5,,,,
latest_positive_shares.csv,Monitoring,owner_worker_conflict,2017,,,,estimate,25.4,,,,
latest_positive_shares.csv,Monitoring,rich_poor_conflict,2017,,,,estimate,46.7,,,,
latest_positive_shares.csv,Monitoring,accept_market_values,2019,,,,estimate,44.2,,,,
latest_positive_shares.csv,Monitoring,enterprise_initiative,2020,,,,estimate,53.1,,,,
latest_positive_shares.csv,Monitoring,market_relations_natural,2021,,,,estimate,23.3,,,,
latest_positive_shares.csv,Monitoring,respect_owners_1,2019,,,,estimate,32.7,,,,
latest_positive_shares.csv,Monitoring,respect_owners_2,2019,,,,estimate,27.1,,,,
latest_positive_shares.csv,Monitoring,respect_owners_3,2019,,,,estimate,53.9,,,,
latest_positive_shares.csv,Monitoring,respect_owners_4,2019,,,,estimate,35.2,,,,
latest_positive_shares.csv,Monitoring,start_business,2020,,,,estimate,37.1,,,,
latest_positive_shares.csv,Monitoring,benefits_never,2019,,,,estimate,61.8,,,,
latest_positive_shares.csv,Monitoring,business_duty_1,2019,,,,estimate,74.8,,,,
latest_positive_shares.csv,Monitoring,business_duty_2,2019,,,,estimate,45.7,,,,
latest_positive_shares.csv,Monitoring,business_duty_3,2019,,,,estimate,20.9,,,,
latest_positive_shares.csv,Monitoring,business_duty_4,2019,,,,estimate,36.5,,,,
latest_positive_shares.csv,Monitoring,business_duty_5,2019,,,,estimate,6.8,,,,
latest_positive_shares.csv,Monitoring,business_duty_6,2019,,,,estimate,18.1,,,,
latest_positive_shares.csv,Monitoring,business_duty_7,2019,,,,estimate,11.1,,,,
latest_positive_shares.csv,Monitoring,business_duty_8,2019,,,,estimate,31.0,,,,
latest_positive_shares.csv,Monitoring,tax_never,2019,,,,estimate,60.1,,,,
latest_positive_shares.csv,Monitoring,trust_banks,2021,,,,estimate,15.8,,,,
latest_positive_shares.csv,Monitoring,trust_private_entrepreneurs,2015,,,,estimate,21.5,,,,
latest_positive_shares.csv,Monitoring,trust_state_managers,2020,,,,estimate,11.2,,,,
latest_positive_shares.csv,Monitoring,trust_tax_authority,2021,,,,estimate,20.7,,,,
latest_positive_shares.csv,Monitoring,trust_unions,2021,,,,estimate,15.6,,,,
latest_positive_shares.csv,Monitoring,crisis_1,2017,,,,estimate,33.8,,,,
latest_positive_shares.csv,Monitoring,crisis_10,2017,,,,estimate,42.3,,,,
latest_positive_shares.csv,Monitoring,crisis_11,2017,,,,estimate,23.6,,,,
latest_positive_shares.csv,Monitoring,crisis_12,2017,,,,estimate,24.6,,,,
latest_positive_shares.csv,Monitoring,crisis_13,2017,,,,estimate,3.3,,,,
latest_positive_shares.csv,Monitoring,crisis_2,2017,,,,estimate,8.2,,,,
latest_positive_shares.csv,Monitoring,crisis_3,2017,,,,estimate,25.4,,,,
latest_positive_shares.csv,Monitoring,crisis_4,2017,,,,estimate,31.6,,,,
latest_positive_shares.csv,Monitoring,crisis_5,2017,,,,estimate,13.9,,,,
latest_positive_shares.csv,Monitoring,crisis_6,2017,,,,estimate,23.3,,,,
latest_positive_shares.csv,Monitoring,crisis_7,2017,,,,estimate,7.2,,,,
latest_positive_shares.csv,Monitoring,crisis_8,2017,,,,estimate,13.8,,,,
latest_positive_shares.csv,Monitoring,crisis_9,2017,,,,estimate,39.5,,,,
latest_positive_shares.csv,Monitoring,existing_private_land,2020,,,,estimate,39.7,,,,
latest_positive_shares.csv,Monitoring,existing_private_large,2020,,,,estimate,49.1,,,,
latest_positive_shares.csv,Monitoring,existing_private_small,2020,,,,estimate,71.4,,,,
latest_positive_shares.csv,Monitoring,land_ownership_rights,2020,,,,estimate,37.4,,,,
latest_positive_shares.csv,Monitoring,land_sales_agricultural,2021,,,,estimate,22.5,,,,
latest_positive_shares.csv,Monitoring,land_sales_general,2018,,,,estimate,22.6,,,,
latest_positive_shares.csv,Monitoring,ownership_mixed,2015,,,,estimate,45.8,,,,
latest_positive_shares.csv,Monitoring,ownership_policy_broad_privatisation,2025,,,,estimate,9.8,,,,
latest_positive_shares.csv,Monitoring,ownership_policy_nationalise,2025,,,,estimate,25.6,,,,
latest_positive_shares.csv,Monitoring,ownership_policy_privatise_except_efficient_state_firms,2025,,,,estimate,36.2,,,,
latest_positive_shares.csv,Monitoring,ownership_policy_retain_state_firms,2025,,,,estimate,18.1,,,,
latest_positive_shares.csv,Monitoring,ownership_private,2015,,,,estimate,11.3,,,,
latest_positive_shares.csv,Monitoring,ownership_state,2015,,,,estimate,26.3,,,,
latest_positive_shares.csv,Monitoring,private_business,2014,,,,estimate,60.2,,,,
latest_positive_shares.csv,Monitoring,privatise_land,2021,,,,estimate,20.7,,,,
latest_positive_shares.csv,Monitoring,privatise_large,2021,,,,estimate,17.9,,,,
latest_positive_shares.csv,Monitoring,privatise_small,2021,,,,estimate,31.0,,,,
latest_positive_shares.csv,Monitoring,renationalise_land,2020,,,,estimate,35.5,,,,
latest_positive_shares.csv,Monitoring,renationalise_large,2020,,,,estimate,28.4,,,,
latest_positive_shares.csv,Monitoring,renationalise_small,2020,,,,estimate,60.900000000000006,,,,
latest_positive_shares.csv,Monitoring,retrospective_land,2020,,,,estimate,27.9,,,,
latest_positive_shares.csv,Monitoring,retrospective_large,2020,,,,estimate,21.700000000000003,,,,
latest_positive_shares.csv,Monitoring,retrospective_small,2020,,,,estimate,49.7,,,,
latest_positive_shares.csv,Monitoring,socialism_capitalism_political_support,2016,,,,estimate,13.4,,,,
latest_positive_shares.csv,Monitoring,state_role_minimal_state_market,2021,,,,estimate,9.9,,,,
latest_positive_shares.csv,Monitoring,state_role_mixed_state_market,2021,,,,estimate,44.6,,,,
latest_positive_shares.csv,Monitoring,state_role_planned_economy,2021,,,,estimate,27.2,,,,
latest_positive_shares.csv,Monitoring,work_private_employer,2021,,,,estimate,53.5,,,,
latest_positive_shares.csv,ESS,bsnprft,2005,,,,estimate,66.74495076253223,,,,
latest_positive_shares.csv,ESS,ctzchtx,2005,,,,estimate,61.861996971338456,,,,
latest_positive_shares.csv,ESS,ditxssp,2009,,,,estimate,23.03613297577594,,,,
latest_positive_shares.csv,ESS,earnpen,2009,,,,estimate,18.977970418532347,,,,
latest_positive_shares.csv,ESS,earnueb,2009,,,,estimate,45.76876522940916,,,,
latest_positive_shares.csv,ESS,frmwktg,2005,,,,estimate,69.32915859595704,,,,
latest_positive_shares.csv,ESS,gincdif,2024,,,,estimate,63.54036240346202,,,,
latest_positive_shares.csv,ESS,grdfinc,2022,,,,estimate,91.27259400630516,,,,
latest_positive_shares.csv,ESS,gvcldcr,2009,,,,estimate,82.24621078454642,,,,
latest_positive_shares.csv,ESS,gvctzpv,2022,,,,estimate,95.53567418310269,,,,
latest_positive_shares.csv,ESS,gvhlthc,2009,,,,estimate,94.31602097960592,,,,
latest_positive_shares.csv,ESS,gvjbevn,2009,,,,estimate,88.92790288512275,,,,
latest_positive_shares.csv,ESS,gvpdlwk,2009,,,,estimate,82.06698359265368,,,,
latest_positive_shares.csv,ESS,gvprppv,2011,,,,estimate,91.04972156093466,,,,
latest_positive_shares.csv,ESS,gvslvol,2009,,,,estimate,94.25404021677076,,,,
latest_positive_shares.csv,ESS,gvslvue,2009,,,,estimate,79.95752735689796,,,,
latest_positive_shares.csv,ESS,imsclbn,2009,,,,estimate,24.44317305978492,,,,
latest_positive_shares.csv,ESS,mnyacth,2005,,,,estimate,50.24054391784035,,,,
latest_positive_shares.csv,ESS,pyavtxw,2005,,,,estimate,51.08373190511021,,,,
latest_positive_shares.csv,ESS,sbbsntx,2009,,,,estimate,25.754162846680288,,,,
latest_positive_shares.csv,ESS,sbcwkfm,2009,,,,estimate,23.941618624377583,,,,
latest_positive_shares.csv,ESS,sbenccm,2009,,,,estimate,13.935973373757076,,,,
latest_positive_shares.csv,ESS,sbeqsoc,2009,,,,estimate,26.93143498854972,,,,
latest_positive_shares.csv,ESS,sblwcoa,2009,,,,estimate,14.09599316307597,,,,
latest_positive_shares.csv,ESS,sblwlka,2009,,,,estimate,12.808948067294372,,,,
latest_positive_shares.csv,ESS,sbprvpv,2009,,,,estimate,32.809706536870685,,,,
latest_positive_shares.csv,ESS,scbevts,2005,,,,estimate,20.809096377149466,,,,
latest_positive_shares.csv,ESS,txearn,2009,,,,estimate,42.63278384735053,,,,
latest_positive_shares.csv,ESS,uentrjb,2009,,,,estimate,29.768023611370733,,,,
latest_positive_shares.csv,ESS,bennent,2009,,,,estimate,55.30669453122287,,,,
latest_positive_shares.csv,ESS,cmprcti,2005,,,,estimate,29.876195586636182,,,,
latest_positive_shares.csv,ESS,grdfincc,2022,,,,estimate,6.634862992202699,,,,
latest_positive_shares.csv,ESS,gvctzpvc,2022,,,,estimate,6.500059978344628,,,,
latest_positive_shares.csv,ESS,imbgeco,2024,,,,estimate,50.42265976906078,,,,
latest_positive_shares.csv,ESS,imrccon,2009,,,,estimate,15.436523453043923,,,,
latest_positive_shares.csv,ESS,insfben,2009,,,,estimate,52.45991118282318,,,,
latest_positive_shares.csv,ESS,lbenent,2009,,,,estimate,54.51727308150552,,,,
latest_positive_shares.csv,ESS,prtsick,2009,,,,estimate,21.33173829473617,,,,
latest_positive_shares.csv,ESS,tstfnch,2005,,,,estimate,24.462597920713662,,,,
latest_positive_shares.csv,ESS,tstpboh,2005,,,,estimate,17.27185795087818,,,,
latest_positive_shares.csv,ESS,tstrprh,2005,,,,estimate,20.74890699331977,,,,
latest_positive_shares.csv,ISSP,aid_tax,2019,,,,estimate,47.644841217483965,,,,
latest_positive_shares.csv,ISSP,buy_education,2019,,,,estimate,26.30777160804368,,,,
latest_positive_shares.csv,ISSP,buy_health,2019,,,,estimate,26.8011716691088,,,,
latest_positive_shares.csv,ISSP,company_pay_gap,2019,,,,estimate,74.95366497050432,,,,
latest_positive_shares.csv,ISSP,cut_poor_benefits,2009,,,,estimate,11.040284075860994,,,,
latest_positive_shares.csv,ISSP,inequality_prosperity,2019,,,,estimate,26.660220346156454,,,,
latest_positive_shares.csv,ISSP,labour_migration,2019,,,,estimate,79.6260707427945,,,,
latest_positive_shares.csv,ISSP,pay_children,2019,,,,estimate,41.18825647394333,,,,
latest_positive_shares.csv,ISSP,pay_education,2019,,,,estimate,56.90353763902931,,,,
latest_positive_shares.csv,ISSP,pay_effort,2009,,,,estimate,75.27902393036094,,,,
latest_positive_shares.csv,ISSP,pay_family,2009,,,,estimate,51.68590789184729,,,,
latest_positive_shares.csv,ISSP,pay_performance,2019,,,,estimate,77.41432142788007,,,,
latest_positive_shares.csv,ISSP,pay_responsibility,2019,,,,estimate,74.9694406034581,,,,
latest_positive_shares.csv,ISSP,redistribution,2019,,,,estimate,85.64373515578296,,,,
latest_positive_shares.csv,ISSP,responsibility,2019,,,,estimate,79.36104933095653,,,,
latest_positive_shares.csv,ISSP,skill_premium,2019,,,,estimate,73.49662337213704,,,,
latest_positive_shares.csv,ISSP,society_ideal,2019,,,,estimate,36.64470852506513,,,,
latest_positive_shares.csv,ISSP,tax_rich,2019,,,,estimate,78.4862995314572,,,,
latest_positive_shares.csv,ISSP,unemployed_living,2019,,,,estimate,84.45148734903535,,,,
latest_positive_shares.csv,ISSP,ahead_ambition,2009,,,,estimate,44.665741953250695,,,,
latest_positive_shares.csv,ISSP,ahead_bribes,2019,,,,estimate,7.091837966137225,,,,
latest_positive_shares.csv,ISSP,ahead_connections,2019,,,,estimate,44.4878360915236,,,,
latest_positive_shares.csv,ISSP,ahead_education,2019,,,,estimate,56.11796085473498,,,,
latest_positive_shares.csv,ISSP,ahead_gender,2019,,,,estimate,9.84155075095641,,,,
latest_positive_shares.csv,ISSP,ahead_parents,2019,,,,estimate,32.80466001745741,,,,
latest_positive_shares.csv,ISSP,ahead_political,2019,,,,estimate,19.64736788495362,,,,
latest_positive_shares.csv,ISSP,ahead_race,2019,,,,estimate,11.465902671762056,,,,
latest_positive_shares.csv,ISSP,ahead_religion,2019,,,,estimate,11.761575266522314,,,,
latest_positive_shares.csv,ISSP,ahead_wealth,2019,,,,estimate,26.841400933276294,,,,
latest_positive_shares.csv,ISSP,ahead_work,2019,,,,estimate,48.85228692568098,,,,
latest_positive_shares.csv,ISSP,anger,2019,,,,estimate,33.95128645884635,,,,
latest_positive_shares.csv,ISSP,business_confidence,2008,,,,estimate,8.571132436124875,,,,
latest_positive_shares.csv,ISSP,conflict_class,2019,,,,estimate,18.087074321251265,,,,
latest_positive_shares.csv,ISSP,conflict_management,2019,,,,estimate,36.224232783528585,,,,
latest_positive_shares.csv,ISSP,conflict_rich_poor,2019,,,,estimate,48.083465171720064,,,,
latest_positive_shares.csv,ISSP,conflict_top_bottom,2009,,,,estimate,48.69628141112667,,,,
latest_positive_shares.csv,ISSP,corrupt_to_top,2009,,,,estimate,56.95238533846825,,,,
latest_positive_shares.csv,ISSP,elite_school_access,2009,,,,estimate,48.78611849592155,,,,
latest_positive_shares.csv,ISSP,equal_university,2009,,,,estimate,29.104215998878978,,,,
latest_positive_shares.csv,ISSP,global_gap,2019,,,,estimate,90.41380941285972,,,,
latest_positive_shares.csv,ISSP,gov_success,2019,,,,estimate,8.151418006039833,,,,
latest_positive_shares.csv,ISSP,income_fair,2019,,,,estimate,5.71490282952656,,,,
latest_positive_shares.csv,ISSP,income_gap,2019,,,,estimate,92.6841111320214,,,,
latest_positive_shares.csv,ISSP,inequality_collective,2019,,,,estimate,60.76422140502919,,,,
latest_positive_shares.csv,ISSP,inequality_power,2019,,,,estimate,67.89882629266204,,,,
latest_positive_shares.csv,ISSP,politicians_indifferent,2019,,,,estimate,86.58331205135124,,,,
latest_positive_shares.csv,ISSP,rich_university,2009,,,,estimate,64.42839600473954,,,,
latest_positive_shares.csv,ISSP,society_actual,2019,,,,estimate,7.164198060135726,,,,
latest_positive_shares.csv,ISSP,tax_level,2019,,,,estimate,11.90965388826856,,,,
