survey,year,n,weight_min,weight_median,weight_max,weight_sum,kish_n,age_min,age_max
EVS,1999,1195,0.7039999999999997,1.06358,1.54336,1206.6723399999998,1137.7897446801076,18.0,90.0
EVS,2008,1507,0.7182362850877941,0.988340126466567,1.3929896045665366,1507.0,1442.0921637738231,18.0,93.0
EVS,2020,1612,0.0171299795731654,0.2690495738411997,13.552266379534792,1647.6573574821757,250.18176388553107,18.0,82.0
LiTS,2006,1000,10174.41015625,31109.958984375,95207.8359375,38570453.62988281,827.8639100799347,18.0,91.0
LiTS,2010,1558,10065.66015625,26984.48046875,32618.603515625,38076640.48144531,1424.614470885218,18.0,90.0
LiTS,2016,1507,2511.16,16825.89,358445.56,35144957.28,768.4608698446534,18.0,91.0
WVS,1996,2811,1.0,1.0,1.0,2811.0,2811.0,18.0,91.0
WVS,2006,1000,0.407337,0.873826,4.99301,999.9999870000001,759.1969643649808,18.0,90.0
WVS,2011,1500,0.445784,0.970565,3.595525,1500.0003419999998,1366.4216831899291,18.0,89.0
WVS,2020,1289,0.77495,0.964976,1.937375,1288.9999579999999,1253.0848479968222,18.0,86.0
