survey,year,item,source_field,coding,source_label,source_value_labels,source_file,weight,psu
LiTS,2006,market_choice,q310,1 if market preferable; 0 if planned/indifferent; other missing,attitude towards market economy vs. planned economy,"{""1"": ""market economy preferable"", ""2"": ""planned economy preferable under some circumstances"", ""3"": ""doesn't matter""}",LITS-2006-data.dta,weight_0,tabled
LiTS,2006,less_redistribution,q301_10,6 - raw; valid 1..5; high=oppose reducing rich-poor gap,attitude towards reducing present income inequality,"{""1"": ""strongly disagree"", ""2"": ""disagree"", ""3"": ""neither disagree not agree"", ""4"": ""agree"", ""5"": ""strongly agree"", ""6"": ""not applicable"", ""7"": ""don't know""}",LITS-2006-data.dta,weight_0,tabled
LiTS,2010,market_choice,q310,1 if market preferable; 0 if planned/indifferent; other missing,q310 - With which one of the following statements do you agree most?,"{""-99"": ""Refused"", ""-98"": ""Not applicable"", ""-97"": ""Don't know"", ""-90"": ""Filtered"", ""-1"": ""Not stated"", ""1"": ""A market economy is preferable to any other form of economic system"", ""2"": ""Under some circumstances, a planned economy may be preferable to a market econom"", ""3"": ""For people like me, it does not matter whether the economic system is organised""}",lits2.dta,weight,psu
LiTS,2010,less_redistribution,q301h,6 - raw; valid 1..5; high=oppose reducing rich-poor gap,Q.3.01 To what extent do you agree with the following statements?: h) The gap be,"{""-99"": ""Refused"", ""-98"": ""Not applicable"", ""-97"": ""Don't know"", ""-90"": ""Filtered"", ""-1"": ""Not stated"", ""1"": ""Strongly disagree"", ""2"": ""Disagree"", ""3"": ""Neither disagree nor agree"", ""4"": ""Agree"", ""5"": ""Strongly agree"", ""6"": ""Not applicable""}",lits2.dta,weight,psu
LiTS,2010,private_ownership,q316b,11 - raw,Q.3.16b Place your views on this scale?:,"{""-99"": ""Refused"", ""-98"": ""Not applicable"", ""-97"": ""Don't know"", ""-90"": ""Filtered"", ""-1"": ""Not stated"", ""1"": ""1 -  answering1"", ""2"": ""2"", ""3"": ""3"", ""4"": ""4"", ""5"": ""5"", ""6"": ""6"", ""7"": ""7"", ""8"": ""8"", ""9"": ""9"", ""10"": ""10 -  answering2""}",lits2.dta,weight,psu
LiTS,2010,competition,q316c,11 - raw,Q.3.16c Place your views on this scale?:,"{""-99"": ""Refused"", ""-98"": ""Not applicable"", ""-97"": ""Don't know"", ""-90"": ""Filtered"", ""-1"": ""Not stated"", ""1"": ""1 -  answering1"", ""2"": ""2"", ""3"": ""3"", ""4"": ""4"", ""5"": ""5"", ""6"": ""6"", ""7"": ""7"", ""8"": ""8"", ""9"": ""9"", ""10"": ""10 -  answering2""}",lits2.dta,weight,psu
LiTS,2010,income_incentives,q316a,raw,Q.3.16a Place your views on this scale?:,"{""-99"": ""Refused"", ""-98"": ""Not applicable"", ""-97"": ""Don't know"", ""-90"": ""Filtered"", ""-1"": ""Not stated"", ""1"": ""1 -  answering1"", ""2"": ""2"", ""3"": ""3"", ""4"": ""4"", ""5"": ""5"", ""6"": ""6"", ""7"": ""7"", ""8"": ""8"", ""9"": ""9"", ""10"": ""10 -  answering2""}",lits2.dta,weight,psu
LiTS,2016,market_choice,q411,1 if market preferable; 0 if planned/indifferent; other missing,Statement about the economic system,"{""-97"": ""Don't know"", ""1"": ""A market economy is preferable to any other form of economic system"", ""2"": ""Under some circumstances, a planned economy may be preferable to a market econom"", ""3"": ""For people like me, it does not matter whether the economic system is organised""}",lits_iii.dta,weight_population,PSU_number
LiTS,2016,less_redistribution,q401h,6 - raw; valid 1..5; high=oppose reducing rich-poor gap,The gap between the rich and the poor in our country should be reduced,"{""-98"": ""Not applicable"", ""-97"": ""DK"", ""1"": ""Strongly disagree"", ""2"": ""Disagree"", ""3"": ""Neither disagree nor agree"", ""4"": ""Agree"", ""5"": ""Strongly agree""}",lits_iii.dta,weight_population,PSU_number
LiTS,2016,private_ownership,q417b,11 - raw,Private vs government ownership of business and industry,"{""-97"": ""DK"", ""1"": ""Private ownership of business and industry should be increased"", ""2"": ""2"", ""3"": ""3"", ""4"": ""4"", ""5"": ""5"", ""6"": ""6"", ""7"": ""7"", ""8"": ""8"", ""9"": ""9"", ""10"": ""Government ownership of business and industry should be increased""}",lits_iii.dta,weight_population,PSU_number
LiTS,2016,competition,q417c,11 - raw,Competition is good vs harmful,"{""-97"": ""DK"", ""1"": ""Competition is good. It  stimulates people to work hard and develop new ideas"", ""2"": ""2"", ""3"": ""3"", ""4"": ""4"", ""5"": ""5"", ""6"": ""6"", ""7"": ""7"", ""8"": ""8"", ""9"": ""9"", ""10"": ""Competition is harmful. It brings out the worst in people""}",lits_iii.dta,weight_population,PSU_number
LiTS,2016,income_incentives,q417a,raw,Incomes should be made more equal vs different,"{""-97"": ""DK"", ""1"": ""Incomes should be made more equal"", ""2"": ""2"", ""3"": ""3"", ""4"": ""4"", ""5"": ""5"", ""6"": ""6"", ""7"": ""7"", ""8"": ""8"", ""9"": ""9"", ""10"": ""We need larger income differences as incentives for individual effort""}",lits_iii.dta,weight_population,PSU_number
