survey,year,item,question,question_type,source_file,source_sha256,source_field,source_table,source_label,response_labels,valid_codes,response_groups,positive_definition,weighted_missing_pct,weight,reversal,comparability,scope,units
ISSP,2008,business_confidence,Confidence in business and industry?,ordinal,ZA4950_v2-3-0.sav,ac5927d0ff1cc1ce56f46fc7ad242684e9bb3a95654df459df7ba64e1d3feb16,V15,original microdata,Q8b Confidence in business and industry,"{""1.0"": ""Complete confidence"", ""2.0"": ""A great deal of confidence"", ""3.0"": ""Some confidence"", ""4.0"": ""Very little confidence"", ""5.0"": ""No confidence at all"", ""8.0"": ""Can't choose"", ""9.0"": ""No answer""}","[1, 2, 4, 5, 3]","{""High confidence"": [1, 2], ""Little / no confidence"": [4, 5], ""Some confidence"": [3], ""Don't know"": [8], ""No answer"": [9]}",High confidence,15.852242270715468,WEIGHT,None,Replicated source item and national wording/scale checked; geography differs in 2019,Related,percent
ISSP,2009,income_gap,Income differences are too large?,ordinal,ZA5400_v4-0-0.sav,ff5bd2c5c8c7ba6e8e7ba11541b464be2d464ddfa95385d74507f226bbbaaa2d,V32,original microdata,Q6a Differences in income in [Rs country] are too large.,"{""1.0"": ""Strongly agree"", ""2.0"": ""Agree"", ""3.0"": ""Neither agree nor disagree"", ""4.0"": ""Disagree"", ""5.0"": ""Strongly disagree"", ""8.0"": ""Cant choose"", ""9.0"": ""NA""}","[1, 2, 4, 5, 3]","{""Agree"": [1, 2], ""Disagree"": [4, 5], ""Neither agree nor disagree"": [3], ""Don't know"": [8], ""No answer"": [9]}",Agree,1.5561102582103903,WEIGHT,None,Replicated source item and national wording/scale checked; geography differs in 2019,Related,percent
ISSP,2009,redistribution,Government should reduce income differences?,ordinal,ZA5400_v4-0-0.sav,ff5bd2c5c8c7ba6e8e7ba11541b464be2d464ddfa95385d74507f226bbbaaa2d,V33,original microdata,Q6b It is responsib of governm to reduce differences in income betwn people with high+low incomes.,"{""1.0"": ""Strongly agree"", ""2.0"": ""Agree"", ""3.0"": ""Neither agree nor disagree"", ""4.0"": ""Disagree"", ""5.0"": ""Strongly disagree"", ""8.0"": ""Cant choose"", ""9.0"": ""NA""}","[1, 2, 4, 5, 3]","{""Agree"": [1, 2], ""Disagree"": [4, 5], ""Neither agree nor disagree"": [3], ""Don't know"": [8], ""No answer"": [9]}",Agree,3.5918674414915617,WEIGHT,None,Replicated source item and national wording/scale checked; geography differs in 2019,Policy,percent
ISSP,2009,unemployed_living,Government should provide a decent living for unemployed people?,ordinal,ZA5400_v4-0-0.sav,ff5bd2c5c8c7ba6e8e7ba11541b464be2d464ddfa95385d74507f226bbbaaa2d,V34,original microdata,Q6c The government should provide a decent standard of living for the unemployed.,"{""1.0"": ""Strongly agree"", ""2.0"": ""Agree"", ""3.0"": ""Neither agree nor disagree"", ""4.0"": ""Disagree"", ""5.0"": ""Strongly disagree"", ""8.0"": ""Cant choose"", ""9.0"": ""NA""}","[1, 2, 4, 5, 3]","{""Agree"": [1, 2], ""Disagree"": [4, 5], ""Neither agree nor disagree"": [3], ""Don't know"": [8], ""No answer"": [9]}",Agree,1.9193657082380275,WEIGHT,None,Replicated source item and national wording/scale checked; geography differs in 2019,Policy,percent
ISSP,2009,cut_poor_benefits,Government should spend less on benefits for poor people?,ordinal,ZA5400_v4-0-0.sav,ff5bd2c5c8c7ba6e8e7ba11541b464be2d464ddfa95385d74507f226bbbaaa2d,V35,original microdata,Q6d The government should spend less on benefits for the poor.,"{""1.0"": ""Strongly agree"", ""2.0"": ""Agree"", ""3.0"": ""Neither agree nor disagree"", ""4.0"": ""Disagree"", ""5.0"": ""Strongly disagree"", ""8.0"": ""Cant choose"", ""9.0"": ""NA""}","[1, 2, 4, 5, 3]","{""Agree"": [1, 2], ""Disagree"": [4, 5], ""Neither agree nor disagree"": [3], ""Don't know"": [8], ""No answer"": [9]}",Agree,2.9833493301031018,WEIGHT,None,Replicated source item and national wording/scale checked; geography differs in 2019,Policy,percent
ISSP,2009,corrupt_to_top,Getting to the top requires being corrupt?,ordinal,ZA5400_v4-0-0.sav,ff5bd2c5c8c7ba6e8e7ba11541b464be2d464ddfa95385d74507f226bbbaaa2d,V17,original microdata,"Q2a Getting ahead: To get all the way to the top in [Rs country] today, you have to be corrupt.","{""1.0"": ""Strongly agree"", ""2.0"": ""Agree"", ""3.0"": ""Neither agree nor disagree"", ""4.0"": ""Disagree"", ""5.0"": ""Strongly disagree"", ""8.0"": ""Cant choose"", ""9.0"": ""NA""}","[1, 2, 4, 5, 3]","{""Agree"": [1, 2], ""Disagree"": [4, 5], ""Neither agree nor disagree"": [3], ""Don't know"": [8], ""No answer"": [9]}",Agree,8.5154450052507,WEIGHT,None,Replicated source item and national wording/scale checked; geography differs in 2019,Related,percent
ISSP,2009,elite_school_access,Students from the best secondary schools have the best chances of university education?,ordinal,ZA5400_v4-0-0.sav,ff5bd2c5c8c7ba6e8e7ba11541b464be2d464ddfa95385d74507f226bbbaaa2d,V18,original microdata,Q2b Getting ahead: In [Rs country] only stud from best sec schools good chance to obtain uni educ,"{""1.0"": ""Strongly agree"", ""2.0"": ""Agree"", ""3.0"": ""Neither agree nor disagree"", ""4.0"": ""Disagree"", ""5.0"": ""Strongly disagree"", ""8.0"": ""Cant choose"", ""9.0"": ""NA""}","[1, 2, 4, 5, 3]","{""Agree"": [1, 2], ""Disagree"": [4, 5], ""Neither agree nor disagree"": [3], ""Don't know"": [8], ""No answer"": [9]}",Agree,4.250230904936163,WEIGHT,None,Replicated source item and national wording/scale checked; geography differs in 2019,Related,percent
ISSP,2009,rich_university,Only the rich can afford university?,ordinal,ZA5400_v4-0-0.sav,ff5bd2c5c8c7ba6e8e7ba11541b464be2d464ddfa95385d74507f226bbbaaa2d,V19,original microdata,Q2c Getting ahead: In [Rs country] only the rich can afford the costs of attending university.,"{""1.0"": ""Strongly agree"", ""2.0"": ""Agree"", ""3.0"": ""Neither agree nor disagree"", ""4.0"": ""Disagree"", ""5.0"": ""Strongly disagree"", ""8.0"": ""Cant choose"", ""9.0"": ""NA""}","[1, 2, 4, 5, 3]","{""Agree"": [1, 2], ""Disagree"": [4, 5], ""Neither agree nor disagree"": [3], ""Don't know"": [8], ""No answer"": [9]}",Agree,2.1240478192636996,WEIGHT,None,Replicated source item and national wording/scale checked; geography differs in 2019,Related,percent
ISSP,2009,equal_university,People have equal chances of entering university regardless of background?,ordinal,ZA5400_v4-0-0.sav,ff5bd2c5c8c7ba6e8e7ba11541b464be2d464ddfa95385d74507f226bbbaaa2d,V20,original microdata,"Q2d Getting ahead: In [Rs country] people same chances to enter uni, regardl of gender, ethnicity","{""1.0"": ""Strongly agree"", ""2.0"": ""Agree"", ""3.0"": ""Neither agree nor disagree"", ""4.0"": ""Disagree"", ""5.0"": ""Strongly disagree"", ""8.0"": ""Cant choose"", ""9.0"": ""NA""}","[1, 2, 4, 5, 3]","{""Agree"": [1, 2], ""Disagree"": [4, 5], ""Neither agree nor disagree"": [3], ""Don't know"": [8], ""No answer"": [9]}",Agree,3.5489007137130058,WEIGHT,None,Replicated source item and national wording/scale checked; geography differs in 2019,Related,percent
ISSP,2009,tax_rich,"Should richer people pay higher, the same or lower taxes?",ordinal,ZA5400_v4-0-0.sav,ff5bd2c5c8c7ba6e8e7ba11541b464be2d464ddfa95385d74507f226bbbaaa2d,V36,original microdata,Q7a Tax: Do you think people with high incomes should pay larger share of their income in taxes,"{""1.0"": ""Much larger share"", ""2.0"": ""Larger"", ""3.0"": ""The same share"", ""4.0"": ""Smaller"", ""5.0"": ""Much smaller share"", ""8.0"": ""Cant choose"", ""9.0"": ""NA""}","[1, 2, 4, 5, 3]","{""Higher taxes"": [1, 2], ""Lower taxes"": [4, 5], ""The same taxes"": [3], ""Don't know"": [8], ""No answer"": [9]}",Higher taxes,7.850170155599976,WEIGHT,None,"Replicated source item and national wording/scale checked; geography differs in 2019; Ukrainian questionnaires say higher taxes, omitting the source questionnaire’s share-of-income qualification",Policy,percent
ISSP,2009,tax_level,Are current taxes on high incomes too high or too low?,ordinal,ZA5400_v4-0-0.sav,ff5bd2c5c8c7ba6e8e7ba11541b464be2d464ddfa95385d74507f226bbbaaa2d,V37,original microdata,"Q7b Tax: Generally, how would you describe taxes in [Rs country] for those with high incomes?","{""1.0"": ""Much too high"", ""2.0"": ""Too high"", ""3.0"": ""About right"", ""4.0"": ""Too low"", ""5.0"": ""Much too low"", ""8.0"": ""Cant choose"", ""9.0"": ""NA""}","[1, 2, 4, 5, 3]","{""Too high"": [1, 2], ""Too low"": [4, 5], ""About right"": [3], ""Don't know"": [8], ""No answer"": [9]}",Too high,24.753368817759828,WEIGHT,None,Replicated source item and national wording/scale checked; geography differs in 2019,Related,percent
ISSP,2009,buy_health,Is it fair that richer people can buy better healthcare?,ordinal,ZA5400_v4-0-0.sav,ff5bd2c5c8c7ba6e8e7ba11541b464be2d464ddfa95385d74507f226bbbaaa2d,V38,original microdata,Q8a Just or unjust - that people with higher incomes can buy better health care?,"{""1.0"": ""Very just, definitely right"", ""2.0"": ""Somewhat just, right"", ""3.0"": ""Neither just nor unjust, mixed feelings"", ""4.0"": ""Somewhat unjust, wrong"", ""5.0"": ""Very unjust, definitely wrong"", ""8.0"": ""Cant choose"", ""9.0"": ""NA""}","[1, 2, 4, 5, 3]","{""Fair"": [1, 2], ""Unfair"": [4, 5], ""Mixed feelings"": [3], ""Don't know"": [8], ""No answer"": [9]}",Fair,7.464981406790892,WEIGHT,None,Replicated source item and national wording/scale checked; geography differs in 2019,Policy,percent
ISSP,2009,buy_education,Is it fair that richer people can buy better education for their children?,ordinal,ZA5400_v4-0-0.sav,ff5bd2c5c8c7ba6e8e7ba11541b464be2d464ddfa95385d74507f226bbbaaa2d,V39,original microdata,Q8b Just or unjust - that people with higher incomes can buy better education for children?,"{""1.0"": ""Very just, definitely right"", ""2.0"": ""Somewhat just, right"", ""3.0"": ""Neither just nor unjust, mixed feelings"", ""4.0"": ""Somewhat unjust, wrong"", ""5.0"": ""Very unjust, definitely wrong"", ""8.0"": ""Cant choose"", ""9.0"": ""NA""}","[1, 2, 4, 5, 3]","{""Fair"": [1, 2], ""Unfair"": [4, 5], ""Mixed feelings"": [3], ""Don't know"": [8], ""No answer"": [9]}",Fair,7.008493041440065,WEIGHT,None,Replicated source item and national wording/scale checked; geography differs in 2019,Policy,percent
ISSP,2009,society_actual,Which diagram best describes the shape of Ukrainian society?,nominal,ZA5400_v4-0-0.sav,ff5bd2c5c8c7ba6e8e7ba11541b464be2d464ddfa95385d74507f226bbbaaa2d,V54,original microdata,Q14a Type of society: What type of society is [Rs country] today - which diagram comes closest?,"{""1.0"": ""Type A"", ""2.0"": ""Type B"", ""3.0"": ""Type C"", ""4.0"": ""Type D"", ""5.0"": ""Type E"", ""8.0"": ""Cant choose"", ""9.0"": ""NA""}","[1, 2, 3, 4, 5]","{""A: Elite over a large bottom"": [1], ""B: Pyramid"": [2], ""C: Pyramid with few at bottom"": [3], ""D: Most people in the middle"": [4], ""E: Many near top, few at bottom"": [5], ""Don't know"": [8], ""No answer"": [9]}","Type D: most people in the middle (named preference, not a pro-market score)",8.720830520354282,WEIGHT,None,Replicated source item and national wording/scale checked; geography differs in 2019,Related,percent
ISSP,2009,society_ideal,Which shape of society would you prefer for Ukraine?,nominal,ZA5400_v4-0-0.sav,ff5bd2c5c8c7ba6e8e7ba11541b464be2d464ddfa95385d74507f226bbbaaa2d,V55,original microdata,Q14b Type of society: What do you think [Rs country] ought to be like - which would you prefer?,"{""1.0"": ""Type A"", ""2.0"": ""Type B"", ""3.0"": ""Type C"", ""4.0"": ""Type D"", ""5.0"": ""Type E"", ""8.0"": ""Cant choose"", ""9.0"": ""NA""}","[1, 2, 3, 4, 5]","{""A: Elite over a large bottom"": [1], ""B: Pyramid"": [2], ""C: Pyramid with few at bottom"": [3], ""D: Most people in the middle"": [4], ""E: Many near top, few at bottom"": [5], ""Don't know"": [8], ""No answer"": [9]}","Type D: most people in the middle (named preference, not a pro-market score)",10.13766235115835,WEIGHT,None,Replicated source item and national wording/scale checked; geography differs in 2019,Policy,percent
ISSP,2009,ahead_wealth,Importance for getting ahead: coming from a wealthy family?,ordinal,ZA5400_v4-0-0.sav,ff5bd2c5c8c7ba6e8e7ba11541b464be2d464ddfa95385d74507f226bbbaaa2d,V6,original microdata,Q1a Getting ahead: How important is coming from a wealthy family?,"{""1.0"": ""Essential"", ""2.0"": ""Very important"", ""3.0"": ""Fairly important"", ""4.0"": ""Not very important"", ""5.0"": ""Not important at all"", ""8.0"": ""Cant choose"", ""9.0"": ""NA""}","[1, 2, 4, 5, 3]","{""Essential / very important"": [1, 2], ""Not very / not at all important"": [4, 5], ""Important"": [3], ""Don't know"": [8], ""No answer"": [9]}",Essential / very important,4.118637368708741,WEIGHT,None,Replicated source item and national wording/scale checked; geography differs in 2019,Related,percent
ISSP,2009,ahead_parents,Importance for getting ahead: having well-educated parents?,ordinal,ZA5400_v4-0-0.sav,ff5bd2c5c8c7ba6e8e7ba11541b464be2d464ddfa95385d74507f226bbbaaa2d,V7,original microdata,Q1b Getting ahead: How important is having well-educated parents?,"{""1.0"": ""Essential"", ""2.0"": ""Very important"", ""3.0"": ""Fairly important"", ""4.0"": ""Not very important"", ""5.0"": ""Not important at all"", ""8.0"": ""Cant choose"", ""9.0"": ""NA""}","[1, 2, 4, 5, 3]","{""Essential / very important"": [1, 2], ""Not very / not at all important"": [4, 5], ""Important"": [3], ""Don't know"": [8], ""No answer"": [9]}",Essential / very important,2.7625996047093313,WEIGHT,None,Replicated source item and national wording/scale checked; geography differs in 2019,Related,percent
ISSP,2009,ahead_education,Importance for getting ahead: having a good education?,ordinal,ZA5400_v4-0-0.sav,ff5bd2c5c8c7ba6e8e7ba11541b464be2d464ddfa95385d74507f226bbbaaa2d,V8,original microdata,Q1c Getting ahead: How important is having a good education yourself?,"{""1.0"": ""Essential"", ""2.0"": ""Very important"", ""3.0"": ""Fairly important"", ""4.0"": ""Not very important"", ""5.0"": ""Not important at all"", ""8.0"": ""Cant choose"", ""9.0"": ""NA""}","[1, 2, 4, 5, 3]","{""Essential / very important"": [1, 2], ""Not very / not at all important"": [4, 5], ""Important"": [3], ""Don't know"": [8], ""No answer"": [9]}",Essential / very important,2.1272524440259577,WEIGHT,None,Replicated source item and national wording/scale checked; geography differs in 2019,Related,percent
ISSP,2009,ahead_ambition,Importance for getting ahead: having ambition?,ordinal,ZA5400_v4-0-0.sav,ff5bd2c5c8c7ba6e8e7ba11541b464be2d464ddfa95385d74507f226bbbaaa2d,V9,original microdata,Q1d Getting ahead: How Important is having ambition?,"{""1.0"": ""Essential"", ""2.0"": ""Very important"", ""3.0"": ""Fairly important"", ""4.0"": ""Not very important"", ""5.0"": ""Not important at all"", ""8.0"": ""Cant choose"", ""9.0"": ""NA""}","[1, 2, 4, 5, 3]","{""Essential / very important"": [1, 2], ""Not very / not at all important"": [4, 5], ""Important"": [3], ""Don't know"": [8], ""No answer"": [9]}",Essential / very important,7.5548977306516445,WEIGHT,None,Replicated source item and national wording/scale checked; geography differs in 2019,Related,percent
ISSP,2009,ahead_work,Importance for getting ahead: hard work?,ordinal,ZA5400_v4-0-0.sav,ff5bd2c5c8c7ba6e8e7ba11541b464be2d464ddfa95385d74507f226bbbaaa2d,V10,original microdata,Q1e Getting ahead: How important is hard work?,"{""1.0"": ""Essential"", ""2.0"": ""Very important"", ""3.0"": ""Fairly important"", ""4.0"": ""Not very important"", ""5.0"": ""Not important at all"", ""8.0"": ""Cant choose"", ""9.0"": ""NA""}","[1, 2, 4, 5, 3]","{""Essential / very important"": [1, 2], ""Not very / not at all important"": [4, 5], ""Important"": [3], ""Don't know"": [8], ""No answer"": [9]}",Essential / very important,3.4283718852762393,WEIGHT,None,Replicated source item and national wording/scale checked; geography differs in 2019,Related,percent
ISSP,2009,ahead_connections,Importance for getting ahead: knowing the right people?,ordinal,ZA5400_v4-0-0.sav,ff5bd2c5c8c7ba6e8e7ba11541b464be2d464ddfa95385d74507f226bbbaaa2d,V11,original microdata,Q1f Getting ahead: How important is knowing the right people?,"{""1.0"": ""Essential"", ""2.0"": ""Very important"", ""3.0"": ""Fairly important"", ""4.0"": ""Not very important"", ""5.0"": ""Not important at all"", ""8.0"": ""Cant choose"", ""9.0"": ""NA""}","[1, 2, 4, 5, 3]","{""Essential / very important"": [1, 2], ""Not very / not at all important"": [4, 5], ""Important"": [3], ""Don't know"": [8], ""No answer"": [9]}",Essential / very important,4.509558651334303,WEIGHT,None,Replicated source item and national wording/scale checked; geography differs in 2019,Related,percent
ISSP,2009,ahead_political,Importance for getting ahead: political connections?,ordinal,ZA5400_v4-0-0.sav,ff5bd2c5c8c7ba6e8e7ba11541b464be2d464ddfa95385d74507f226bbbaaa2d,V12,original microdata,Q1g Getting ahead: How important is having political connections?,"{""1.0"": ""Essential"", ""2.0"": ""Very important"", ""3.0"": ""Fairly important"", ""4.0"": ""Not very important"", ""5.0"": ""Not important at all"", ""8.0"": ""Cant choose"", ""9.0"": ""NA""}","[1, 2, 4, 5, 3]","{""Essential / very important"": [1, 2], ""Not very / not at all important"": [4, 5], ""Important"": [3], ""Don't know"": [8], ""No answer"": [9]}",Essential / very important,14.429225719454058,WEIGHT,None,Replicated source item and national wording/scale checked; geography differs in 2019,Related,percent
ISSP,2009,ahead_bribes,Importance for getting ahead: giving bribes?,ordinal,ZA5400_v4-0-0.sav,ff5bd2c5c8c7ba6e8e7ba11541b464be2d464ddfa95385d74507f226bbbaaa2d,V13,original microdata,Q1h Getting ahead: How important is giving bribes?,"{""1.0"": ""Essential"", ""2.0"": ""Very important"", ""3.0"": ""Fairly important"", ""4.0"": ""Not very important"", ""5.0"": ""Not important at all"", ""8.0"": ""Cant choose"", ""9.0"": ""NA""}","[1, 2, 4, 5, 3]","{""Essential / very important"": [1, 2], ""Not very / not at all important"": [4, 5], ""Important"": [3], ""Don't know"": [8], ""No answer"": [9]}",Essential / very important,18.769260544175047,WEIGHT,None,Replicated source item and national wording/scale checked; geography differs in 2019,Related,percent
ISSP,2009,ahead_race,Importance for getting ahead: ethnic background (nationality)?,ordinal,ZA5400_v4-0-0.sav,ff5bd2c5c8c7ba6e8e7ba11541b464be2d464ddfa95385d74507f226bbbaaa2d,V14,original microdata,Q1i Getting ahead: How important is a person's race?,"{""1.0"": ""Essential"", ""2.0"": ""Very important"", ""3.0"": ""Fairly important"", ""4.0"": ""Not very important"", ""5.0"": ""Not important at all"", ""8.0"": ""Cant choose"", ""9.0"": ""NA""}","[1, 2, 4, 5, 3]","{""Essential / very important"": [1, 2], ""Not very / not at all important"": [4, 5], ""Important"": [3], ""Don't know"": [8], ""No answer"": [9]}",Essential / very important,6.300128367091884,WEIGHT,None,Replicated source item and national wording/scale checked; geography differs in 2019,Related,percent
ISSP,2009,ahead_religion,Importance for getting ahead: a person’s religion?,ordinal,ZA5400_v4-0-0.sav,ff5bd2c5c8c7ba6e8e7ba11541b464be2d464ddfa95385d74507f226bbbaaa2d,V15,original microdata,Q1j Getting ahead: How important is a person's religion?,"{""1.0"": ""Essential"", ""2.0"": ""Very important"", ""3.0"": ""Fairly important"", ""4.0"": ""Not very important"", ""5.0"": ""Not important at all"", ""8.0"": ""Cant choose"", ""9.0"": ""NA""}","[1, 2, 4, 5, 3]","{""Essential / very important"": [1, 2], ""Not very / not at all important"": [4, 5], ""Important"": [3], ""Don't know"": [8], ""No answer"": [9]}",Essential / very important,6.056630964186295,WEIGHT,None,Replicated source item and national wording/scale checked; geography differs in 2019,Related,percent
ISSP,2009,ahead_gender,Importance for getting ahead: being born a man or woman?,ordinal,ZA5400_v4-0-0.sav,ff5bd2c5c8c7ba6e8e7ba11541b464be2d464ddfa95385d74507f226bbbaaa2d,V16,original microdata,Q1k Getting ahead: How important is being born a man or a woman?,"{""1.0"": ""Essential"", ""2.0"": ""Very important"", ""3.0"": ""Fairly important"", ""4.0"": ""Not very important"", ""5.0"": ""Not important at all"", ""8.0"": ""Cant choose"", ""9.0"": ""NA""}","[1, 2, 4, 5, 3]","{""Essential / very important"": [1, 2], ""Not very / not at all important"": [4, 5], ""Important"": [3], ""Don't know"": [8], ""No answer"": [9]}",Essential / very important,7.045079318898974,WEIGHT,None,Replicated source item and national wording/scale checked; geography differs in 2019,Related,percent
ISSP,2009,pay_responsibility,What should determine pay: job responsibility?,ordinal,ZA5400_v4-0-0.sav,ff5bd2c5c8c7ba6e8e7ba11541b464be2d464ddfa95385d74507f226bbbaaa2d,V47,original microdata,Q12a Important for pay: How much responsibility goes with the job?,"{""1.0"": ""Essential"", ""2.0"": ""Very important"", ""3.0"": ""Fairly important"", ""4.0"": ""Not very important"", ""5.0"": ""Not important at all"", ""8.0"": ""Cant choose"", ""9.0"": ""NA""}","[1, 2, 4, 5, 3]","{""Essential / very important"": [1, 2], ""Not very / not at all important"": [4, 5], ""Important"": [3], ""Don't know"": [8], ""No answer"": [9]}",Essential / very important,1.708826856139001,WEIGHT,None,Replicated source item and national wording/scale checked; geography differs in 2019,Policy,percent
ISSP,2009,pay_education,What should determine pay: education and training?,ordinal,ZA5400_v4-0-0.sav,ff5bd2c5c8c7ba6e8e7ba11541b464be2d464ddfa95385d74507f226bbbaaa2d,V48,original microdata,Q12b Important for pay: the number of years spent in education and training?,"{""1.0"": ""Essential"", ""2.0"": ""Very important"", ""3.0"": ""Fairly important"", ""4.0"": ""Not very important"", ""5.0"": ""Not important at all"", ""8.0"": ""Cant choose"", ""9.0"": ""NA""}","[1, 2, 4, 5, 3]","{""Essential / very important"": [1, 2], ""Not very / not at all important"": [4, 5], ""Important"": [3], ""Don't know"": [8], ""No answer"": [9]}",Essential / very important,1.5785348189219162,WEIGHT,None,Replicated source item and national wording/scale checked; geography differs in 2019,Policy,percent
ISSP,2009,pay_family,What should determine pay: what is needed to support a family?,ordinal,ZA5400_v4-0-0.sav,ff5bd2c5c8c7ba6e8e7ba11541b464be2d464ddfa95385d74507f226bbbaaa2d,V49,original microdata,Q12c Important for pay: what is needed to support a family?,"{""1.0"": ""Essential"", ""2.0"": ""Very important"", ""3.0"": ""Fairly important"", ""4.0"": ""Not very important"", ""5.0"": ""Not important at all"", ""8.0"": ""Cant choose"", ""9.0"": ""NA""}","[1, 2, 4, 5, 3]","{""Essential / very important"": [1, 2], ""Not very / not at all important"": [4, 5], ""Important"": [3], ""Don't know"": [8], ""No answer"": [9]}",Essential / very important,3.8247923587751482,WEIGHT,None,Replicated source item and national wording/scale checked; geography differs in 2019,Policy,percent
ISSP,2009,pay_children,What should determine pay: children to support?,ordinal,ZA5400_v4-0-0.sav,ff5bd2c5c8c7ba6e8e7ba11541b464be2d464ddfa95385d74507f226bbbaaa2d,V50,original microdata,Q12d Important for pay: whether the person has children to support?,"{""1.0"": ""Essential"", ""2.0"": ""Very important"", ""3.0"": ""Fairly important"", ""4.0"": ""Not very important"", ""5.0"": ""Not important at all"", ""8.0"": ""Cant choose"", ""9.0"": ""NA""}","[1, 2, 4, 5, 3]","{""Essential / very important"": [1, 2], ""Not very / not at all important"": [4, 5], ""Important"": [3], ""Don't know"": [8], ""No answer"": [9]}",Essential / very important,4.435261678420661,WEIGHT,None,Replicated source item and national wording/scale checked; geography differs in 2019,Policy,percent
ISSP,2009,pay_performance,What should determine pay: how well the job is done?,ordinal,ZA5400_v4-0-0.sav,ff5bd2c5c8c7ba6e8e7ba11541b464be2d464ddfa95385d74507f226bbbaaa2d,V51,original microdata,Q12e Important for pay: how well he or she does the job?,"{""0.0"": ""NAV (PT)"", ""1.0"": ""Essential"", ""2.0"": ""Very important"", ""3.0"": ""Fairly important"", ""4.0"": ""Not very important"", ""5.0"": ""Not important at all"", ""8.0"": ""Cant choose"", ""9.0"": ""NA""}","[1, 2, 4, 5, 3]","{""Essential / very important"": [1, 2], ""Not very / not at all important"": [4, 5], ""Important"": [3], ""Don't know"": [8], ""No answer"": [9]}",Essential / very important,1.2066188171753196,WEIGHT,None,Replicated source item and national wording/scale checked; geography differs in 2019,Policy,percent
ISSP,2009,pay_effort,What should determine pay: how hard the person works?,ordinal,ZA5400_v4-0-0.sav,ff5bd2c5c8c7ba6e8e7ba11541b464be2d464ddfa95385d74507f226bbbaaa2d,V52,original microdata,Q12f Important for pay: How hard he or she works at the job?,"{""1.0"": ""Essential"", ""2.0"": ""Very important"", ""3.0"": ""Fairly important"", ""4.0"": ""Not very important"", ""5.0"": ""Not important at all"", ""8.0"": ""Cant choose"", ""9.0"": ""NA""}","[1, 2, 4, 5, 3]","{""Essential / very important"": [1, 2], ""Not very / not at all important"": [4, 5], ""Important"": [3], ""Don't know"": [8], ""No answer"": [9]}",Essential / very important,1.8142304305488062,WEIGHT,None,Replicated source item and national wording/scale checked; geography differs in 2019,Policy,percent
ISSP,2009,conflict_rich_poor,How much conflict is there between rich and poor?,ordinal,ZA5400_v4-0-0.sav,ff5bd2c5c8c7ba6e8e7ba11541b464be2d464ddfa95385d74507f226bbbaaa2d,V40,original microdata,Q9a Conflicts: between poor people and rich people?,"{""1.0"": ""Very strong conflicts"", ""2.0"": ""Strong conflicts"", ""3.0"": ""Not very strong conflicts"", ""4.0"": ""There are no conflicts"", ""8.0"": ""Cant choose"", ""9.0"": ""NA""}","[1, 2, 3, 4]","{""Strong conflicts"": [1, 2], ""Weak / no conflicts"": [3, 4], ""Don't know"": [8], ""No answer"": [9]}",Strong conflicts,11.782675333325491,WEIGHT,None,Replicated source item and national wording/scale checked; geography differs in 2019,Related,percent
ISSP,2009,conflict_class,How much conflict is there between working and middle classes?,ordinal,ZA5400_v4-0-0.sav,ff5bd2c5c8c7ba6e8e7ba11541b464be2d464ddfa95385d74507f226bbbaaa2d,V41,original microdata,Q9b Conflicts: between the working class and the middle class?,"{""0.0"": ""NAV (JP)"", ""1.0"": ""Very strong conflicts"", ""2.0"": ""Strong conflicts"", ""3.0"": ""Not very strong conflicts"", ""4.0"": ""There are no conflicts"", ""8.0"": ""Cant choose"", ""9.0"": ""NA""}","[1, 2, 3, 4]","{""Strong conflicts"": [1, 2], ""Weak / no conflicts"": [3, 4], ""Don't know"": [8], ""No answer"": [9]}",Strong conflicts,11.732166613970898,WEIGHT,None,Replicated source item and national wording/scale checked; geography differs in 2019,Related,percent
ISSP,2009,conflict_management,How much conflict is there between management and workers?,ordinal,ZA5400_v4-0-0.sav,ff5bd2c5c8c7ba6e8e7ba11541b464be2d464ddfa95385d74507f226bbbaaa2d,V42,original microdata,Q9c Conflicts: between management and workers?,"{""1.0"": ""Very strong conflicts"", ""2.0"": ""Strong conflicts"", ""3.0"": ""Not very strong conflicts"", ""4.0"": ""There are no conflicts"", ""8.0"": ""Cant choose"", ""9.0"": ""NA""}","[1, 2, 3, 4]","{""Strong conflicts"": [1, 2], ""Weak / no conflicts"": [3, 4], ""Don't know"": [8], ""No answer"": [9]}",Strong conflicts,14.037060595870045,WEIGHT,None,Replicated source item and national wording/scale checked; geography differs in 2019,Related,percent
ISSP,2009,conflict_top_bottom,How much conflict is there between top and bottom of society?,ordinal,ZA5400_v4-0-0.sav,ff5bd2c5c8c7ba6e8e7ba11541b464be2d464ddfa95385d74507f226bbbaaa2d,V43,original microdata,Q9d Conflicts: between people at the top of society and people at the bottom?,"{""1.0"": ""Very strong conflicts"", ""2.0"": ""Strong conflicts"", ""3.0"": ""Not very strong conflicts"", ""4.0"": ""There are no conflicts"", ""8.0"": ""Cant choose"", ""9.0"": ""NA""}","[1, 2, 3, 4]","{""Strong conflicts"": [1, 2], ""Weak / no conflicts"": [3, 4], ""Don't know"": [8], ""No answer"": [9]}",Strong conflicts,13.875577770277786,WEIGHT,None,Replicated source item and national wording/scale checked; geography differs in 2019,Related,percent
ISSP,2009,earn_actual_doctor,How much does a doctor earn per month after taxes?,numeric,ZA5400_v4-0-0.sav,ff5bd2c5c8c7ba6e8e7ba11541b464be2d464ddfa95385d74507f226bbbaaa2d,V22,original microdata,Q4a Actually earn: About how much do you think a doctor in general practice earns?,"{""-99.0"": ""NA"", ""-98.0"": ""DK"", ""-97.0"": ""Refused"", ""99999995.0"": ""TW: 99999995 or more""}",Nonnegative reported UAH; negative special codes excluded,"{""Mean"": []}",,33.576987168479334,WEIGHT,None,Replicated source item and national wording/scale checked; geography differs in 2019; nominal monthly UAH after tax in both waves; inflation prevents interpreting growth as a change in preferred real pay,Related,"UAH per month after tax, nominal"
ISSP,2009,earn_ideal_doctor,How much should a doctor earn per month after taxes?,numeric,ZA5400_v4-0-0.sav,ff5bd2c5c8c7ba6e8e7ba11541b464be2d464ddfa95385d74507f226bbbaaa2d,V27,original microdata,Q5a Should earn: About how much do you think a doctor in general practice should earn?,"{""-99.0"": ""NA"", ""-98.0"": ""DK"", ""-97.0"": ""Refused"", ""99999995.0"": ""99999995 or more""}",Nonnegative reported UAH; negative special codes excluded,"{""Mean"": []}",,21.43134156753274,WEIGHT,None,Replicated source item and national wording/scale checked; geography differs in 2019; nominal monthly UAH after tax in both waves; inflation prevents interpreting growth as a change in preferred real pay,Policy,"UAH per month after tax, nominal"
ISSP,2009,earn_actual_chairman,How much does a corporate chairman earn per month after taxes?,numeric,ZA5400_v4-0-0.sav,ff5bd2c5c8c7ba6e8e7ba11541b464be2d464ddfa95385d74507f226bbbaaa2d,V23,original microdata,Q4b Actually earn: How much do you think a chairman of a large national corporation earns?,"{""-99.0"": ""NA"", ""-98.0"": ""DK"", ""-97.0"": ""Refused"", ""99999995.0"": ""TW: 99999995 or more"", ""999999999996.0"": ""KR: One trillion KRW or more""}",Nonnegative reported UAH; negative special codes excluded,"{""Mean"": []}",,50.125903653007505,WEIGHT,None,Replicated source item and national wording/scale checked; geography differs in 2019; nominal monthly UAH after tax in both waves; inflation prevents interpreting growth as a change in preferred real pay,Related,"UAH per month after tax, nominal"
ISSP,2009,earn_ideal_chairman,How much should a corporate chairman earn per month after taxes?,numeric,ZA5400_v4-0-0.sav,ff5bd2c5c8c7ba6e8e7ba11541b464be2d464ddfa95385d74507f226bbbaaa2d,V28,original microdata,Q5b Should earn: How much do you think a chairman of a large national company should earn?,"{""-99.0"": ""NA"", ""-98.0"": ""DK"", ""-97.0"": ""Refused"", ""99999995.0"": ""TW: 99999995 or more""}",Nonnegative reported UAH; negative special codes excluded,"{""Mean"": []}",,40.99437194290356,WEIGHT,None,Replicated source item and national wording/scale checked; geography differs in 2019; nominal monthly UAH after tax in both waves; inflation prevents interpreting growth as a change in preferred real pay,Policy,"UAH per month after tax, nominal"
ISSP,2009,earn_actual_shop,How much does a shop assistant earn per month after taxes?,numeric,ZA5400_v4-0-0.sav,ff5bd2c5c8c7ba6e8e7ba11541b464be2d464ddfa95385d74507f226bbbaaa2d,V24,original microdata,Q4c Actually earn: How much do you think a shop assistant earns?,"{""-99.0"": ""NA"", ""-98.0"": ""DK"", ""-97.0"": ""Refused"", ""99999995.0"": ""99999995 or more""}",Nonnegative reported UAH; negative special codes excluded,"{""Mean"": []}",,26.666724484228155,WEIGHT,None,Replicated source item and national wording/scale checked; geography differs in 2019; nominal monthly UAH after tax in both waves; inflation prevents interpreting growth as a change in preferred real pay,Related,"UAH per month after tax, nominal"
ISSP,2009,earn_ideal_shop,How much should a shop assistant earn per month after taxes?,numeric,ZA5400_v4-0-0.sav,ff5bd2c5c8c7ba6e8e7ba11541b464be2d464ddfa95385d74507f226bbbaaa2d,V29,original microdata,Q5c Should earn: How much do you think a shop assistant should earn?,"{""-99.0"": ""NA"", ""-98.0"": ""DK"", ""-97.0"": ""Refused"", ""99999995.0"": ""99999995 or more""}",Nonnegative reported UAH; negative special codes excluded,"{""Mean"": []}",,19.764342048015386,WEIGHT,None,Replicated source item and national wording/scale checked; geography differs in 2019; nominal monthly UAH after tax in both waves; inflation prevents interpreting growth as a change in preferred real pay,Policy,"UAH per month after tax, nominal"
ISSP,2009,earn_actual_worker,How much does an unskilled factory worker earn per month after taxes?,numeric,ZA5400_v4-0-0.sav,ff5bd2c5c8c7ba6e8e7ba11541b464be2d464ddfa95385d74507f226bbbaaa2d,V25,original microdata,Q4d Actually earn: How much do you think an unskilled worker in a factory earns?,"{""-99.0"": ""NA"", ""-98.0"": ""DK"", ""-97.0"": ""Refused"", ""99999995.0"": ""99999995 or more""}",Nonnegative reported UAH; negative special codes excluded,"{""Mean"": []}",,28.306467501665868,WEIGHT,None,Replicated source item and national wording/scale checked; geography differs in 2019; nominal monthly UAH after tax in both waves; inflation prevents interpreting growth as a change in preferred real pay,Related,"UAH per month after tax, nominal"
ISSP,2009,earn_ideal_worker,How much should an unskilled factory worker earn per month after taxes?,numeric,ZA5400_v4-0-0.sav,ff5bd2c5c8c7ba6e8e7ba11541b464be2d464ddfa95385d74507f226bbbaaa2d,V30,original microdata,Q5d Should earn: How much do you think an unskilled worker in a factory should earn?,"{""-99.0"": ""NA"", ""-98.0"": ""DK"", ""-97.0"": ""Refused"", ""99999995.0"": ""99999995 or more""}",Nonnegative reported UAH; negative special codes excluded,"{""Mean"": []}",,19.732909981806397,WEIGHT,None,Replicated source item and national wording/scale checked; geography differs in 2019; nominal monthly UAH after tax in both waves; inflation prevents interpreting growth as a change in preferred real pay,Policy,"UAH per month after tax, nominal"
ISSP,2009,earn_actual_minister,How much does a cabinet minister earn per month after taxes?,numeric,ZA5400_v4-0-0.sav,ff5bd2c5c8c7ba6e8e7ba11541b464be2d464ddfa95385d74507f226bbbaaa2d,V26,original microdata,Q4e Actually earn: How much do you think a cabinet minister in the [national] government earns?,"{""-99.0"": ""NA"", ""-98.0"": ""DK"", ""-97.0"": ""Refused"", ""99999995.0"": ""99999995 or more""}",Nonnegative reported UAH; negative special codes excluded,"{""Mean"": []}",,38.01714354274149,WEIGHT,None,Replicated source item and national wording/scale checked; geography differs in 2019; nominal monthly UAH after tax in both waves; inflation prevents interpreting growth as a change in preferred real pay,Related,"UAH per month after tax, nominal"
ISSP,2009,earn_ideal_minister,How much should a cabinet minister earn per month after taxes?,numeric,ZA5400_v4-0-0.sav,ff5bd2c5c8c7ba6e8e7ba11541b464be2d464ddfa95385d74507f226bbbaaa2d,V31,original microdata,Q5e Should earn: How much do you think a cabinet minister in the [national] government should earn?,"{""-99.0"": ""NA"", ""-98.0"": ""DK"", ""-97.0"": ""Refused"", ""99999995.0"": ""99999995 or more""}",Nonnegative reported UAH; negative special codes excluded,"{""Mean"": []}",,25.86596085728325,WEIGHT,None,Replicated source item and national wording/scale checked; geography differs in 2019; nominal monthly UAH after tax in both waves; inflation prevents interpreting growth as a change in preferred real pay,Policy,"UAH per month after tax, nominal"
ISSP,2019,income_gap,Income differences are too large?,ordinal,ZA7810_v1-0-0.sav,694abfea6f4a06ec211c0e24428d0bce0acc0f3eff4453f98f44c99641d2bb43,v21,original microdata,Q4a. Differences in income in Ukraine are too large.,"{""-9.0"": ""No answer"", ""-8.0"": ""Can't choose"", ""1.0"": ""Strongly agree"", ""2.0"": ""Agree"", ""3.0"": ""Neither agree nor disagree"", ""4.0"": ""Disagree"", ""5.0"": ""Strongly disagree""}","[1, 2, 4, 5, 3]","{""Agree"": [1, 2], ""Disagree"": [4, 5], ""Neither agree nor disagree"": [3], ""Don't know"": [-8], ""No answer"": [-9]}",Agree,1.4828284888721326,WEIGHT,None,Replicated source item and national wording/scale checked; geography differs in 2019,Related,percent
ISSP,2019,redistribution,Government should reduce income differences?,ordinal,ZA7810_v1-0-0.sav,694abfea6f4a06ec211c0e24428d0bce0acc0f3eff4453f98f44c99641d2bb43,v22,original microdata,Q4b. It is the responsibility of the government to reduce the differences in income between people with high and low incomes.,"{""-9.0"": ""No answer"", ""-8.0"": ""Can't choose"", ""1.0"": ""Strongly agree"", ""2.0"": ""Agree"", ""3.0"": ""Neither agree nor disagree"", ""4.0"": ""Disagree"", ""5.0"": ""Strongly disagree""}","[1, 2, 4, 5, 3]","{""Agree"": [1, 2], ""Disagree"": [4, 5], ""Neither agree nor disagree"": [3], ""Don't know"": [-8], ""No answer"": [-9]}",Agree,2.749233981941657,WEIGHT,None,Replicated source item and national wording/scale checked; geography differs in 2019,Policy,percent
ISSP,2019,unemployed_living,Government should provide a decent living for unemployed people?,ordinal,ZA7810_v1-0-0.sav,694abfea6f4a06ec211c0e24428d0bce0acc0f3eff4453f98f44c99641d2bb43,v23,original microdata,Q4c. The government should provide a decent standard of living for the unemployed.,"{""-9.0"": ""No answer"", ""-8.0"": ""Can't choose"", ""1.0"": ""Strongly agree"", ""2.0"": ""Agree"", ""3.0"": ""Neither agree nor disagree"", ""4.0"": ""Disagree"", ""5.0"": ""Strongly disagree""}","[1, 2, 4, 5, 3]","{""Agree"": [1, 2], ""Disagree"": [4, 5], ""Neither agree nor disagree"": [3], ""Don't know"": [-8], ""No answer"": [-9]}",Agree,2.5566370657670476,WEIGHT,None,Replicated source item and national wording/scale checked; geography differs in 2019,Policy,percent
ISSP,2019,company_pay_gap,Companies should reduce differences in employee pay?,ordinal,ZA7810_v1-0-0.sav,694abfea6f4a06ec211c0e24428d0bce0acc0f3eff4453f98f44c99641d2bb43,v24,original microdata,Q4d. It is the responsibility of private companies to reduce the differences in pay between their employees with high and low pay.,"{""-9.0"": ""No answer"", ""-8.0"": ""Can't choose"", ""1.0"": ""Strongly agree"", ""2.0"": ""Agree"", ""3.0"": ""Neither agree nor disagree"", ""4.0"": ""Disagree"", ""5.0"": ""Strongly disagree""}","[1, 2, 4, 5, 3]","{""Agree"": [1, 2], ""Disagree"": [4, 5], ""Neither agree nor disagree"": [3], ""Don't know"": [-8], ""No answer"": [-9]}",Agree,7.259366727284496,WEIGHT,None,Replicated source item and national wording/scale checked; geography differs in 2019,Policy,percent
ISSP,2019,politicians_indifferent,Politicians do not care about reducing income differences?,ordinal,ZA7810_v1-0-0.sav,694abfea6f4a06ec211c0e24428d0bce0acc0f3eff4453f98f44c99641d2bb43,v26,original microdata,Q6. Most politicians in Ukraine do not care about reducing the differences in income between people with high and low incomes.,"{""-9.0"": ""No answer"", ""-8.0"": ""Can't choose"", ""1.0"": ""Strongly agree"", ""2.0"": ""Agree"", ""3.0"": ""Neither agree nor disagree"", ""4.0"": ""Disagree"", ""5.0"": ""Strongly disagree""}","[1, 2, 4, 5, 3]","{""Agree"": [1, 2], ""Disagree"": [4, 5], ""Neither agree nor disagree"": [3], ""Don't know"": [-8], ""No answer"": [-9]}",Agree,3.741963522112942,WEIGHT,None,Replicated source item and national wording/scale checked; geography differs in 2019,Related,percent
ISSP,2019,global_gap,Economic differences between rich and poor countries are too large?,ordinal,ZA7810_v1-0-0.sav,694abfea6f4a06ec211c0e24428d0bce0acc0f3eff4453f98f44c99641d2bb43,v33,original microdata,Q11a. Present economic differences between rich and poor countries are too large.,"{""-9.0"": ""No answer"", ""-8.0"": ""Can't choose"", ""1.0"": ""Strongly agree"", ""2.0"": ""Agree"", ""3.0"": ""Neither agree nor disagree"", ""4.0"": ""Disagree"", ""5.0"": ""Strongly disagree""}","[1, 2, 4, 5, 3]","{""Agree"": [1, 2], ""Disagree"": [4, 5], ""Neither agree nor disagree"": [3], ""Don't know"": [-8], ""No answer"": [-9]}",Agree,2.348321423410619,WEIGHT,None,Replicated source item and national wording/scale checked; geography differs in 2019,Related,percent
ISSP,2019,aid_tax,People in wealthy countries should pay additional tax to help poorer countries?,ordinal,ZA7810_v1-0-0.sav,694abfea6f4a06ec211c0e24428d0bce0acc0f3eff4453f98f44c99641d2bb43,v34,original microdata,Q11b. People in wealthy countries should make an additional tax contribution to help people in poor countries.,"{""-9.0"": ""No answer"", ""-8.0"": ""Can't choose"", ""1.0"": ""Strongly agree"", ""2.0"": ""Agree"", ""3.0"": ""Neither agree nor disagree"", ""4.0"": ""Disagree"", ""5.0"": ""Strongly disagree""}","[1, 2, 4, 5, 3]","{""Agree"": [1, 2], ""Disagree"": [4, 5], ""Neither agree nor disagree"": [3], ""Don't know"": [-8], ""No answer"": [-9]}",Agree,8.3832357895815,WEIGHT,None,Replicated source item and national wording/scale checked; geography differs in 2019,Policy,percent
ISSP,2019,labour_migration,People from poor countries should be allowed to work in wealthy countries?,ordinal,ZA7810_v1-0-0.sav,694abfea6f4a06ec211c0e24428d0bce0acc0f3eff4453f98f44c99641d2bb43,v35,original microdata,Q11c. People from poor countries should be allowed to work in wealthy countries.,"{""-9.0"": ""No answer"", ""-8.0"": ""Can't choose"", ""1.0"": ""Strongly agree"", ""2.0"": ""Agree"", ""3.0"": ""Neither agree nor disagree"", ""4.0"": ""Disagree"", ""5.0"": ""Strongly disagree""}","[1, 2, 4, 5, 3]","{""Agree"": [1, 2], ""Disagree"": [4, 5], ""Neither agree nor disagree"": [3], ""Don't know"": [-8], ""No answer"": [-9]}",Agree,3.9961539272962434,WEIGHT,None,Replicated source item and national wording/scale checked; geography differs in 2019,Policy,percent
ISSP,2019,skill_premium,Workers need extra pay to acquire skills and qualifications?,ordinal,ZA7810_v1-0-0.sav,694abfea6f4a06ec211c0e24428d0bce0acc0f3eff4453f98f44c99641d2bb43,v62,original microdata,Q23a OPTIONAL Not extra qualification unless more pay,"{""-9.0"": ""No answer"", ""-8.0"": ""Can't choose"", ""-1.0"": ""Not available"", ""1.0"": ""Strongly agree"", ""2.0"": ""Agree"", ""3.0"": ""Neither agree nor disagree"", ""4.0"": ""Disagree"", ""5.0"": ""Strongly disagree""}","[1, 2, 4, 5, 3]","{""Agree"": [1, 2], ""Disagree"": [4, 5], ""Neither agree nor disagree"": [3], ""Don't know"": [-8], ""No answer"": [-9]}",Agree,5.435084944498812,WEIGHT,None,Replicated source item and national wording/scale checked; geography differs in 2019,Policy,percent
ISSP,2019,inequality_prosperity,Large income differences are necessary for prosperity?,ordinal,ZA7810_v1-0-0.sav,694abfea6f4a06ec211c0e24428d0bce0acc0f3eff4453f98f44c99641d2bb43,v63,original microdata,Q23b OPTIONAL Large income difference necessary for prosperity,"{""-9.0"": ""No answer"", ""-8.0"": ""Can't choose"", ""-1.0"": ""Not available"", ""1.0"": ""Strongly agree"", ""2.0"": ""Agree"", ""3.0"": ""Neither agree nor disagree"", ""4.0"": ""Disagree"", ""5.0"": ""Strongly disagree""}","[1, 2, 4, 5, 3]","{""Agree"": [1, 2], ""Disagree"": [4, 5], ""Neither agree nor disagree"": [3], ""Don't know"": [-8], ""No answer"": [-9]}",Agree,5.2857133197363515,WEIGHT,None,Replicated source item and national wording/scale checked; geography differs in 2019,Policy,percent
ISSP,2019,inequality_power,Inequality persists because it benefits the rich and powerful?,ordinal,ZA7810_v1-0-0.sav,694abfea6f4a06ec211c0e24428d0bce0acc0f3eff4453f98f44c99641d2bb43,v64,original microdata,Q23c OPTIONAL Inequality continues because it benefits the rich,"{""-9.0"": ""No answer"", ""-8.0"": ""Can't choose"", ""-1.0"": ""Not available"", ""1.0"": ""Strongly agree"", ""2.0"": ""Agree"", ""3.0"": ""Neither agree nor disagree"", ""4.0"": ""Disagree"", ""5.0"": ""Strongly disagree""}","[1, 2, 4, 5, 3]","{""Agree"": [1, 2], ""Disagree"": [4, 5], ""Neither agree nor disagree"": [3], ""Don't know"": [-8], ""No answer"": [-9]}",Agree,8.098647221815682,WEIGHT,None,Replicated source item and national wording/scale checked; geography differs in 2019,Related,percent
ISSP,2019,inequality_collective,Inequality persists because ordinary people do not unite against it?,ordinal,ZA7810_v1-0-0.sav,694abfea6f4a06ec211c0e24428d0bce0acc0f3eff4453f98f44c99641d2bb43,v65,original microdata,Q23d OPTIONAL Inequality continues because of lack of union,"{""-9.0"": ""No answer"", ""-8.0"": ""Can't choose"", ""-1.0"": ""Not available"", ""1.0"": ""Strongly agree"", ""2.0"": ""Agree"", ""3.0"": ""Neither agree nor disagree"", ""4.0"": ""Disagree"", ""5.0"": ""Strongly disagree""}","[1, 2, 4, 5, 3]","{""Agree"": [1, 2], ""Disagree"": [4, 5], ""Neither agree nor disagree"": [3], ""Don't know"": [-8], ""No answer"": [-9]}",Agree,9.484599596654927,WEIGHT,None,Replicated source item and national wording/scale checked; geography differs in 2019,Related,percent
ISSP,2019,tax_rich,"Should richer people pay higher, the same or lower taxes?",ordinal,ZA7810_v1-0-0.sav,694abfea6f4a06ec211c0e24428d0bce0acc0f3eff4453f98f44c99641d2bb43,v28,original microdata,Q8a. Tax: Do you think people with high incomes should pay a larger share of their income in taxes than those with low incomes?,"{""-9.0"": ""No answer"", ""-8.0"": ""Can't choose"", ""1.0"": ""Much larger share"", ""2.0"": ""Larger"", ""3.0"": ""The same share"", ""4.0"": ""Smaller"", ""5.0"": ""Much smaller share""}","[1, 2, 4, 5, 3]","{""Higher taxes"": [1, 2], ""Lower taxes"": [4, 5], ""The same taxes"": [3], ""Don't know"": [-8], ""No answer"": [-9]}",Higher taxes,3.9368898631807143,WEIGHT,None,"Replicated source item and national wording/scale checked; geography differs in 2019; Ukrainian questionnaires say higher taxes, omitting the source questionnaire’s share-of-income qualification",Policy,percent
ISSP,2019,tax_level,Are current taxes on high incomes too high or too low?,ordinal,ZA7810_v1-0-0.sav,694abfea6f4a06ec211c0e24428d0bce0acc0f3eff4453f98f44c99641d2bb43,v29,original microdata,"Q8b. Generally, how would you describe taxes in Ukraine today for those with high incomes?","{""-9.0"": ""No answer"", ""-8.0"": ""Can't choose"", ""1.0"": ""Much too high"", ""2.0"": ""Too high"", ""3.0"": ""About right"", ""4.0"": ""Too low"", ""5.0"": ""Much too low""}","[1, 2, 4, 5, 3]","{""Too high"": [1, 2], ""Too low"": [4, 5], ""About right"": [3], ""Don't know"": [-8], ""No answer"": [-9]}",Too high,19.481863053052557,WEIGHT,None,Replicated source item and national wording/scale checked; geography differs in 2019,Related,percent
ISSP,2019,buy_health,Is it fair that richer people can buy better healthcare?,ordinal,ZA7810_v1-0-0.sav,694abfea6f4a06ec211c0e24428d0bce0acc0f3eff4453f98f44c99641d2bb43,v30,original microdata,Q9a. Just or unjust that people with higher incomes can buy better health care than people with lower incomes?,"{""-9.0"": ""No answer"", ""-8.0"": ""Can't choose"", ""1.0"": ""Very just, definitely right"", ""2.0"": ""Somewhat just, right"", ""3.0"": ""Neither just nor unjust, mixed feelings"", ""4.0"": ""Somewhat unjust, wrong"", ""5.0"": ""Very unjust, definitely wrong""}","[1, 2, 4, 5, 3]","{""Fair"": [1, 2], ""Unfair"": [4, 5], ""Mixed feelings"": [3], ""Don't know"": [-8], ""No answer"": [-9]}",Fair,3.240204982722306,WEIGHT,None,Replicated source item and national wording/scale checked; geography differs in 2019,Policy,percent
ISSP,2019,buy_education,Is it fair that richer people can buy better education for their children?,ordinal,ZA7810_v1-0-0.sav,694abfea6f4a06ec211c0e24428d0bce0acc0f3eff4453f98f44c99641d2bb43,v31,original microdata,Q9b. Just or unjust that people with higher incomes can buy better education for children than people with lower incomes?,"{""-9.0"": ""No answer"", ""-8.0"": ""Can't choose"", ""1.0"": ""Very just, definitely right"", ""2.0"": ""Somewhat just, right"", ""3.0"": ""Neither just nor unjust, mixed feelings"", ""4.0"": ""Somewhat unjust, wrong"", ""5.0"": ""Very unjust, definitely wrong""}","[1, 2, 4, 5, 3]","{""Fair"": [1, 2], ""Unfair"": [4, 5], ""Mixed feelings"": [3], ""Don't know"": [-8], ""No answer"": [-9]}",Fair,3.05056168021702,WEIGHT,None,Replicated source item and national wording/scale checked; geography differs in 2019,Policy,percent
ISSP,2019,gov_success,Is government successful in reducing income differences?,ordinal,ZA7810_v1-0-0.sav,694abfea6f4a06ec211c0e24428d0bce0acc0f3eff4453f98f44c99641d2bb43,v27,original microdata,Q7. How successful is the government in Ukraine nowadays in reducing the differences in income between people with high and low incomes?,"{""-9.0"": ""No answer"", ""-8.0"": ""Can't choose"", ""1.0"": ""Very successful"", ""2.0"": ""Quite successful"", ""3.0"": ""Neither successful nor unsuccessful"", ""4.0"": ""Quite unsuccessful"", ""5.0"": ""Very unsuccessful""}","[1, 2, 4, 5, 3]","{""Successful"": [1, 2], ""Unsuccessful"": [4, 5], ""Neither"": [3], ""Don't know"": [-8], ""No answer"": [-9]}",Successful,20.72997392410855,WEIGHT,None,Replicated source item and national wording/scale checked; geography differs in 2019,Related,percent
ISSP,2019,income_fair,Is the income distribution in Ukraine fair?,ordinal,ZA7810_v1-0-0.sav,694abfea6f4a06ec211c0e24428d0bce0acc0f3eff4453f98f44c99641d2bb43,v50,original microdata,Q16. How fair or unfair do you think the income distribution is in Ukraine?,"{""-9.0"": ""NA"", ""-8.0"": ""Can't choose"", ""1.0"": ""Very fair"", ""2.0"": ""Fair"", ""3.0"": ""Unfair"", ""4.0"": ""Very unfair""}","[1, 2, 3, 4]","{""Fair"": [1, 2], ""Unfair"": [3, 4], ""Don't know"": [-8], ""No answer"": [-9]}",Fair,5.961026751728805,WEIGHT,None,Replicated source item and national wording/scale checked; geography differs in 2019,Related,percent
ISSP,2019,anger,How angry do differences in wealth between rich and poor make you?,numeric,ZA7810_v1-0-0.sav,694abfea6f4a06ec211c0e24428d0bce0acc0f3eff4453f98f44c99641d2bb43,v32,original microdata,Q10. Do you feel angry about differences in wealth between the rich and the poor?,"{""-9.0"": ""No answer"", ""-8.0"": ""Can't choose"", ""0.0"": ""Not angry at all"", ""1.0"": ""1"", ""2.0"": ""2"", ""3.0"": ""3"", ""4.0"": ""4"", ""5.0"": ""5"", ""6.0"": ""6"", ""7.0"": ""7"", ""8.0"": ""8"", ""9.0"": ""9"", ""10.0"": ""Extremely angry""}","[0, 1, 2, 3, 4, 5, 6, 7, 8, 9, 10]","{""Mean"": [0, 1, 2, 3, 4, 5, 6, 7, 8, 9, 10]}",6–10 (above the scale midpoint),2.3480601342147756,WEIGHT,None,Replicated source item and national wording/scale checked; geography differs in 2019,Related,0–10
ISSP,2019,responsibility,Who should have the greatest responsibility for reducing income differences?,nominal,ZA7810_v1-0-0.sav,694abfea6f4a06ec211c0e24428d0bce0acc0f3eff4453f98f44c99641d2bb43,v25,original microdata,Q5. Who has greatest responsibility for reducing differences in income between people with high and low incomes?,"{""-9.0"": ""No answer"", ""-8.0"": ""Cant choose"", ""1.0"": ""Private companies"", ""2.0"": ""Government"", ""3.0"": ""Trade unions"", ""4.0"": ""High-income individuals themselves"", ""5.0"": ""Low-income individuals themselves"", ""6.0"": ""Income differences do not need to be reduced""}","[1, 2, 3, 4, 5, 6]","{""Private companies"": [1], ""Government"": [2], ""Trade unions"": [3], ""High-income people"": [4], ""Low-income people"": [5], ""No reduction needed"": [6], ""Don't know"": [-8], ""No answer"": [-9]}",Government has greatest responsibility,7.194843632924824,WEIGHT,None,Replicated source item and national wording/scale checked; geography differs in 2019,Policy,percent
ISSP,2019,society_actual,Which diagram best describes the shape of Ukrainian society?,nominal,ZA7810_v1-0-0.sav,694abfea6f4a06ec211c0e24428d0bce0acc0f3eff4453f98f44c99641d2bb43,v48,original microdata,Q15a. Type of society: What type of society is Ukraine today - which diagram comes closest?,"{""-9.0"": ""NA"", ""-8.0"": ""Can't choose"", ""1.0"": ""A: Small elite at top, few people in middle, great mass at bottom"", ""2.0"": ""B: Pyramid with small elite at top, more people in middle, most at bottom"", ""3.0"": ""C: Pyramid except that just a few people are at the bottom."", ""4.0"": ""D: Society with most people in the middle"", ""5.0"": ""E: Many people near the top, and only a few near the bottom""}","[1, 2, 3, 4, 5]","{""A: Elite over a large bottom"": [1], ""B: Pyramid"": [2], ""C: Pyramid with few at bottom"": [3], ""D: Most people in the middle"": [4], ""E: Many near top, few at bottom"": [5], ""Don't know"": [-8], ""No answer"": [-9]}","Type D: most people in the middle (named preference, not a pro-market score)",18.288944932880487,WEIGHT,None,Replicated source item and national wording/scale checked; geography differs in 2019,Related,percent
ISSP,2019,society_ideal,Which shape of society would you prefer for Ukraine?,nominal,ZA7810_v1-0-0.sav,694abfea6f4a06ec211c0e24428d0bce0acc0f3eff4453f98f44c99641d2bb43,v49,original microdata,Q15b. Type of society: What do you think Ukraine ought to be like - which would you prefer?,"{""-9.0"": ""NA"", ""-8.0"": ""Can't choose"", ""1.0"": ""A: Small elite at top, few people in middle, great mass at bottom"", ""2.0"": ""B: Pyramid with small elite at top, more people in middle, most at bottom"", ""3.0"": ""C: Pyramid except that just a few people are at the bottom."", ""4.0"": ""D: Society with most people in the middle"", ""5.0"": ""E: Many people near the top, and only a few near the bottom""}","[1, 2, 3, 4, 5]","{""A: Elite over a large bottom"": [1], ""B: Pyramid"": [2], ""C: Pyramid with few at bottom"": [3], ""D: Most people in the middle"": [4], ""E: Many near top, few at bottom"": [5], ""Don't know"": [-8], ""No answer"": [-9]}","Type D: most people in the middle (named preference, not a pro-market score)",18.727507385784964,WEIGHT,None,Replicated source item and national wording/scale checked; geography differs in 2019,Policy,percent
ISSP,2019,ahead_wealth,Importance for getting ahead: coming from a wealthy family?,ordinal,ZA7810_v1-0-0.sav,694abfea6f4a06ec211c0e24428d0bce0acc0f3eff4453f98f44c99641d2bb43,v1,original microdata,Q1a. Getting ahead: How important is coming from a wealthy family?,"{""-9.0"": ""No answer"", ""-8.0"": ""Can't choose"", ""1.0"": ""Essential"", ""2.0"": ""Very important"", ""3.0"": ""Fairly important"", ""4.0"": ""Not very important"", ""5.0"": ""Not important at all""}","[1, 2, 4, 5, 3]","{""Essential / very important"": [1, 2], ""Not very / not at all important"": [4, 5], ""Important"": [3], ""Don't know"": [-8], ""No answer"": [-9]}",Essential / very important,3.3617116237838327,WEIGHT,None,Replicated source item and national wording/scale checked; geography differs in 2019,Related,percent
ISSP,2019,ahead_parents,Importance for getting ahead: having well-educated parents?,ordinal,ZA7810_v1-0-0.sav,694abfea6f4a06ec211c0e24428d0bce0acc0f3eff4453f98f44c99641d2bb43,v2,original microdata,Q1b. Getting ahead: How important is having well-educated parents?,"{""-9.0"": ""No answer"", ""-8.0"": ""Can't choose"", ""1.0"": ""Essential"", ""2.0"": ""Very important"", ""3.0"": ""Fairly important"", ""4.0"": ""Not very important"", ""5.0"": ""Not important at all""}","[1, 2, 4, 5, 3]","{""Essential / very important"": [1, 2], ""Not very / not at all important"": [4, 5], ""Important"": [3], ""Don't know"": [-8], ""No answer"": [-9]}",Essential / very important,2.07831549560697,WEIGHT,None,Replicated source item and national wording/scale checked; geography differs in 2019,Related,percent
ISSP,2019,ahead_education,Importance for getting ahead: having a good education?,ordinal,ZA7810_v1-0-0.sav,694abfea6f4a06ec211c0e24428d0bce0acc0f3eff4453f98f44c99641d2bb43,v3,original microdata,Q1c. Getting ahead: How important is having a good education yourself?,"{""-9.0"": ""No answer"", ""-8.0"": ""Can't choose"", ""1.0"": ""Essential"", ""2.0"": ""Very important"", ""3.0"": ""Fairly important"", ""4.0"": ""Not very important"", ""5.0"": ""Not important at all""}","[1, 2, 4, 5, 3]","{""Essential / very important"": [1, 2], ""Not very / not at all important"": [4, 5], ""Important"": [3], ""Don't know"": [-8], ""No answer"": [-9]}",Essential / very important,1.2608273015786289,WEIGHT,None,Replicated source item and national wording/scale checked; geography differs in 2019,Related,percent
ISSP,2019,ahead_work,Importance for getting ahead: hard work?,ordinal,ZA7810_v1-0-0.sav,694abfea6f4a06ec211c0e24428d0bce0acc0f3eff4453f98f44c99641d2bb43,v4,original microdata,Q1d. Getting ahead: How important is hard work?,"{""-9.0"": ""No answer"", ""-8.0"": ""Can't choose"", ""1.0"": ""Essential"", ""2.0"": ""Very important"", ""3.0"": ""Fairly important"", ""4.0"": ""Not very important"", ""5.0"": ""Not important at all""}","[1, 2, 4, 5, 3]","{""Essential / very important"": [1, 2], ""Not very / not at all important"": [4, 5], ""Important"": [3], ""Don't know"": [-8], ""No answer"": [-9]}",Essential / very important,2.8840572610790454,WEIGHT,None,Replicated source item and national wording/scale checked; geography differs in 2019,Related,percent
ISSP,2019,ahead_connections,Importance for getting ahead: knowing the right people?,ordinal,ZA7810_v1-0-0.sav,694abfea6f4a06ec211c0e24428d0bce0acc0f3eff4453f98f44c99641d2bb43,v5,original microdata,Q1e. Getting ahead: How important is knowing the right people?,"{""-9.0"": ""No answer"", ""-8.0"": ""Can't choose"", ""1.0"": ""Essential"", ""2.0"": ""Very important"", ""3.0"": ""Fairly important"", ""4.0"": ""Not very important"", ""5.0"": ""Not important at all""}","[1, 2, 4, 5, 3]","{""Essential / very important"": [1, 2], ""Not very / not at all important"": [4, 5], ""Important"": [3], ""Don't know"": [-8], ""No answer"": [-9]}",Essential / very important,2.357607192868703,WEIGHT,None,Replicated source item and national wording/scale checked; geography differs in 2019,Related,percent
ISSP,2019,ahead_political,Importance for getting ahead: political connections?,ordinal,ZA7810_v1-0-0.sav,694abfea6f4a06ec211c0e24428d0bce0acc0f3eff4453f98f44c99641d2bb43,v6,original microdata,Q1f. Getting ahead: How important is having political connections?,"{""-9.0"": ""No answer"", ""-8.0"": ""Can't choose"", ""1.0"": ""Essential"", ""2.0"": ""Very important"", ""3.0"": ""Fairly important"", ""4.0"": ""Not very important"", ""5.0"": ""Not important at all""}","[1, 2, 4, 5, 3]","{""Essential / very important"": [1, 2], ""Not very / not at all important"": [4, 5], ""Important"": [3], ""Don't know"": [-8], ""No answer"": [-9]}",Essential / very important,11.142155297647834,WEIGHT,None,Replicated source item and national wording/scale checked; geography differs in 2019,Related,percent
ISSP,2019,ahead_bribes,Importance for getting ahead: giving bribes?,ordinal,ZA7810_v1-0-0.sav,694abfea6f4a06ec211c0e24428d0bce0acc0f3eff4453f98f44c99641d2bb43,v7,original microdata,Q1g. Getting ahead: How important is giving bribes?,"{""-9.0"": ""No answer"", ""-8.0"": ""Can't choose"", ""1.0"": ""Essential"", ""2.0"": ""Very important"", ""3.0"": ""Fairly important"", ""4.0"": ""Not very important"", ""5.0"": ""Not important at all""}","[1, 2, 4, 5, 3]","{""Essential / very important"": [1, 2], ""Not very / not at all important"": [4, 5], ""Important"": [3], ""Don't know"": [-8], ""No answer"": [-9]}",Essential / very important,12.421312738520992,WEIGHT,None,Replicated source item and national wording/scale checked; geography differs in 2019,Related,percent
ISSP,2019,ahead_race,Importance for getting ahead: ethnic background (nationality)?,ordinal,ZA7810_v1-0-0.sav,694abfea6f4a06ec211c0e24428d0bce0acc0f3eff4453f98f44c99641d2bb43,v8,original microdata,Q1h. Getting ahead: How important is a person's race?,"{""-9.0"": ""No answer"", ""-8.0"": ""Can't choose"", ""1.0"": ""Essential"", ""2.0"": ""Very important"", ""3.0"": ""Fairly important"", ""4.0"": ""Not very important"", ""5.0"": ""Not important at all""}","[1, 2, 4, 5, 3]","{""Essential / very important"": [1, 2], ""Not very / not at all important"": [4, 5], ""Important"": [3], ""Don't know"": [-8], ""No answer"": [-9]}",Essential / very important,3.8948399575487924,WEIGHT,None,Replicated source item and national wording/scale checked; geography differs in 2019,Related,percent
ISSP,2019,ahead_religion,Importance for getting ahead: a person’s religion?,ordinal,ZA7810_v1-0-0.sav,694abfea6f4a06ec211c0e24428d0bce0acc0f3eff4453f98f44c99641d2bb43,v9,original microdata,Q1i. Getting ahead: How important is a person's religion?,"{""-9.0"": ""No answer"", ""-8.0"": ""Can't choose"", ""1.0"": ""Essential"", ""2.0"": ""Very important"", ""3.0"": ""Fairly important"", ""4.0"": ""Not very important"", ""5.0"": ""Not important at all""}","[1, 2, 4, 5, 3]","{""Essential / very important"": [1, 2], ""Not very / not at all important"": [4, 5], ""Important"": [3], ""Don't know"": [-8], ""No answer"": [-9]}",Essential / very important,3.9220971531213307,WEIGHT,None,Replicated source item and national wording/scale checked; geography differs in 2019,Related,percent
ISSP,2019,ahead_gender,Importance for getting ahead: being born a man or woman?,ordinal,ZA7810_v1-0-0.sav,694abfea6f4a06ec211c0e24428d0bce0acc0f3eff4453f98f44c99641d2bb43,v10,original microdata,Q1j. Getting ahead: How important is being born a man or a woman?,"{""-9.0"": ""No answer"", ""-8.0"": ""Can't choose"", ""1.0"": ""Essential"", ""2.0"": ""Very important"", ""3.0"": ""Fairly important"", ""4.0"": ""Not very important"", ""5.0"": ""Not important at all""}","[1, 2, 4, 5, 3]","{""Essential / very important"": [1, 2], ""Not very / not at all important"": [4, 5], ""Important"": [3], ""Don't know"": [-8], ""No answer"": [-9]}",Essential / very important,4.320868086856836,WEIGHT,None,Replicated source item and national wording/scale checked; geography differs in 2019,Related,percent
ISSP,2019,pay_responsibility,What should determine pay: job responsibility?,ordinal,ZA7810_v1-0-0.sav,694abfea6f4a06ec211c0e24428d0bce0acc0f3eff4453f98f44c99641d2bb43,v44,original microdata,Q14a. Important for pay: How much responsibility goes with the job?,"{""-9.0"": ""NA"", ""-8.0"": ""Can't choose"", ""1.0"": ""Essential"", ""2.0"": ""Very important"", ""3.0"": ""Fairly important"", ""4.0"": ""Not very important"", ""5.0"": ""Not important at all""}","[1, 2, 4, 5, 3]","{""Essential / very important"": [1, 2], ""Not very / not at all important"": [4, 5], ""Important"": [3], ""Don't know"": [-8], ""No answer"": [-9]}",Essential / very important,1.529927253753441,WEIGHT,None,Replicated source item and national wording/scale checked; geography differs in 2019,Policy,percent
ISSP,2019,pay_education,What should determine pay: education and training?,ordinal,ZA7810_v1-0-0.sav,694abfea6f4a06ec211c0e24428d0bce0acc0f3eff4453f98f44c99641d2bb43,v45,original microdata,Q14b. Important for pay: The number of years spent in education and training?,"{""-9.0"": ""NA"", ""-8.0"": ""Can't choose"", ""1.0"": ""Essential"", ""2.0"": ""Very important"", ""3.0"": ""Fairly important"", ""4.0"": ""Not very important"", ""5.0"": ""Not important at all""}","[1, 2, 4, 5, 3]","{""Essential / very important"": [1, 2], ""Not very / not at all important"": [4, 5], ""Important"": [3], ""Don't know"": [-8], ""No answer"": [-9]}",Essential / very important,2.334412920459765,WEIGHT,None,Replicated source item and national wording/scale checked; geography differs in 2019,Policy,percent
ISSP,2019,pay_children,What should determine pay: children to support?,ordinal,ZA7810_v1-0-0.sav,694abfea6f4a06ec211c0e24428d0bce0acc0f3eff4453f98f44c99641d2bb43,v46,original microdata,"Q14c. Important for pay: Whether the person has children to support?""","{""-9.0"": ""NA"", ""-8.0"": ""Can't choose"", ""1.0"": ""Essential"", ""2.0"": ""Very important"", ""3.0"": ""Fairly important"", ""4.0"": ""Not very important"", ""5.0"": ""Not important at all""}","[1, 2, 4, 5, 3]","{""Essential / very important"": [1, 2], ""Not very / not at all important"": [4, 5], ""Important"": [3], ""Don't know"": [-8], ""No answer"": [-9]}",Essential / very important,3.9418407008923873,WEIGHT,None,Replicated source item and national wording/scale checked; geography differs in 2019,Policy,percent
ISSP,2019,pay_performance,What should determine pay: how well the job is done?,ordinal,ZA7810_v1-0-0.sav,694abfea6f4a06ec211c0e24428d0bce0acc0f3eff4453f98f44c99641d2bb43,v47,original microdata,Q14d. Important for pay: How well he or she does the job?,"{""-9.0"": ""NA"", ""-8.0"": ""Can't choose"", ""1.0"": ""Essential"", ""2.0"": ""Very important"", ""3.0"": ""Fairly important"", ""4.0"": ""Not very important"", ""5.0"": ""Not important at all""}","[1, 2, 4, 5, 3]","{""Essential / very important"": [1, 2], ""Not very / not at all important"": [4, 5], ""Important"": [3], ""Don't know"": [-8], ""No answer"": [-9]}",Essential / very important,1.260510188068445,WEIGHT,None,Replicated source item and national wording/scale checked; geography differs in 2019,Policy,percent
ISSP,2019,conflict_rich_poor,How much conflict is there between rich and poor?,ordinal,ZA7810_v1-0-0.sav,694abfea6f4a06ec211c0e24428d0bce0acc0f3eff4453f98f44c99641d2bb43,v36,original microdata,Q12a. Conflicts in Ukraine: Between poor people and rich people?,"{""-9.0"": ""No answer"", ""-8.0"": ""Can't choose"", ""1.0"": ""Very strong conflicts"", ""2.0"": ""Strong conflicts"", ""3.0"": ""Not very strong conflicts"", ""4.0"": ""There are no conflicts""}","[1, 2, 3, 4]","{""Strong conflicts"": [1, 2], ""Weak / no conflicts"": [3, 4], ""Don't know"": [-8], ""No answer"": [-9]}",Strong conflicts,5.420218861944594,WEIGHT,None,Replicated source item and national wording/scale checked; geography differs in 2019,Related,percent
ISSP,2019,conflict_class,How much conflict is there between working and middle classes?,ordinal,ZA7810_v1-0-0.sav,694abfea6f4a06ec211c0e24428d0bce0acc0f3eff4453f98f44c99641d2bb43,v37,original microdata,Q12b. Conflicts in Ukraine: Between the working class and the middle class?,"{""-9.0"": ""No answer"", ""-8.0"": ""Can't choose"", ""1.0"": ""Very strong conflicts"", ""2.0"": ""Strong conflicts"", ""3.0"": ""Not very strong conflicts"", ""4.0"": ""There are no conflicts""}","[1, 2, 3, 4]","{""Strong conflicts"": [1, 2], ""Weak / no conflicts"": [3, 4], ""Don't know"": [-8], ""No answer"": [-9]}",Strong conflicts,8.713051424233685,WEIGHT,None,Replicated source item and national wording/scale checked; geography differs in 2019,Related,percent
ISSP,2019,conflict_management,How much conflict is there between management and workers?,ordinal,ZA7810_v1-0-0.sav,694abfea6f4a06ec211c0e24428d0bce0acc0f3eff4453f98f44c99641d2bb43,v38,original microdata,Q12c. Conflicts in Ukraine: Between management and workers?,"{""-9.0"": ""No answer"", ""-8.0"": ""Can't choose"", ""1.0"": ""Very strong conflicts"", ""2.0"": ""Strong conflicts"", ""3.0"": ""Not very strong conflicts"", ""4.0"": ""There are no conflicts""}","[1, 2, 3, 4]","{""Strong conflicts"": [1, 2], ""Weak / no conflicts"": [3, 4], ""Don't know"": [-8], ""No answer"": [-9]}",Strong conflicts,8.838678637502351,WEIGHT,None,Replicated source item and national wording/scale checked; geography differs in 2019,Related,percent
ISSP,2019,earn_actual_doctor,How much does a doctor earn per month after taxes?,numeric,ZA7810_v1-0-0.sav,694abfea6f4a06ec211c0e24428d0bce0acc0f3eff4453f98f44c99641d2bb43,v11,original microdata,Q2a. Actually earn: About how much do you think a doctor in general practice earns?,"{""-9.0"": ""No answer"", ""-8.0"": ""Don't know"", ""2000.0"": ""2.000 UAH per month, after taxes"", ""30000.0"": ""30.000 UAH per month, after taxes""}",Nonnegative reported UAH; negative special codes excluded,"{""Mean"": []}",,27.110335944111263,WEIGHT,None,Replicated source item and national wording/scale checked; geography differs in 2019; nominal monthly UAH after tax in both waves; inflation prevents interpreting growth as a change in preferred real pay,Related,"UAH per month after tax, nominal"
ISSP,2019,earn_ideal_doctor,How much should a doctor earn per month after taxes?,numeric,ZA7810_v1-0-0.sav,694abfea6f4a06ec211c0e24428d0bce0acc0f3eff4453f98f44c99641d2bb43,v16,original microdata,Q3a. Should earn: About how much do you think a doctor in general practice should earn?,"{""-9.0"": ""No answer"", ""-8.0"": ""Don't know"", ""7000.0"": ""7.000 UAH per month, after taxes"", ""100000.0"": ""100.000 UAH per month, after taxes""}",Nonnegative reported UAH; negative special codes excluded,"{""Mean"": []}",,14.621425590288014,WEIGHT,None,Replicated source item and national wording/scale checked; geography differs in 2019; nominal monthly UAH after tax in both waves; inflation prevents interpreting growth as a change in preferred real pay,Policy,"UAH per month after tax, nominal"
ISSP,2019,earn_actual_chairman,How much does a corporate chairman earn per month after taxes?,numeric,ZA7810_v1-0-0.sav,694abfea6f4a06ec211c0e24428d0bce0acc0f3eff4453f98f44c99641d2bb43,v12,original microdata,Q2b. Actually earn: How much do you think a chairman of a large national corporation earns?,"{""-9.0"": ""No answer"", ""-8.0"": ""Don't know"", ""10000.0"": ""10.000 UAH per month, after taxes"", ""5000000.0"": ""5.000.000 UAH per month, after taxes""}",Nonnegative reported UAH; negative special codes excluded,"{""Mean"": []}",,39.55214798622316,WEIGHT,None,Replicated source item and national wording/scale checked; geography differs in 2019; nominal monthly UAH after tax in both waves; inflation prevents interpreting growth as a change in preferred real pay,Related,"UAH per month after tax, nominal"
ISSP,2019,earn_ideal_chairman,How much should a corporate chairman earn per month after taxes?,numeric,ZA7810_v1-0-0.sav,694abfea6f4a06ec211c0e24428d0bce0acc0f3eff4453f98f44c99641d2bb43,v17,original microdata,Q3b. Should earn: How much do you think a chairman of a large national company should earn?,"{""-9.0"": ""No answer"", ""-8.0"": ""Don't know"", ""5000.0"": ""5.000 UAH per month, after taxes"", ""2000000.0"": ""2.000.000 UAH per month, after taxes""}",Nonnegative reported UAH; negative special codes excluded,"{""Mean"": []}",,37.637556245715345,WEIGHT,None,Replicated source item and national wording/scale checked; geography differs in 2019; nominal monthly UAH after tax in both waves; inflation prevents interpreting growth as a change in preferred real pay,Policy,"UAH per month after tax, nominal"
ISSP,2019,earn_actual_shop,How much does a shop assistant earn per month after taxes?,numeric,ZA7810_v1-0-0.sav,694abfea6f4a06ec211c0e24428d0bce0acc0f3eff4453f98f44c99641d2bb43,v13,original microdata,Q2c. Actually earn: How much do you think a shop assistant earns?,"{""-9.0"": ""No answer"", ""-8.0"": ""Don't know"", ""1500.0"": ""1.500 UAH per month, after taxes"", ""17000.0"": ""17.000 UAH per month, after taxes""}",Nonnegative reported UAH; negative special codes excluded,"{""Mean"": []}",,18.858462745773103,WEIGHT,None,Replicated source item and national wording/scale checked; geography differs in 2019; nominal monthly UAH after tax in both waves; inflation prevents interpreting growth as a change in preferred real pay,Related,"UAH per month after tax, nominal"
ISSP,2019,earn_ideal_shop,How much should a shop assistant earn per month after taxes?,numeric,ZA7810_v1-0-0.sav,694abfea6f4a06ec211c0e24428d0bce0acc0f3eff4453f98f44c99641d2bb43,v18,original microdata,Q3c. Should earn: How much do you think a shop assistant should earn?,"{""-9.0"": ""No answer"", ""-8.0"": ""Don't know"", ""3000.0"": ""3.000 UAH per month, after taxes"", ""30000.0"": ""30.000 UAH per month, after taxes""}",Nonnegative reported UAH; negative special codes excluded,"{""Mean"": []}",,14.598130900351784,WEIGHT,None,Replicated source item and national wording/scale checked; geography differs in 2019; nominal monthly UAH after tax in both waves; inflation prevents interpreting growth as a change in preferred real pay,Policy,"UAH per month after tax, nominal"
ISSP,2019,earn_actual_worker,How much does an unskilled factory worker earn per month after taxes?,numeric,ZA7810_v1-0-0.sav,694abfea6f4a06ec211c0e24428d0bce0acc0f3eff4453f98f44c99641d2bb43,v14,original microdata,Q2d. Actually earn: How much do you think an unskilled worker in a factory earns?,"{""-9.0"": ""No answer"", ""-8.0"": ""Don't know"", ""1500.0"": ""1.500 UAH per month, after taxes"", ""15000.0"": ""15.000 UAH per month, after taxes""}",Nonnegative reported UAH; negative special codes excluded,"{""Mean"": []}",,21.37267119908016,WEIGHT,None,Replicated source item and national wording/scale checked; geography differs in 2019; nominal monthly UAH after tax in both waves; inflation prevents interpreting growth as a change in preferred real pay,Related,"UAH per month after tax, nominal"
ISSP,2019,earn_ideal_worker,How much should an unskilled factory worker earn per month after taxes?,numeric,ZA7810_v1-0-0.sav,694abfea6f4a06ec211c0e24428d0bce0acc0f3eff4453f98f44c99641d2bb43,v19,original microdata,Q3d. Should earn: How much do you think an unskilled worker in a factory should earn?,"{""-9.0"": ""No answer"", ""-8.0"": ""Don't know"", ""3000.0"": ""3000 UAH per month, after taxes"", ""30000.0"": ""30000 UAH per month, after taxes""}",Nonnegative reported UAH; negative special codes excluded,"{""Mean"": []}",,15.461740075905386,WEIGHT,None,Replicated source item and national wording/scale checked; geography differs in 2019; nominal monthly UAH after tax in both waves; inflation prevents interpreting growth as a change in preferred real pay,Policy,"UAH per month after tax, nominal"
ISSP,2019,earn_actual_minister,How much does a cabinet minister earn per month after taxes?,numeric,ZA7810_v1-0-0.sav,694abfea6f4a06ec211c0e24428d0bce0acc0f3eff4453f98f44c99641d2bb43,v15,original microdata,Q2e. Actually earn: How much do you think a cabinet minister in the Ukrainian government earns?,"{""-9.0"": ""No answer"", ""-8.0"": ""Don't know"", ""10000.0"": ""10.000 UAH per month, after taxes"", ""1000000.0"": ""1.000.000 UAH per month, after taxes""}",Nonnegative reported UAH; negative special codes excluded,"{""Mean"": []}",,40.31678040590197,WEIGHT,None,Replicated source item and national wording/scale checked; geography differs in 2019; nominal monthly UAH after tax in both waves; inflation prevents interpreting growth as a change in preferred real pay,Related,"UAH per month after tax, nominal"
ISSP,2019,earn_ideal_minister,How much should a cabinet minister earn per month after taxes?,numeric,ZA7810_v1-0-0.sav,694abfea6f4a06ec211c0e24428d0bce0acc0f3eff4453f98f44c99641d2bb43,v20,original microdata,Q3e. Should earn: How much do you think a cabinet minister in the Ukrainian government should earn?,"{""-9.0"": ""No answer"", ""-8.0"": ""Don't know"", ""3000.0"": ""3.000 UAH per month, after taxes"", ""500000.0"": ""500.000 UAH per month, after taxes""}",Nonnegative reported UAH; negative special codes excluded,"{""Mean"": []}",,32.411879865682266,WEIGHT,None,Replicated source item and national wording/scale checked; geography differs in 2019; nominal monthly UAH after tax in both waves; inflation prevents interpreting growth as a change in preferred real pay,Policy,"UAH per month after tax, nominal"
