item,english_description,measurement,verified_years,response_codes,denominator,missing_values,weights,uncertainty,territorial_coverage,source_locations
private_business,Approval of developing private business,Five ordered categories from strong disapproval to strong approval; ambivalence in middle.,"1992, 1994–2006, 2008, 2010, 2012, 2014",ambivalent;no_answer;rather_approve;rather_disapprove;strongly_approve;strongly_disapprove,"All respondents in source table, including undecided and nonresponse",Source table dashes are not observations; no_answer is reported separately where available,"Published aggregate; source weighting retained, no new weights applied",No item-specific confidence intervals published in these tables,Changes across waves; consult year-specific volume; cannot harmonise geography from national aggregates,"panina-1994-2005.pdf PDF p.20, a2; soc-mon-2012.pdf PDF p.529, a2; us-2014.pdf PDF p.1, a2"
privatise_large,Privatisation of large enterprises,"Three categories: negative, ambivalent, positive.","1992, 1994–2006, 2008, 2010, 2012, 2014, 2016, 2018, 2021",ambivalent;negative;no_answer;positive,"All respondents in source table, including undecided and nonresponse",Source table dashes are not observations; no_answer is reported separately where available,"Published aggregate; source weighting retained, no new weights applied",No item-specific confidence intervals published in these tables,Changes across waves; consult year-specific volume; cannot harmonise geography from national aggregates,"panina-1994-2005.pdf PDF p.21, a3; monitoring-2021dlya-tipografii.pdf PDF p.624, a3"
privatise_small,Privatisation of small enterprises,"Three categories: negative, ambivalent, positive.","1992, 1994–2006, 2008, 2010, 2012, 2014, 2016, 2018, 2021",ambivalent;negative;no_answer;positive,"All respondents in source table, including undecided and nonresponse",Source table dashes are not observations; no_answer is reported separately where available,"Published aggregate; source weighting retained, no new weights applied",No item-specific confidence intervals published in these tables,Changes across waves; consult year-specific volume; cannot harmonise geography from national aggregates,"panina-1994-2005.pdf PDF p.21, a4; monitoring-2021dlya-tipografii.pdf PDF p.624, a4"
privatise_land,Privatisation of land,"Three categories: negative, ambivalent, positive. Do not append the different 2020 existing-ownership item.","1992, 1994–2006, 2008, 2010, 2012, 2014, 2016, 2018, 2021",ambivalent;negative;no_answer;positive,"All respondents in source table, including undecided and nonresponse",Source table dashes are not observations; no_answer is reported separately where available,"Published aggregate; source weighting retained, no new weights applied",No item-specific confidence intervals published in these tables,Changes across waves; consult year-specific volume; cannot harmonise geography from national aggregates,"panina-1994-2005.pdf PDF p.21, a5; monitoring-2021dlya-tipografii.pdf PDF p.624, a5"
land_sales_general,Allow buying and selling land,Yes/no/undecided. General land wording.,"1994–2001, 2005–2006, 2008, 2010, 2012, 2014, 2016, 2018",dont_know;no;no_answer;yes,"All respondents in source table, including undecided and nonresponse",Source table dashes are not observations; no_answer is reported separately where available,"Published aggregate; source weighting retained, no new weights applied",No item-specific confidence intervals published in these tables,Changes across waves; consult year-specific volume; cannot harmonise geography from national aggregates,"panina-1994-2005.pdf PDF p.21, a6; dodatki2018.pdf PDF p.4, a6"
land_sales_agricultural,Allow buying and selling agricultural land,Yes/no/undecided. Explicitly agricultural land; separate from the general land item.,"2017, 2019, 2021",dont_know;no;no_answer;yes,"All respondents in source table, including undecided and nonresponse",Source table dashes are not observations; no_answer is reported separately where available,"Published aggregate; source weighting retained, no new weights applied",No item-specific confidence intervals published in these tables,Changes across waves; consult year-specific volume; cannot harmonise geography from national aggregates,"monitoring-2021dlya-tipografii.pdf PDF p.624, an11"
state_market_role,Preferred role of the state in the economy,Minimal state / mixed state and market / return to planning / undecided. Preserve the mixed option.,"2002–2006, 2008, 2010, 2012–2017, 2019–2021",dont_know;minimal_state_market;mixed_state_market;no_answer;planned_economy,"All respondents in source table, including undecided and nonresponse",Source table dashes are not observations; no_answer is reported separately where available,"Published aggregate; source weighting retained, no new weights applied",No item-specific confidence intervals published in these tables,Changes across waves; consult year-specific volume; cannot harmonise geography from national aggregates,"panina-1994-2005.pdf PDF p.22, a7; soc-mon-2013.pdf PDF p.447, a7; monitoring-2021dlya-tipografii.pdf PDF p.625, a7"
socialism_capitalism_political_support,Support for political forces favouring capitalism or socialism,"Political support, rather than a direct choice of economic systems; both/neither options retained.","1994–2006, 2008, 2010–2012, 2014, 2016",both;capitalism;dont_know;neither;no_answer;other;socialism,"All respondents in source table, including undecided and nonresponse",Source table dashes are not observations; no_answer is reported separately where available,"Published aggregate; source weighting retained, no new weights applied",No item-specific confidence intervals published in these tables,Changes across waves; consult year-specific volume; cannot harmonise geography from national aggregates,"panina-1994-2005.pdf PDF p.25, b2; soc-mon-2012.pdf PDF p.533, b2; dodatki2016.pdf PDF p.6, b2"
work_private_employer,Willingness to work for a private employer,"Five categories from no to yes; employment preference, not a general policy attitude.","1992, 1994–2006, 2008, 2010, 2012, 2014, 2019, 2021",dont_know;no;no_answer;rather_no;rather_yes;yes,"All respondents in source table, including undecided and nonresponse",Source table dashes are not observations; no_answer is reported separately where available,"Published aggregate; source weighting retained, no new weights applied",No item-specific confidence intervals published in these tables,Changes across waves; consult year-specific volume; cannot harmonise geography from national aggregates,"panina-1994-2005.pdf PDF p.22, a8; monitoring-2021dlya-tipografii.pdf PDF p.625, a8"
land_ownership_rights,Preferred land-ownership regime,Full ownership with sale / inheritable use without sale / communal / state ownership / undecided.,"2017, 2019–2020",community_ownership;dont_know;full_ownership_including_sale;inheritable_use_no_sale;no_answer;state_ownership,"All respondents in source table, including undecided and nonresponse",Source table dashes are not observations; no_answer is reported separately where available,"Published aggregate; source weighting retained, no new weights applied",No item-specific confidence intervals published in these tables,Changes across waves; consult year-specific volume; cannot harmonise geography from national aggregates,"mon2020.pdf PDF p.447, a12r"
ownership_policy,Nationalisation versus further privatisation,Four policy alternatives plus undecided/nonresponse. The 2025 publication simplifies response wording; retain source version and survey mode.,2023–2025,broad_privatisation;dont_know_or_no_answer;nationalise;privatise_except_efficient_state_firms;retain_state_firms,"All respondents in source table, including undecided and nonresponse",Source table dashes are not observations; no_answer is reported separately where available,"Published aggregate; source weighting retained, no new weights applied",No item-specific confidence intervals published in these tables,Changes across waves; consult year-specific volume; cannot harmonise geography from national aggregates,"monitoring-2024.pdf PDF p.416, a2; monitoring-2025.pdf PDF p.394, a2"
retrospective_small,Was past privatisation of small enterprises worthwhile?,"Five categories from no to yes; retrospective wording, distinct from the original three-category privatisation item.","2013, 2017, 2020",dont_know;no;no_answer;rather_no;rather_yes;yes,"All respondents in source table, including undecided and nonresponse",Source table dashes are not observations; no_answer is reported separately where available,"Published aggregate; source weighting retained, no new weights applied",No item-specific confidence intervals published in these tables,Changes across waves; consult year-specific volume; cannot harmonise geography from national aggregates,"soc-mon-2013.pdf PDF p.447, an1; dodatki2017.pdf PDF p.3, an1; mon2020.pdf PDF p.443, a3r"
existing_private_small,Attitude to existing private ownership of small enterprises,"Five categories from negative to positive; asks about existing ownership, rather than transferring ownership.","2013, 2017, 2020",dont_know;negative;no_answer;positive;rather_negative;rather_positive,"All respondents in source table, including undecided and nonresponse",Source table dashes are not observations; no_answer is reported separately where available,"Published aggregate; source weighting retained, no new weights applied",No item-specific confidence intervals published in these tables,Changes across waves; consult year-specific volume; cannot harmonise geography from national aggregates,"soc-mon-2013.pdf PDF p.448, an4; dodatki2017.pdf PDF p.4, an4; mon2020.pdf PDF p.445, a6r"
renationalise_small,Return privately owned small enterprises to the state,Five categories from yes to no; rejection of nationalisation is the pro-private position.,"2013, 2017, 2020",dont_know;no;no_answer;rather_no;rather_yes;yes,"All respondents in source table, including undecided and nonresponse",Source table dashes are not observations; no_answer is reported separately where available,"Published aggregate; source weighting retained, no new weights applied",No item-specific confidence intervals published in these tables,Changes across waves; consult year-specific volume; cannot harmonise geography from national aggregates,"soc-mon-2013.pdf PDF p.449, an7; dodatki2017.pdf PDF p.5, an7; mon2020.pdf PDF p.445, a9r"
retrospective_large,Was past privatisation of large enterprises worthwhile?,"Five categories from no to yes; retrospective wording, distinct from the original three-category privatisation item.","2013, 2017, 2020",dont_know;no;no_answer;rather_no;rather_yes;yes,"All respondents in source table, including undecided and nonresponse",Source table dashes are not observations; no_answer is reported separately where available,"Published aggregate; source weighting retained, no new weights applied",No item-specific confidence intervals published in these tables,Changes across waves; consult year-specific volume; cannot harmonise geography from national aggregates,"soc-mon-2013.pdf PDF p.448, an2; dodatki2017.pdf PDF p.3, an2; mon2020.pdf PDF p.444, a4r"
existing_private_large,Attitude to existing private ownership of large enterprises,"Five categories from negative to positive; asks about existing ownership, rather than transferring ownership.","2013, 2017, 2020",dont_know;negative;no_answer;positive;rather_negative;rather_positive,"All respondents in source table, including undecided and nonresponse",Source table dashes are not observations; no_answer is reported separately where available,"Published aggregate; source weighting retained, no new weights applied",No item-specific confidence intervals published in these tables,Changes across waves; consult year-specific volume; cannot harmonise geography from national aggregates,"soc-mon-2013.pdf PDF p.449, an5; dodatki2017.pdf PDF p.4, an5; mon2020.pdf PDF p.445, a7r"
renationalise_large,Return privately owned large enterprises to the state,Five categories from yes to no; rejection of nationalisation is the pro-private position.,"2013, 2017, 2020",dont_know;no;no_answer;rather_no;rather_yes;yes,"All respondents in source table, including undecided and nonresponse",Source table dashes are not observations; no_answer is reported separately where available,"Published aggregate; source weighting retained, no new weights applied",No item-specific confidence intervals published in these tables,Changes across waves; consult year-specific volume; cannot harmonise geography from national aggregates,"soc-mon-2013.pdf PDF p.450, an8; dodatki2017.pdf PDF p.5, an8; mon2020.pdf PDF p.446, a10r"
retrospective_land,Was past privatisation of land worthwhile?,"Five categories from no to yes; retrospective wording, distinct from the original three-category privatisation item.","2013, 2017, 2020",dont_know;no;no_answer;rather_no;rather_yes;yes,"All respondents in source table, including undecided and nonresponse",Source table dashes are not observations; no_answer is reported separately where available,"Published aggregate; source weighting retained, no new weights applied",No item-specific confidence intervals published in these tables,Changes across waves; consult year-specific volume; cannot harmonise geography from national aggregates,"soc-mon-2013.pdf PDF p.448, an3; dodatki2017.pdf PDF p.4, an3; mon2020.pdf PDF p.444, a5r"
existing_private_land,Attitude to existing private ownership of land,"Five categories from negative to positive; asks about existing ownership, rather than transferring ownership.","2013, 2017, 2020",dont_know;negative;no_answer;positive;rather_negative;rather_positive,"All respondents in source table, including undecided and nonresponse",Source table dashes are not observations; no_answer is reported separately where available,"Published aggregate; source weighting retained, no new weights applied",No item-specific confidence intervals published in these tables,Changes across waves; consult year-specific volume; cannot harmonise geography from national aggregates,"soc-mon-2013.pdf PDF p.449, an6; dodatki2017.pdf PDF p.5, an6; mon2020.pdf PDF p.445, a8r"
renationalise_land,Return privately owned land to the state,Five categories from yes to no; rejection of nationalisation is the pro-private position.,"2013, 2017, 2020",dont_know;no;no_answer;rather_no;rather_yes;yes,"All respondents in source table, including undecided and nonresponse",Source table dashes are not observations; no_answer is reported separately where available,"Published aggregate; source weighting retained, no new weights applied",No item-specific confidence intervals published in these tables,Changes across waves; consult year-specific volume; cannot harmonise geography from national aggregates,"soc-mon-2013.pdf PDF p.450, an9; dodatki2017.pdf PDF p.6, an9; mon2020.pdf PDF p.446, a11r"
