title,catalog_url,source_url,download_url,local_path
Українське суспільство в умовах війни. Рік 2025: Колективна монографія,https://isnasu.org.ua/publish/ukrainske-suspilstvo/issues.php,https://drive.google.com/file/d/1CeJIiK0ZLNJ0aHyPbXHrWO21ykIB6m7W/view,https://drive.google.com/uc?export=download&id=1CeJIiK0ZLNJ0aHyPbXHrWO21ykIB6m7W,data/documentation/monitoring/monitoring-2025.pdf
Українське суспільство в умовах війни. Рік 2024: Колективна монографія,https://isnasu.org.ua/publish/ukrainske-suspilstvo/issues.php,https://drive.google.com/file/d/1bqw3rZ3ajsNJ2l7zBQL5uRjAWO030EYk/view,https://drive.google.com/uc?export=download&id=1bqw3rZ3ajsNJ2l7zBQL5uRjAWO030EYk,data/documentation/monitoring/monitoring-2024.pdf
Українське суспільство в умовах війни. Рік 2023: Колективна монографія,https://isnasu.org.ua/publish/ukrainske-suspilstvo/issues.php,https://isnasu.org.ua/assets/files/monitoring/Maket_Ukr_suspilstvo_2023.pdf,https://isnasu.org.ua/assets/files/monitoring/Maket_Ukr_suspilstvo_2023.pdf,data/documentation/monitoring/Maket_Ukr_suspilstvo_2023.pdf
Українське суспільство в умовах війни. 2022: Колективна монографія,https://isnasu.org.ua/publish/ukrainske-suspilstvo/issues.php,https://isnasu.org.ua/assets/files/monitoring/maket-vijna...2022dlya-tipografiivse.pdf,https://isnasu.org.ua/assets/files/monitoring/maket-vijna...2022dlya-tipografiivse.pdf,data/documentation/monitoring/maket-vijna...2022dlya-tipografiivse.pdf
Українське суспільство: моніторинг соціальних змін. 30 РОКІВ НЕЗАЛЕЖНОСТІ. Випуск 8 (22),https://isnasu.org.ua/publish/ukrainske-suspilstvo/issues.php,https://isnasu.org.ua/assets/files/monitoring/monitoring-2021dlya-tipografii.pdf,https://isnasu.org.ua/assets/files/monitoring/monitoring-2021dlya-tipografii.pdf,data/documentation/monitoring/monitoring-2021dlya-tipografii.pdf
Українське суспільство: моніторинг соціальних змін. Випуск 7 (21),https://isnasu.org.ua/publish/ukrainske-suspilstvo/issues.php,https://isnasu.org.ua/assets/files/monitoring/mon2020.pdf,https://isnasu.org.ua/assets/files/monitoring/mon2020.pdf,data/documentation/monitoring/mon2020.pdf
Українське суспільство: моніторинг соціальних змін. Випуск 6 (20),https://isnasu.org.ua/publish/ukrainske-suspilstvo/issues.php,https://isnasu.org.ua/assets/files/monitoring/mon2019.pdf,https://isnasu.org.ua/assets/files/monitoring/mon2019.pdf,data/documentation/monitoring/mon2019.pdf
Українське суспільство: моніторинг соціальних змін. Випуск 6 (20),https://isnasu.org.ua/publish/ukrainske-suspilstvo/issues.php,https://isnasu.org.ua/assets/files/monitoring/monitoring-2018statti.pdf,https://isnasu.org.ua/assets/files/monitoring/monitoring-2018statti.pdf,data/documentation/monitoring/monitoring-2018statti.pdf
"Додаток: таблиці моніторингового опитування ""Українське суспільство - 2018""",https://isnasu.org.ua/publish/ukrainske-suspilstvo/issues.php,https://isnasu.org.ua/assets/files/monitoring/dodatki2018.pdf,https://isnasu.org.ua/assets/files/monitoring/dodatki2018.pdf,data/documentation/monitoring/dodatki2018.pdf
Українське суспільство: моніторинг соціальних змін. Випуск 4 (18),https://isnasu.org.ua/publish/ukrainske-suspilstvo/issues.php,https://isnasu.org.ua/assets/files/monitoring/maket-2017monitoring.pdf,https://isnasu.org.ua/assets/files/monitoring/maket-2017monitoring.pdf,data/documentation/monitoring/maket-2017monitoring.pdf
"Додаток: таблиці моніторингового опитування ""Українське суспільство - 2017""",https://isnasu.org.ua/publish/ukrainske-suspilstvo/issues.php,https://isnasu.org.ua/assets/files/monitoring/dodatki2017.pdf,https://isnasu.org.ua/assets/files/monitoring/dodatki2017.pdf,data/documentation/monitoring/dodatki2017.pdf
Українське суспільство: моніторинг соціальних змін. Випуск 3 (17),https://isnasu.org.ua/publish/ukrainske-suspilstvo/issues.php,https://isnasu.org.ua/assets/files/monitoring/maket-2016monitoring.pdf,https://isnasu.org.ua/assets/files/monitoring/maket-2016monitoring.pdf,data/documentation/monitoring/maket-2016monitoring.pdf
"Додаток: таблиці моніторингового опитування ""Українське суспільство - 2016""",https://isnasu.org.ua/publish/ukrainske-suspilstvo/issues.php,https://isnasu.org.ua/assets/files/monitoring/dodatki2016.pdf,https://isnasu.org.ua/assets/files/monitoring/dodatki2016.pdf,data/documentation/monitoring/dodatki2016.pdf
Українське суспільство: моніторинг соціальних змін. Випуск 2 (16),https://isnasu.org.ua/publish/ukrainske-suspilstvo/issues.php,https://isnasu.org.ua/assets/files/monitoring/maket-2015monitoring.pdf,https://isnasu.org.ua/assets/files/monitoring/maket-2015monitoring.pdf,data/documentation/monitoring/maket-2015monitoring.pdf
"Додаток: таблиці моніторингового опитування ""Українське суспільство - 2015""",https://isnasu.org.ua/publish/ukrainske-suspilstvo/issues.php,https://isnasu.org.ua/assets/files/monitoring/dodatki2015.pdf,https://isnasu.org.ua/assets/files/monitoring/dodatki2015.pdf,data/documentation/monitoring/dodatki2015.pdf
Українське суспільство 1992-2013. Стан та динаміка змін. Соціологічний моніторинг,https://isnasu.org.ua/publish/ukrainske-suspilstvo/issues.php,https://isnasu.org.ua/assets/files/monitoring/soc-mon-2013.pdf,https://isnasu.org.ua/assets/files/monitoring/soc-mon-2013.pdf,data/documentation/monitoring/soc-mon-2013.pdf
Українське суспільство 1992-2012. Стан та динаміка змін. Соціологічний моніторинг.,https://isnasu.org.ua/publish/ukrainske-suspilstvo/issues.php,https://isnasu.org.ua/assets/files/monitoring/soc-mon-2012.pdf,https://isnasu.org.ua/assets/files/monitoring/soc-mon-2012.pdf,data/documentation/monitoring/soc-mon-2012.pdf
Українське суспільство. Двадцять років незалежності. Соціологічний моніторинг. Том 1. Аналітичні матеріали,https://isnasu.org.ua/publish/ukrainske-suspilstvo/issues.php,https://isnasu.org.ua/assets/files/monitoring/soc-mon-2011.pdf,https://isnasu.org.ua/assets/files/monitoring/soc-mon-2011.pdf,data/documentation/monitoring/soc-mon-2011.pdf
Українське суспільства 1992-2010. Соціологічний моніторинг,https://isnasu.org.ua/publish/ukrainske-suspilstvo/issues.php,https://isnasu.org.ua/assets/files/monitoring/smonit_2010.pdf,https://isnasu.org.ua/assets/files/monitoring/smonit_2010.pdf,data/documentation/monitoring/smonit_2010.pdf
Українське суспiльство 1992-2009. Динаміка соціальних змін,https://isnasu.org.ua/publish/ukrainske-suspilstvo/issues.php,https://isnasu.org.ua/assets/files/monitoring/sm2009.pdf,https://isnasu.org.ua/assets/files/monitoring/sm2009.pdf,data/documentation/monitoring/sm2009.pdf
"Презентація результатів чергової хвилі моніторингу, що також відображає результати за 2021, 2022 та 2023 роки (для окремих питань – більш ранні дані).",https://www.isnasu.org.ua/monitoring/index.php,https://drive.google.com/file/d/1Bcclv5rmLGIqepJuYZ4YrsEDEU6j85ST/view?usp=sharing,https://drive.google.com/uc?export=download&id=1Bcclv5rmLGIqepJuYZ4YrsEDEU6j85ST,data/documentation/monitoring/monitoring-2024-presentation.pdf
presentation_monitoring_2025.pdf,Public supplementary source,https://isnasu.org.ua/assets/files/monitoring/presentation_monitoring_2025.pdf,https://isnasu.org.ua/assets/files/monitoring/presentation_monitoring_2025.pdf,data/documentation/monitoring/presentation_monitoring_2025.pdf
prezentaciya-monitoringu-2023.pdf,Public supplementary source,https://isnasu.org.ua/assets/files/books/2023/prezentaciya-monitoringu-2023.pdf,https://isnasu.org.ua/assets/files/books/2023/prezentaciya-monitoringu-2023.pdf,data/documentation/monitoring/prezentaciya-monitoringu-2023.pdf
oca-ukrmonit.pdf,Public supplementary source,https://oca.com.ua/arc/ukrmonit.pdf,https://oca.com.ua/arc/ukrmonit.pdf,data/documentation/monitoring/oca-ukrmonit.pdf
rakhmanov_mon_2010.pdf,Public supplementary source,https://i-soc.com.ua/assets/files/book/rakhmanov/rakhmanov_mon_2010.pdf,https://i-soc.com.ua/assets/files/book/rakhmanov/rakhmanov_mon_2010.pdf,data/documentation/monitoring/rakhmanov_mon_2010.pdf
panina-1994-2005.pdf,Public supplementary source,https://dif.org.ua/uploads/pdf/40574543644fd4df61d653.39323866.pdf,https://dif.org.ua/uploads/pdf/40574543644fd4df61d653.39323866.pdf,data/documentation/monitoring/panina-1994-2005.pdf
us-2014.pdf,Public supplementary source,https://i-soc.com.ua/assets/files/monitoring/us-2014.pdf,https://i-soc.com.ua/assets/files/monitoring/us-2014.pdf,data/documentation/monitoring/us-2014.pdf
2014monitoringist1.pdf,Public supplementary source,https://i-soc.com.ua/assets/files/monitoring/2014monitoringist1.pdf,https://i-soc.com.ua/assets/files/monitoring/2014monitoringist1.pdf,data/documentation/monitoring/2014monitoringist1.pdf
us-2015.pdf,Public supplementary source,https://i-soc.com.ua/assets/files/monitoring/us-2015.pdf,https://i-soc.com.ua/assets/files/monitoring/us-2015.pdf,data/documentation/monitoring/us-2015.pdf
