survey,year,item,source_variable,questionnaire_question,question_wording_summary,wording_status,raw_1,raw_10,valid_codes,raw_refers_to,questionnaire_low,questionnaire_high,questionnaire_source,analysis_coding,high_analysis_value_means,missing,weight,age,psu,geography,comparability_status,caveat,source,evidence,raw_2,raw_3
WVS,1996,private_ownership,E036,V126,Place own views on a ten-point scale between opposite positions,Endpoint descriptions paraphrased; see linked source for exact master wording,more private ownership of business/industry,more state/government ownership of business/industry,integers 1 through 10,"Harmonised trend-file variable, not original questionnaire position",more private ownership of business/industry,more state/government ownership of business/industry,https://catalog.ihsn.org/catalog/8864/download/91577,11 - raw,private_ownership,"all values outside 1..10; distinguish -1 DK, -2 no answer, -3 NA, -4 not asked, -5 other",S017,X003,unavailable; do not substitute interviewer IDs,X048WVS,verified within programme,Keep survey identity; incentive wording differs across programmes; original country-language forms not all independently verified; translation/mode effects unresolved,https://www.worldvaluessurvey.org/WVSDocumentationWVL.jsp,WVS-only SPSS v5.0 metadata; S001=2/S003=804; 1996/2006/2011/2020 each has four items with integer 1-10 responses. Official master questionnaires: wave3 PDF p15 V125-128; wave5 p10 V116-119; wave6 pp7-8 V96-99; wave7 pp8-9 Q106-109. E037 archive polarity is reversed relative to master questionnaires; analysis reverses the archive variable. Ukraine 2020 report p28 income-incentive mean6.16 independently reproduced. Original country-language questionnaires not separately verified; translation effects remain a limitation.,,
WVS,1996,competition,E039,V128,Place own views on a ten-point scale between opposite positions,Endpoint descriptions paraphrased; see linked source for exact master wording,competition beneficial: hard work and new ideas,competition harmful: brings out the worst in people,integers 1 through 10,"Harmonised trend-file variable, not original questionnaire position",competition beneficial: hard work and new ideas,competition harmful: brings out the worst in people,https://catalog.ihsn.org/catalog/8864/download/91577,11 - raw,competition,"all values outside 1..10; distinguish -1 DK, -2 no answer, -3 NA, -4 not asked, -5 other",S017,X003,unavailable; do not substitute interviewer IDs,X048WVS,verified within programme,Keep survey identity; incentive wording differs across programmes; original country-language forms not all independently verified; translation/mode effects unresolved,https://www.worldvaluessurvey.org/WVSDocumentationWVL.jsp,WVS-only SPSS v5.0 metadata; S001=2/S003=804; 1996/2006/2011/2020 each has four items with integer 1-10 responses. Official master questionnaires: wave3 PDF p15 V125-128; wave5 p10 V116-119; wave6 pp7-8 V96-99; wave7 pp8-9 Q106-109. E037 archive polarity is reversed relative to master questionnaires; analysis reverses the archive variable. Ukraine 2020 report p28 income-incentive mean6.16 independently reproduced. Original country-language questionnaires not separately verified; translation effects remain a limitation.,,
WVS,1996,individual_responsibility,E037,V127,Place own views on a ten-point scale between opposite positions,Endpoint descriptions paraphrased; see linked source for exact master wording,individuals responsible for providing for themselves,state/government responsible for ensuring provision,integers 1 through 10,"Harmonised trend-file variable, not original questionnaire position",government responsibility for provision,individual responsibility for provision,https://catalog.ihsn.org/catalog/8864/download/91577,11 - raw,individual_responsibility,"all values outside 1..10; distinguish -1 DK, -2 no answer, -3 NA, -4 not asked, -5 other",S017,X003,unavailable; do not substitute interviewer IDs,X048WVS,verified within programme,Keep survey identity; incentive wording differs across programmes; original country-language forms not all independently verified; translation/mode effects unresolved,https://www.worldvaluessurvey.org/WVSDocumentationWVL.jsp,WVS-only SPSS v5.0 metadata; S001=2/S003=804; 1996/2006/2011/2020 each has four items with integer 1-10 responses. Official master questionnaires: wave3 PDF p15 V125-128; wave5 p10 V116-119; wave6 pp7-8 V96-99; wave7 pp8-9 Q106-109. E037 archive polarity is reversed relative to master questionnaires; analysis reverses the archive variable. Ukraine 2020 report p28 income-incentive mean6.16 independently reproduced. Original country-language questionnaires not separately verified; translation effects remain a limitation.,,
WVS,1996,income_incentives,E035,V125,Place own views on a ten-point scale between opposite positions,Endpoint descriptions paraphrased; see linked source for exact master wording,make incomes more equal,greater incentives for effort (EVS); larger income differences as incentives (WVS),integers 1 through 10,"Harmonised trend-file variable, not original questionnaire position",make incomes more equal,greater incentives for effort (EVS); larger income differences as incentives (WVS),https://catalog.ihsn.org/catalog/8864/download/91577,raw,income_incentives,"all values outside 1..10; distinguish -1 DK, -2 no answer, -3 NA, -4 not asked, -5 other",S017,X003,unavailable; do not substitute interviewer IDs,X048WVS,verified within programme,Keep survey identity; incentive wording differs across programmes; original country-language forms not all independently verified; translation/mode effects unresolved,https://www.worldvaluessurvey.org/WVSDocumentationWVL.jsp,WVS-only SPSS v5.0 metadata; S001=2/S003=804; 1996/2006/2011/2020 each has four items with integer 1-10 responses. Official master questionnaires: wave3 PDF p15 V125-128; wave5 p10 V116-119; wave6 pp7-8 V96-99; wave7 pp8-9 Q106-109. E037 archive polarity is reversed relative to master questionnaires; analysis reverses the archive variable. Ukraine 2020 report p28 income-incentive mean6.16 independently reproduced. Original country-language questionnaires not separately verified; translation effects remain a limitation.,,
WVS,2006,private_ownership,E036,V117,Place own views on a ten-point scale between opposite positions,Endpoint descriptions paraphrased; see linked source for exact master wording,more private ownership of business/industry,more state/government ownership of business/industry,integers 1 through 10,"Harmonised trend-file variable, not original questionnaire position",more private ownership of business/industry,more state/government ownership of business/industry,https://catalog.ihsn.org/catalog/8839/download/91509,11 - raw,private_ownership,"all values outside 1..10; distinguish -1 DK, -2 no answer, -3 NA, -4 not asked, -5 other",S017,X003,unavailable; do not substitute interviewer IDs,not verified,verified within programme,Keep survey identity; incentive wording differs across programmes; original country-language forms not all independently verified; translation/mode effects unresolved,https://www.worldvaluessurvey.org/WVSDocumentationWVL.jsp,WVS-only SPSS v5.0 metadata; S001=2/S003=804; 1996/2006/2011/2020 each has four items with integer 1-10 responses. Official master questionnaires: wave3 PDF p15 V125-128; wave5 p10 V116-119; wave6 pp7-8 V96-99; wave7 pp8-9 Q106-109. E037 archive polarity is reversed relative to master questionnaires; analysis reverses the archive variable. Ukraine 2020 report p28 income-incentive mean6.16 independently reproduced. Original country-language questionnaires not separately verified; translation effects remain a limitation.,,
WVS,2006,competition,E039,V119,Place own views on a ten-point scale between opposite positions,Endpoint descriptions paraphrased; see linked source for exact master wording,competition beneficial: hard work and new ideas,competition harmful: brings out the worst in people,integers 1 through 10,"Harmonised trend-file variable, not original questionnaire position",competition beneficial: hard work and new ideas,competition harmful: brings out the worst in people,https://catalog.ihsn.org/catalog/8839/download/91509,11 - raw,competition,"all values outside 1..10; distinguish -1 DK, -2 no answer, -3 NA, -4 not asked, -5 other",S017,X003,unavailable; do not substitute interviewer IDs,not verified,verified within programme,Keep survey identity; incentive wording differs across programmes; original country-language forms not all independently verified; translation/mode effects unresolved,https://www.worldvaluessurvey.org/WVSDocumentationWVL.jsp,WVS-only SPSS v5.0 metadata; S001=2/S003=804; 1996/2006/2011/2020 each has four items with integer 1-10 responses. Official master questionnaires: wave3 PDF p15 V125-128; wave5 p10 V116-119; wave6 pp7-8 V96-99; wave7 pp8-9 Q106-109. E037 archive polarity is reversed relative to master questionnaires; analysis reverses the archive variable. Ukraine 2020 report p28 income-incentive mean6.16 independently reproduced. Original country-language questionnaires not separately verified; translation effects remain a limitation.,,
WVS,2006,individual_responsibility,E037,V118,Place own views on a ten-point scale between opposite positions,Endpoint descriptions paraphrased; see linked source for exact master wording,individuals responsible for providing for themselves,state/government responsible for ensuring provision,integers 1 through 10,"Harmonised trend-file variable, not original questionnaire position",government responsibility for provision,individual responsibility for provision,https://catalog.ihsn.org/catalog/8839/download/91509,11 - raw,individual_responsibility,"all values outside 1..10; distinguish -1 DK, -2 no answer, -3 NA, -4 not asked, -5 other",S017,X003,unavailable; do not substitute interviewer IDs,not verified,verified within programme,Keep survey identity; incentive wording differs across programmes; original country-language forms not all independently verified; translation/mode effects unresolved,https://www.worldvaluessurvey.org/WVSDocumentationWVL.jsp,WVS-only SPSS v5.0 metadata; S001=2/S003=804; 1996/2006/2011/2020 each has four items with integer 1-10 responses. Official master questionnaires: wave3 PDF p15 V125-128; wave5 p10 V116-119; wave6 pp7-8 V96-99; wave7 pp8-9 Q106-109. E037 archive polarity is reversed relative to master questionnaires; analysis reverses the archive variable. Ukraine 2020 report p28 income-incentive mean6.16 independently reproduced. Original country-language questionnaires not separately verified; translation effects remain a limitation.,,
WVS,2006,income_incentives,E035,V116,Place own views on a ten-point scale between opposite positions,Endpoint descriptions paraphrased; see linked source for exact master wording,make incomes more equal,greater incentives for effort (EVS); larger income differences as incentives (WVS),integers 1 through 10,"Harmonised trend-file variable, not original questionnaire position",make incomes more equal,greater incentives for effort (EVS); larger income differences as incentives (WVS),https://catalog.ihsn.org/catalog/8839/download/91509,raw,income_incentives,"all values outside 1..10; distinguish -1 DK, -2 no answer, -3 NA, -4 not asked, -5 other",S017,X003,unavailable; do not substitute interviewer IDs,not verified,verified within programme,Keep survey identity; incentive wording differs across programmes; original country-language forms not all independently verified; translation/mode effects unresolved,https://www.worldvaluessurvey.org/WVSDocumentationWVL.jsp,WVS-only SPSS v5.0 metadata; S001=2/S003=804; 1996/2006/2011/2020 each has four items with integer 1-10 responses. Official master questionnaires: wave3 PDF p15 V125-128; wave5 p10 V116-119; wave6 pp7-8 V96-99; wave7 pp8-9 Q106-109. E037 archive polarity is reversed relative to master questionnaires; analysis reverses the archive variable. Ukraine 2020 report p28 income-incentive mean6.16 independently reproduced. Original country-language questionnaires not separately verified; translation effects remain a limitation.,,
WVS,2011,private_ownership,E036,V97,Place own views on a ten-point scale between opposite positions,Endpoint descriptions paraphrased; see linked source for exact master wording,more private ownership of business/industry,more state/government ownership of business/industry,integers 1 through 10,"Harmonised trend-file variable, not original questionnaire position",more private ownership of business/industry,more state/government ownership of business/industry,https://catalog.ihsn.org/catalog/8838/download/91503,11 - raw,private_ownership,"all values outside 1..10; distinguish -1 DK, -2 no answer, -3 NA, -4 not asked, -5 other",S017,X003,unavailable; do not substitute interviewer IDs,X048ISO,verified within programme,Keep survey identity; incentive wording differs across programmes; original country-language forms not all independently verified; translation/mode effects unresolved,https://www.worldvaluessurvey.org/WVSDocumentationWVL.jsp,WVS-only SPSS v5.0 metadata; S001=2/S003=804; 1996/2006/2011/2020 each has four items with integer 1-10 responses. Official master questionnaires: wave3 PDF p15 V125-128; wave5 p10 V116-119; wave6 pp7-8 V96-99; wave7 pp8-9 Q106-109. E037 archive polarity is reversed relative to master questionnaires; analysis reverses the archive variable. Ukraine 2020 report p28 income-incentive mean6.16 independently reproduced. Original country-language questionnaires not separately verified; translation effects remain a limitation.,,
WVS,2011,competition,E039,V99,Place own views on a ten-point scale between opposite positions,Endpoint descriptions paraphrased; see linked source for exact master wording,competition beneficial: hard work and new ideas,competition harmful: brings out the worst in people,integers 1 through 10,"Harmonised trend-file variable, not original questionnaire position",competition beneficial: hard work and new ideas,competition harmful: brings out the worst in people,https://catalog.ihsn.org/catalog/8838/download/91503,11 - raw,competition,"all values outside 1..10; distinguish -1 DK, -2 no answer, -3 NA, -4 not asked, -5 other",S017,X003,unavailable; do not substitute interviewer IDs,X048ISO,verified within programme,Keep survey identity; incentive wording differs across programmes; original country-language forms not all independently verified; translation/mode effects unresolved,https://www.worldvaluessurvey.org/WVSDocumentationWVL.jsp,WVS-only SPSS v5.0 metadata; S001=2/S003=804; 1996/2006/2011/2020 each has four items with integer 1-10 responses. Official master questionnaires: wave3 PDF p15 V125-128; wave5 p10 V116-119; wave6 pp7-8 V96-99; wave7 pp8-9 Q106-109. E037 archive polarity is reversed relative to master questionnaires; analysis reverses the archive variable. Ukraine 2020 report p28 income-incentive mean6.16 independently reproduced. Original country-language questionnaires not separately verified; translation effects remain a limitation.,,
WVS,2011,individual_responsibility,E037,V98,Place own views on a ten-point scale between opposite positions,Endpoint descriptions paraphrased; see linked source for exact master wording,individuals responsible for providing for themselves,state/government responsible for ensuring provision,integers 1 through 10,"Harmonised trend-file variable, not original questionnaire position",government responsibility for provision,individual responsibility for provision,https://catalog.ihsn.org/catalog/8838/download/91503,11 - raw,individual_responsibility,"all values outside 1..10; distinguish -1 DK, -2 no answer, -3 NA, -4 not asked, -5 other",S017,X003,unavailable; do not substitute interviewer IDs,X048ISO,verified within programme,Keep survey identity; incentive wording differs across programmes; original country-language forms not all independently verified; translation/mode effects unresolved,https://www.worldvaluessurvey.org/WVSDocumentationWVL.jsp,WVS-only SPSS v5.0 metadata; S001=2/S003=804; 1996/2006/2011/2020 each has four items with integer 1-10 responses. Official master questionnaires: wave3 PDF p15 V125-128; wave5 p10 V116-119; wave6 pp7-8 V96-99; wave7 pp8-9 Q106-109. E037 archive polarity is reversed relative to master questionnaires; analysis reverses the archive variable. Ukraine 2020 report p28 income-incentive mean6.16 independently reproduced. Original country-language questionnaires not separately verified; translation effects remain a limitation.,,
WVS,2011,income_incentives,E035,V96,Place own views on a ten-point scale between opposite positions,Endpoint descriptions paraphrased; see linked source for exact master wording,make incomes more equal,greater incentives for effort (EVS); larger income differences as incentives (WVS),integers 1 through 10,"Harmonised trend-file variable, not original questionnaire position",make incomes more equal,greater incentives for effort (EVS); larger income differences as incentives (WVS),https://catalog.ihsn.org/catalog/8838/download/91503,raw,income_incentives,"all values outside 1..10; distinguish -1 DK, -2 no answer, -3 NA, -4 not asked, -5 other",S017,X003,unavailable; do not substitute interviewer IDs,X048ISO,verified within programme,Keep survey identity; incentive wording differs across programmes; original country-language forms not all independently verified; translation/mode effects unresolved,https://www.worldvaluessurvey.org/WVSDocumentationWVL.jsp,WVS-only SPSS v5.0 metadata; S001=2/S003=804; 1996/2006/2011/2020 each has four items with integer 1-10 responses. Official master questionnaires: wave3 PDF p15 V125-128; wave5 p10 V116-119; wave6 pp7-8 V96-99; wave7 pp8-9 Q106-109. E037 archive polarity is reversed relative to master questionnaires; analysis reverses the archive variable. Ukraine 2020 report p28 income-incentive mean6.16 independently reproduced. Original country-language questionnaires not separately verified; translation effects remain a limitation.,,
WVS,2020,private_ownership,E036,Q107,Place own views on a ten-point scale between opposite positions,Endpoint descriptions paraphrased; see linked source for exact master wording,more private ownership of business/industry,more state/government ownership of business/industry,integers 1 through 10,"Harmonised trend-file variable, not original questionnaire position",more private ownership of business/industry,more state/government ownership of business/industry,https://www.worldvaluessurvey.org/docs/EVS_WVS_Joint_v1_0_0_bq_WVS7.pdf,11 - raw,private_ownership,"all values outside 1..10; distinguish -1 DK, -2 no answer, -3 NA, -4 not asked, -5 other",S017,X003,unavailable; do not substitute interviewer IDs,X048ISO,verified within programme,Keep survey identity; incentive wording differs across programmes; original country-language forms not all independently verified; translation/mode effects unresolved,https://www.worldvaluessurvey.org/WVSDocumentationWVL.jsp,WVS-only SPSS v5.0 metadata; S001=2/S003=804; 1996/2006/2011/2020 each has four items with integer 1-10 responses. Official master questionnaires: wave3 PDF p15 V125-128; wave5 p10 V116-119; wave6 pp7-8 V96-99; wave7 pp8-9 Q106-109. E037 archive polarity is reversed relative to master questionnaires; analysis reverses the archive variable. Ukraine 2020 report p28 income-incentive mean6.16 independently reproduced. Original country-language questionnaires not separately verified; translation effects remain a limitation.,,
WVS,2020,competition,E039,Q109,Place own views on a ten-point scale between opposite positions,Endpoint descriptions paraphrased; see linked source for exact master wording,competition is good,competition is harmful,integers 1 through 10,"Harmonised trend-file variable, not original questionnaire position",competition is good,competition is harmful,https://www.worldvaluessurvey.org/docs/EVS_WVS_Joint_v1_0_0_bq_WVS7.pdf,11 - raw,competition,"all values outside 1..10; distinguish -1 DK, -2 no answer, -3 NA, -4 not asked, -5 other",S017,X003,unavailable; do not substitute interviewer IDs,X048ISO,verified within programme,"WVS wave7 competition endpoints shortened to good/harmful; shared construct, wording continuity qualified. Keep survey identity; incentive wording differs across programmes; original country-language forms not all independently verified; translation/mode effects unresolved",https://www.worldvaluessurvey.org/WVSDocumentationWVL.jsp,WVS-only SPSS v5.0 metadata; S001=2/S003=804; 1996/2006/2011/2020 each has four items with integer 1-10 responses. Official master questionnaires: wave3 PDF p15 V125-128; wave5 p10 V116-119; wave6 pp7-8 V96-99; wave7 pp8-9 Q106-109. E037 archive polarity is reversed relative to master questionnaires; analysis reverses the archive variable. Ukraine 2020 report p28 income-incentive mean6.16 independently reproduced. Original country-language questionnaires not separately verified; translation effects remain a limitation.,,
WVS,2020,individual_responsibility,E037,Q108,Place own views on a ten-point scale between opposite positions,Endpoint descriptions paraphrased; see linked source for exact master wording,individuals responsible for providing for themselves,state/government responsible for ensuring provision,integers 1 through 10,"Harmonised trend-file variable, not original questionnaire position",government responsibility for provision,individual responsibility for provision,https://www.worldvaluessurvey.org/docs/EVS_WVS_Joint_v1_0_0_bq_WVS7.pdf,11 - raw,individual_responsibility,"all values outside 1..10; distinguish -1 DK, -2 no answer, -3 NA, -4 not asked, -5 other",S017,X003,unavailable; do not substitute interviewer IDs,X048ISO,verified within programme,Keep survey identity; incentive wording differs across programmes; original country-language forms not all independently verified; translation/mode effects unresolved,https://www.worldvaluessurvey.org/WVSDocumentationWVL.jsp,WVS-only SPSS v5.0 metadata; S001=2/S003=804; 1996/2006/2011/2020 each has four items with integer 1-10 responses. Official master questionnaires: wave3 PDF p15 V125-128; wave5 p10 V116-119; wave6 pp7-8 V96-99; wave7 pp8-9 Q106-109. E037 archive polarity is reversed relative to master questionnaires; analysis reverses the archive variable. Ukraine 2020 report p28 income-incentive mean6.16 independently reproduced. Original country-language questionnaires not separately verified; translation effects remain a limitation.,,
WVS,2020,income_incentives,E035,Q106,Place own views on a ten-point scale between opposite positions,Endpoint descriptions paraphrased; see linked source for exact master wording,make incomes more equal,greater incentives for effort (EVS); larger income differences as incentives (WVS),integers 1 through 10,"Harmonised trend-file variable, not original questionnaire position",make incomes more equal,greater incentives for effort (EVS); larger income differences as incentives (WVS),https://www.worldvaluessurvey.org/docs/EVS_WVS_Joint_v1_0_0_bq_WVS7.pdf,raw,income_incentives,"all values outside 1..10; distinguish -1 DK, -2 no answer, -3 NA, -4 not asked, -5 other",S017,X003,unavailable; do not substitute interviewer IDs,X048ISO,verified within programme,Keep survey identity; incentive wording differs across programmes; original country-language forms not all independently verified; translation/mode effects unresolved,https://www.worldvaluessurvey.org/WVSDocumentationWVL.jsp,WVS-only SPSS v5.0 metadata; S001=2/S003=804; 1996/2006/2011/2020 each has four items with integer 1-10 responses. Official master questionnaires: wave3 PDF p15 V125-128; wave5 p10 V116-119; wave6 pp7-8 V96-99; wave7 pp8-9 Q106-109. E037 archive polarity is reversed relative to master questionnaires; analysis reverses the archive variable. Ukraine 2020 report p28 income-incentive mean6.16 independently reproduced. Original country-language questionnaires not separately verified; translation effects remain a limitation.,,
EVS,1999,private_ownership,E036,Q54F,Place own views on a ten-point scale between opposite positions,Endpoint descriptions paraphrased; see linked source for exact master wording,more private ownership of business/industry,more state/government ownership of business/industry,integers 1 through 10,"Harmonised trend-file variable, not original questionnaire position",more private ownership of business/industry,more state/government ownership of business/industry,https://access.gesis.org/dbk/71022,11 - raw,private_ownership,"all values outside 1..10; distinguish -1 DK, -2 no answer, -3 NA, -4 not asked, -5 other",S017,X003,unavailable; do not substitute interviewer IDs,X048_EVS,verified within programme,Keep survey identity; incentive wording differs across programmes; original country-language forms not all independently verified; translation/mode effects unresolved,https://access.gesis.org/dbk/71022,"ZA7503 v3.0.0 variable report, PDF pp.87,361-365; Ukrainian microdata S001=1, S003=804, S020 years1999/2008/2020; all four items have observed 1-10 responses in each wave. Source missing codes retained. Numeric values unchanged by parser metadata workaround.",,
EVS,1999,competition,E039,Q54C,Place own views on a ten-point scale between opposite positions,Endpoint descriptions paraphrased; see linked source for exact master wording,competition beneficial: hard work and new ideas,competition harmful: brings out the worst in people,integers 1 through 10,"Harmonised trend-file variable, not original questionnaire position",competition beneficial: hard work and new ideas,competition harmful: brings out the worst in people,https://access.gesis.org/dbk/71022,11 - raw,competition,"all values outside 1..10; distinguish -1 DK, -2 no answer, -3 NA, -4 not asked, -5 other",S017,X003,unavailable; do not substitute interviewer IDs,X048_EVS,verified within programme,Keep survey identity; incentive wording differs across programmes; original country-language forms not all independently verified; translation/mode effects unresolved,https://access.gesis.org/dbk/71022,"ZA7503 v3.0.0 variable report, PDF pp.87,361-365; Ukrainian microdata S001=1, S003=804, S020 years1999/2008/2020; all four items have observed 1-10 responses in each wave. Source missing codes retained. Numeric values unchanged by parser metadata workaround.",,
EVS,1999,individual_responsibility,E037,Q54A,Place own views on a ten-point scale between opposite positions,Endpoint descriptions paraphrased; see linked source for exact master wording,individuals responsible for providing for themselves,state/government responsible for ensuring provision,integers 1 through 10,"Harmonised trend-file variable, not original questionnaire position",individuals responsible for providing for themselves,state/government responsible for ensuring provision,https://access.gesis.org/dbk/71022,11 - raw,individual_responsibility,"all values outside 1..10; distinguish -1 DK, -2 no answer, -3 NA, -4 not asked, -5 other",S017,X003,unavailable; do not substitute interviewer IDs,X048_EVS,verified within programme,Keep survey identity; incentive wording differs across programmes; original country-language forms not all independently verified; translation/mode effects unresolved,https://access.gesis.org/dbk/71022,"ZA7503 v3.0.0 variable report, PDF pp.87,361-365; Ukrainian microdata S001=1, S003=804, S020 years1999/2008/2020; all four items have observed 1-10 responses in each wave. Source missing codes retained. Numeric values unchanged by parser metadata workaround.",,
EVS,1999,income_incentives,E035,Q54E,Place own views on a ten-point scale between opposite positions,Endpoint descriptions paraphrased; see linked source for exact master wording,make incomes more equal,greater incentives for effort (EVS); larger income differences as incentives (WVS),integers 1 through 10,"Harmonised trend-file variable, not original questionnaire position",make incomes more equal,greater incentives for effort (EVS); larger income differences as incentives (WVS),https://access.gesis.org/dbk/71022,raw,income_incentives,"all values outside 1..10; distinguish -1 DK, -2 no answer, -3 NA, -4 not asked, -5 other",S017,X003,unavailable; do not substitute interviewer IDs,X048_EVS,verified within programme,Keep survey identity; incentive wording differs across programmes; original country-language forms not all independently verified; translation/mode effects unresolved,https://access.gesis.org/dbk/71022,"ZA7503 v3.0.0 variable report, PDF pp.87,361-365; Ukrainian microdata S001=1, S003=804, S020 years1999/2008/2020; all four items have observed 1-10 responses in each wave. Source missing codes retained. Numeric values unchanged by parser metadata workaround.",,
EVS,2008,private_ownership,E036,Q58F,Place own views on a ten-point scale between opposite positions,Endpoint descriptions paraphrased; see linked source for exact master wording,more private ownership of business/industry,more state/government ownership of business/industry,integers 1 through 10,"Harmonised trend-file variable, not original questionnaire position",more private ownership of business/industry,more state/government ownership of business/industry,https://access.gesis.org/dbk/71022,11 - raw,private_ownership,"all values outside 1..10; distinguish -1 DK, -2 no answer, -3 NA, -4 not asked, -5 other",S017,X003,unavailable; do not substitute interviewer IDs,X048B_N2,verified within programme,Keep survey identity; incentive wording differs across programmes; original country-language forms not all independently verified; translation/mode effects unresolved,https://access.gesis.org/dbk/71022,"ZA7503 v3.0.0 variable report, PDF pp.87,361-365; Ukrainian microdata S001=1, S003=804, S020 years1999/2008/2020; all four items have observed 1-10 responses in each wave. Source missing codes retained. Numeric values unchanged by parser metadata workaround.",,
EVS,2008,competition,E039,Q58C,Place own views on a ten-point scale between opposite positions,Endpoint descriptions paraphrased; see linked source for exact master wording,competition beneficial: hard work and new ideas,competition harmful: brings out the worst in people,integers 1 through 10,"Harmonised trend-file variable, not original questionnaire position",competition beneficial: hard work and new ideas,competition harmful: brings out the worst in people,https://access.gesis.org/dbk/71022,11 - raw,competition,"all values outside 1..10; distinguish -1 DK, -2 no answer, -3 NA, -4 not asked, -5 other",S017,X003,unavailable; do not substitute interviewer IDs,X048B_N2,verified within programme,Keep survey identity; incentive wording differs across programmes; original country-language forms not all independently verified; translation/mode effects unresolved,https://access.gesis.org/dbk/71022,"ZA7503 v3.0.0 variable report, PDF pp.87,361-365; Ukrainian microdata S001=1, S003=804, S020 years1999/2008/2020; all four items have observed 1-10 responses in each wave. Source missing codes retained. Numeric values unchanged by parser metadata workaround.",,
EVS,2008,individual_responsibility,E037,Q58A,Place own views on a ten-point scale between opposite positions,Endpoint descriptions paraphrased; see linked source for exact master wording,individuals responsible for providing for themselves,state/government responsible for ensuring provision,integers 1 through 10,"Harmonised trend-file variable, not original questionnaire position",individuals responsible for providing for themselves,state/government responsible for ensuring provision,https://access.gesis.org/dbk/71022,11 - raw,individual_responsibility,"all values outside 1..10; distinguish -1 DK, -2 no answer, -3 NA, -4 not asked, -5 other",S017,X003,unavailable; do not substitute interviewer IDs,X048B_N2,verified within programme,Keep survey identity; incentive wording differs across programmes; original country-language forms not all independently verified; translation/mode effects unresolved,https://access.gesis.org/dbk/71022,"ZA7503 v3.0.0 variable report, PDF pp.87,361-365; Ukrainian microdata S001=1, S003=804, S020 years1999/2008/2020; all four items have observed 1-10 responses in each wave. Source missing codes retained. Numeric values unchanged by parser metadata workaround.",,
EVS,2008,income_incentives,E035,Q58E,Place own views on a ten-point scale between opposite positions,Endpoint descriptions paraphrased; see linked source for exact master wording,make incomes more equal,greater incentives for effort (EVS); larger income differences as incentives (WVS),integers 1 through 10,"Harmonised trend-file variable, not original questionnaire position",make incomes more equal,greater incentives for effort (EVS); larger income differences as incentives (WVS),https://access.gesis.org/dbk/71022,raw,income_incentives,"all values outside 1..10; distinguish -1 DK, -2 no answer, -3 NA, -4 not asked, -5 other",S017,X003,unavailable; do not substitute interviewer IDs,X048B_N2,verified within programme,Keep survey identity; incentive wording differs across programmes; original country-language forms not all independently verified; translation/mode effects unresolved,https://access.gesis.org/dbk/71022,"ZA7503 v3.0.0 variable report, PDF pp.87,361-365; Ukrainian microdata S001=1, S003=804, S020 years1999/2008/2020; all four items have observed 1-10 responses in each wave. Source missing codes retained. Numeric values unchanged by parser metadata workaround.",,
EVS,2020,private_ownership,E036,Q32,Place own views on a ten-point scale between opposite positions,Endpoint descriptions paraphrased; see linked source for exact master wording,more private ownership of business/industry,more state/government ownership of business/industry,integers 1 through 10,"Harmonised trend-file variable, not original questionnaire position",more private ownership of business/industry,more state/government ownership of business/industry,https://access.gesis.org/dbk/71022,11 - raw,private_ownership,"all values outside 1..10; distinguish -1 DK, -2 no answer, -3 NA, -4 not asked, -5 other",S017,X003,unavailable; do not substitute interviewer IDs,X048I_N2,verified within programme,Keep survey identity; incentive wording differs across programmes; original country-language forms not all independently verified; translation/mode effects unresolved,https://access.gesis.org/dbk/71022,"ZA7503 v3.0.0 variable report, PDF pp.87,361-365; Ukrainian microdata S001=1, S003=804, S020 years1999/2008/2020; all four items have observed 1-10 responses in each wave. Source missing codes retained. Numeric values unchanged by parser metadata workaround.",,
EVS,2020,competition,E039,Q32,Place own views on a ten-point scale between opposite positions,Endpoint descriptions paraphrased; see linked source for exact master wording,competition beneficial: hard work and new ideas,competition harmful: brings out the worst in people,integers 1 through 10,"Harmonised trend-file variable, not original questionnaire position",competition beneficial: hard work and new ideas,competition harmful: brings out the worst in people,https://access.gesis.org/dbk/71022,11 - raw,competition,"all values outside 1..10; distinguish -1 DK, -2 no answer, -3 NA, -4 not asked, -5 other",S017,X003,unavailable; do not substitute interviewer IDs,X048I_N2,verified within programme,Keep survey identity; incentive wording differs across programmes; original country-language forms not all independently verified; translation/mode effects unresolved,https://access.gesis.org/dbk/71022,"ZA7503 v3.0.0 variable report, PDF pp.87,361-365; Ukrainian microdata S001=1, S003=804, S020 years1999/2008/2020; all four items have observed 1-10 responses in each wave. Source missing codes retained. Numeric values unchanged by parser metadata workaround.",,
EVS,2020,individual_responsibility,E037,Q32,Place own views on a ten-point scale between opposite positions,Endpoint descriptions paraphrased; see linked source for exact master wording,individuals responsible for providing for themselves,state/government responsible for ensuring provision,integers 1 through 10,"Harmonised trend-file variable, not original questionnaire position",individuals responsible for providing for themselves,state/government responsible for ensuring provision,https://access.gesis.org/dbk/71022,11 - raw,individual_responsibility,"all values outside 1..10; distinguish -1 DK, -2 no answer, -3 NA, -4 not asked, -5 other",S017,X003,unavailable; do not substitute interviewer IDs,X048I_N2,verified within programme,Keep survey identity; incentive wording differs across programmes; original country-language forms not all independently verified; translation/mode effects unresolved,https://access.gesis.org/dbk/71022,"ZA7503 v3.0.0 variable report, PDF pp.87,361-365; Ukrainian microdata S001=1, S003=804, S020 years1999/2008/2020; all four items have observed 1-10 responses in each wave. Source missing codes retained. Numeric values unchanged by parser metadata workaround.",,
EVS,2020,income_incentives,E035,Q32,Place own views on a ten-point scale between opposite positions,Endpoint descriptions paraphrased; see linked source for exact master wording,make incomes more equal,greater incentives for effort (EVS); larger income differences as incentives (WVS),integers 1 through 10,"Harmonised trend-file variable, not original questionnaire position",make incomes more equal,greater incentives for effort (EVS); larger income differences as incentives (WVS),https://access.gesis.org/dbk/71022,raw,income_incentives,"all values outside 1..10; distinguish -1 DK, -2 no answer, -3 NA, -4 not asked, -5 other",S017,X003,unavailable; do not substitute interviewer IDs,X048I_N2,verified within programme,Keep survey identity; incentive wording differs across programmes; original country-language forms not all independently verified; translation/mode effects unresolved,https://access.gesis.org/dbk/71022,"ZA7503 v3.0.0 variable report, PDF pp.87,361-365; Ukrainian microdata S001=1, S003=804, S020 years1999/2008/2020; all four items have observed 1-10 responses in each wave. Source missing codes retained. Numeric values unchanged by parser metadata workaround.",,
LiTS,2006,market,q310,Q3.10,Select the economic-system statement closest to own view,Statements paraphrased; see master questionnaire question reference,market economy preferable to other economic systems,,"1, 2, 3",,,,,category retained; market share = weighted mean of indicator(raw=1),not ordinal; no mean of categories,"system missing (2006); -97 do not know (2010,2016); all other values excluded",weight_0,ageB,tabled,unlabelled region; sensitivity unavailable,same response-choice construct; territory changes; 2006 common-territory comparison unresolved,Do not combine with WVS/EVS dimension scores; 2010-16 localities partly revisited but respondents are repeated cross-sections,https://www.ebrd.com/home/what-we-do/office-of-the-chief-economist/lits/life-in-transition-survey-data.html,Official master Q3.10; original Stata value labels and Ukrainian response frequencies; 2016 published rounded shares reproduced,planned economy sometimes preferable to market economy,for people like me the economic system does not matter
LiTS,2010,market,q310,Q3.10,Select the economic-system statement closest to own view,Statements paraphrased; see master questionnaire question reference,market economy preferable to other economic systems,,"1, 2, 3",,,,,category retained; market share = weighted mean of indicator(raw=1),not ordinal; no mean of categories,"system missing (2006); -97 do not know (2010,2016); all other values excluded",weight,respondentage,psu,Region1,same response-choice construct; territory changes; 2006 common-territory comparison unresolved,Do not combine with WVS/EVS dimension scores; 2010-16 localities partly revisited but respondents are repeated cross-sections,https://www.ebrd.com/home/what-we-do/office-of-the-chief-economist/lits/life-in-transition-survey-data.html,Official master Q3.10; original Stata value labels and Ukrainian response frequencies; 2016 published rounded shares reproduced,planned economy sometimes preferable to market economy,for people like me the economic system does not matter
LiTS,2016,market,q411,Q4.11,Select the economic-system statement closest to own view,Statements paraphrased; see master questionnaire question reference,market economy preferable to other economic systems,,"1, 2, 3",,,,,category retained; market share = weighted mean of indicator(raw=1),not ordinal; no mean of categories,"system missing (2006); -97 do not know (2010,2016); all other values excluded",weight_population,age_pr,PSU_number,region_name,same response-choice construct; territory changes; 2006 common-territory comparison unresolved,Do not combine with WVS/EVS dimension scores; 2010-16 localities partly revisited but respondents are repeated cross-sections,https://www.ebrd.com/home/what-we-do/office-of-the-chief-economist/lits/life-in-transition-survey-data.html,Official master Q4.11; original Stata value labels and Ukrainian response frequencies; 2016 published rounded shares reproduced,planned economy sometimes preferable to market economy,for people like me the economic system does not matter
