survey,item,question_type,response_groups,method_note,question_override,scale_min,scale_max,units
WVS,E040,numeric,"{""Mean"": [1, 2, 3, 4, 5, 6, 7, 8, 9, 10]}",Weighted mean of valid 1–10 responses; approximate 95% confidence intervals.,,,,
WVS,E224,numeric,"{""Mean"": [1, 2, 3, 4, 5, 6, 7, 8, 9, 10]}",Mean of 1–10 ratings; spontaneous “against democracy” answers are outside the numeric scale.,,,,
WVS,E227,numeric,"{""Mean"": [1, 2, 3, 4, 5, 6, 7, 8, 9, 10]}",Mean of 1–10 ratings; spontaneous “against democracy” answers are outside the numeric scale.,,,,
WVS,E233A,numeric,"{""Mean"": [1, 2, 3, 4, 5, 6, 7, 8, 9, 10]}",Mean of 1–10 ratings; spontaneous “against democracy” answers are outside the numeric scale.,,,,
WVS,F114A,numeric,"{""Mean"": [1, 2, 3, 4, 5, 6, 7, 8, 9, 10]}",Weighted mean of valid 1–10 responses; approximate 95% confidence intervals.,,,,
WVS,F116,numeric,"{""Mean"": [1, 2, 3, 4, 5, 6, 7, 8, 9, 10]}",Weighted mean of valid 1–10 responses; approximate 95% confidence intervals.,,,,
WVS,E069_05,ordinal,"{""Confidence"": [1, 2], ""No confidence"": [3, 4], ""Don't know"": [-1], ""No answer / other missing"": [-2, -3, -4, -5]}","Positive and negative categories combined; all adults, including nonresponse.",,,,
WVS,E069_13,ordinal,"{""Confidence"": [1, 2], ""No confidence"": [3, 4], ""Don't know"": [-1], ""No answer / other missing"": [-2, -3, -4, -5]}","Positive and negative categories combined; all adults, including nonresponse.",,,,
WVS,E069_41,ordinal,"{""Confidence"": [1, 2], ""No confidence"": [3, 4], ""Don't know"": [-1], ""No answer / other missing"": [-2, -3, -4, -5]}","Positive and negative categories combined; all adults, including nonresponse.",,,,
WVS,B008,nominal,"{""Protect the environment"": [1], ""Growth and jobs"": [2], ""Other answer"": [3], ""Don't know"": [-1], ""No answer / other missing"": [-2, -3, -4, -5]}","All response options; all adults, including nonresponse.",,,,
WVS,E035,numeric,"{""Mean"": [1, 2, 3, 4, 5, 6, 7, 8, 9, 10]}",Weighted mean of valid 1–10 responses; approximate 95% confidence intervals.,,,,
WVS,E036,numeric,"{""Mean"": [1, 2, 3, 4, 5, 6, 7, 8, 9, 10]}",Weighted mean of valid 1–10 responses; approximate 95% confidence intervals.,,,,
WVS,E037,numeric,"{""Mean"": [1, 2, 3, 4, 5, 6, 7, 8, 9, 10]}",Weighted mean of valid 1–10 responses; approximate 95% confidence intervals.,,,,
WVS,E039,numeric,"{""Mean"": [1, 2, 3, 4, 5, 6, 7, 8, 9, 10]}",Weighted mean of valid 1–10 responses; approximate 95% confidence intervals.,,,,
EVS,F116,numeric,"{""Mean"": [1, 2, 3, 4, 5, 6, 7, 8, 9, 10]}",Weighted mean of valid 1–10 responses; approximate 95% confidence intervals.,,,,
EVS,E069_05,ordinal,"{""Confidence"": [1, 2], ""No confidence"": [3, 4], ""Don't know"": [-1], ""No answer / other missing"": [-2, -3, -4, -5]}","Positive and negative categories combined; all adults, including nonresponse.",,,,
EVS,E069_09,ordinal,"{""Confidence"": [1, 2], ""No confidence"": [3, 4], ""Don't know"": [-1], ""No answer / other missing"": [-2, -3, -4, -5]}","Positive and negative categories combined; all adults, including nonresponse.",,,,
EVS,E069_13,ordinal,"{""Confidence"": [1, 2], ""No confidence"": [3, 4], ""Don't know"": [-1], ""No answer / other missing"": [-2, -3, -4, -5]}","Positive and negative categories combined; all adults, including nonresponse.",,,,
EVS,E035,numeric,"{""Mean"": [1, 2, 3, 4, 5, 6, 7, 8, 9, 10]}",Weighted mean of valid 1–10 responses; approximate 95% confidence intervals.,,,,
EVS,E036,numeric,"{""Mean"": [1, 2, 3, 4, 5, 6, 7, 8, 9, 10]}",Weighted mean of valid 1–10 responses; approximate 95% confidence intervals.,,,,
EVS,E037,numeric,"{""Mean"": [1, 2, 3, 4, 5, 6, 7, 8, 9, 10]}",Weighted mean of valid 1–10 responses; approximate 95% confidence intervals.,,,,
EVS,E038,numeric,"{""Mean"": [1, 2, 3, 4, 5, 6, 7, 8, 9, 10]}",Weighted mean of valid 1–10 responses; approximate 95% confidence intervals.,,,,
EVS,E039,numeric,"{""Mean"": [1, 2, 3, 4, 5, 6, 7, 8, 9, 10]}",Weighted mean of valid 1–10 responses; approximate 95% confidence intervals.,,,,
Monitoring,existing_private_land,ordinal,"{""Positive"": [""positive"", ""rather_positive""], ""Negative"": [""negative"", ""rather_negative""], ""Don't know"": [""dont_know""], ""No answer"": [""no_answer""]}",Positive and negative responses combined; published percentages of all respondents.,,,,
Monitoring,existing_private_large,ordinal,"{""Positive"": [""positive"", ""rather_positive""], ""Negative"": [""negative"", ""rather_negative""], ""Don't know"": [""dont_know""], ""No answer"": [""no_answer""]}",Positive and negative responses combined; published percentages of all respondents.,,,,
Monitoring,existing_private_small,ordinal,"{""Positive"": [""positive"", ""rather_positive""], ""Negative"": [""negative"", ""rather_negative""], ""Don't know"": [""dont_know""], ""No answer"": [""no_answer""]}",Positive and negative responses combined; published percentages of all respondents.,,,,
Monitoring,land_ownership_rights,nominal,"{""Full ownership, including sale"": [""full_ownership_including_sale""], ""Inheritable use, no sale"": [""inheritable_use_no_sale""], ""Community ownership"": [""community_ownership""], ""State ownership"": [""state_ownership""], ""Don't know"": [""dont_know""], ""No answer"": [""no_answer""]}",All named options; published percentages of all respondents.,What rights should people have over land?,,,
Monitoring,land_sales_agricultural,ordinal,"{""Yes"": [""yes""], ""No"": [""no""], ""Don't know"": [""dont_know""], ""No answer"": [""no_answer""]}",Positive and negative responses combined; published percentages of all respondents.,,,,
Monitoring,ownership_policy,nominal,"{""Broad privatisation"": [""broad_privatisation""], ""Privatise except efficient state firms"": [""privatise_except_efficient_state_firms""], ""Retain state enterprises"": [""retain_state_firms""], ""Nationalise private firms"": [""nationalise""], ""Don't know / no answer"": [""dont_know_or_no_answer""]}",All named options; published percentages of all respondents.,Which ownership policy should the state pursue?,,,
Monitoring,privatise_land,ordinal,"{""Positive"": [""positive""], ""Negative"": [""negative""], ""Mixed / ambivalent"": [""ambivalent""], ""No answer"": [""no_answer""]}",Positive and negative responses combined; published percentages of all respondents.,,,,
Monitoring,privatise_large,ordinal,"{""Positive"": [""positive""], ""Negative"": [""negative""], ""Mixed / ambivalent"": [""ambivalent""], ""No answer"": [""no_answer""]}",Positive and negative responses combined; published percentages of all respondents.,,,,
Monitoring,privatise_small,ordinal,"{""Positive"": [""positive""], ""Negative"": [""negative""], ""Mixed / ambivalent"": [""ambivalent""], ""No answer"": [""no_answer""]}",Positive and negative responses combined; published percentages of all respondents.,,,,
Monitoring,renationalise_land,ordinal,"{""Yes"": [""yes"", ""rather_yes""], ""No"": [""no"", ""rather_no""], ""Don't know"": [""dont_know""], ""No answer"": [""no_answer""]}",Positive and negative responses combined; published percentages of all respondents.,Should privately owned land be returned to state ownership?,,,
Monitoring,renationalise_large,ordinal,"{""Yes"": [""yes"", ""rather_yes""], ""No"": [""no"", ""rather_no""], ""Don't know"": [""dont_know""], ""No answer"": [""no_answer""]}",Positive and negative responses combined; published percentages of all respondents.,Should privately owned large enterprises be returned to state ownership?,,,
Monitoring,renationalise_small,ordinal,"{""Yes"": [""yes"", ""rather_yes""], ""No"": [""no"", ""rather_no""], ""Don't know"": [""dont_know""], ""No answer"": [""no_answer""]}",Positive and negative responses combined; published percentages of all respondents.,Should privately owned small enterprises be returned to state ownership?,,,
Monitoring,retrospective_land,ordinal,"{""Yes"": [""yes"", ""rather_yes""], ""No"": [""no"", ""rather_no""], ""Don't know"": [""dont_know""], ""No answer"": [""no_answer""]}",Positive and negative responses combined; published percentages of all respondents.,,,,
Monitoring,retrospective_large,ordinal,"{""Yes"": [""yes"", ""rather_yes""], ""No"": [""no"", ""rather_no""], ""Don't know"": [""dont_know""], ""No answer"": [""no_answer""]}",Positive and negative responses combined; published percentages of all respondents.,,,,
Monitoring,retrospective_small,ordinal,"{""Yes"": [""yes"", ""rather_yes""], ""No"": [""no"", ""rather_no""], ""Don't know"": [""dont_know""], ""No answer"": [""no_answer""]}",Positive and negative responses combined; published percentages of all respondents.,,,,
Monitoring,state_market_role,nominal,"{""Minimal state involvement"": [""minimal_state_market""], ""State and market combined"": [""mixed_state_market""], ""Planned economy"": [""planned_economy""], ""Don't know"": [""dont_know""], ""No answer"": [""no_answer""]}",All named options; published percentages of all respondents.,What should be the relationship between the state and the economy?,,,
Monitoring,work_private_employer,ordinal,"{""Yes"": [""yes"", ""rather_yes""], ""No"": [""no"", ""rather_no""], ""Don't know"": [""dont_know""], ""No answer"": [""no_answer""]}",Positive and negative responses combined; published percentages of all respondents.,,,,
Monitoring,accept_market_values,ordinal,"{""Accept"": [""rather_positive"", ""positive""], ""Reject"": [""negative"", ""rather_negative""], ""Don't know"": [""dont_know""], ""No answer"": [""no_answer""]}",Positive and negative categories combined; published percentages of all respondents.,,,,
Monitoring,enterprise_initiative,ordinal,"{""Important"": [""rather_positive"", ""positive""], ""Not important"": [""negative"", ""rather_negative""], ""Undecided"": [""undecided""], ""No answer"": [""no_answer""]}",Positive and negative categories combined; published percentages of all respondents.,,,,
Monitoring,trust_state_managers,ordinal,"{""Trust"": [""rather_positive"", ""positive""], ""Distrust"": [""negative"", ""rather_negative""], ""Undecided"": [""undecided""], ""No answer"": [""no_answer""]}",Positive and negative categories combined; published percentages of all respondents.,,,,
Monitoring,trust_tax_authority,ordinal,"{""Trust"": [""rather_positive"", ""positive""], ""Distrust"": [""negative"", ""rather_negative""], ""Undecided"": [""undecided""], ""No answer"": [""no_answer""]}",Positive and negative categories combined; published percentages of all respondents.,,,,
Monitoring,trust_banks,ordinal,"{""Trust"": [""rather_positive"", ""positive""], ""Distrust"": [""negative"", ""rather_negative""], ""Undecided"": [""undecided""], ""No answer"": [""no_answer""]}",Positive and negative categories combined; published percentages of all respondents.,,,,
Monitoring,trust_unions,ordinal,"{""Trust"": [""rather_positive"", ""positive""], ""Distrust"": [""negative"", ""rather_negative""], ""Undecided"": [""undecided""], ""No answer"": [""no_answer""]}",Positive and negative categories combined; published percentages of all respondents.,,,,
Monitoring,market_relations_natural,nominal,"{""Adapted; markets feel natural"": [""adapted""], ""Still finding a place in life"": [""searching""], ""Not adapting; waiting for change"": [""not_adapting""], ""Don't know"": [""dont_know""], ""No answer"": [""no_answer""]}",All options; blue highlights the response explicitly referring to market relations.,How have you adapted to the current life situation?,,,
Monitoring,start_business,ordinal,"{""Yes"": [""yes"", ""rather_yes""], ""No"": [""no"", ""rather_no""], ""Don't know"": [""dont_know""], ""Already owns a business"": [""already_owner""], ""No answer"": [""no_answer""]}",Yes/no categories combined; “already owns a business” was offered only in 2020.,,,,
Pew,transition_approval,ordinal,"{""Approve"": [""strongly_approve"", ""approve""], ""Disapprove"": [""disapprove"", ""strongly_disapprove""], ""Don't know / refused"": [""dont_know""]}",Adjacent positive/negative categories combined; published percentages may round to 99–101%.,,,,
Pew,better_than_communism,ordinal,"{""Better"": [""better""], ""Worse"": [""worse""], ""About the same"": [""same""], ""Don't know / refused"": [""dont_know""]}",Adjacent positive/negative categories combined; published percentages may round to 99–101%.,,,,
Pew,transition_ordinary,ordinal,"{""Benefited substantially"": [""great"", ""fair""], ""Benefited little or not at all"": [""little"", ""none""], ""Don't know / refused"": [""dont_know""]}",Adjacent positive/negative categories combined; published percentages may round to 99–101%.,,,,
Pew,transition_business,ordinal,"{""Benefited substantially"": [""great"", ""fair""], ""Benefited little or not at all"": [""little"", ""none""], ""Don't know / refused"": [""dont_know""]}",Adjacent positive/negative categories combined; published percentages may round to 99–101%.,,,,
Pew,transition_politicians,ordinal,"{""Benefited substantially"": [""great"", ""fair""], ""Benefited little or not at all"": [""little"", ""none""], ""Don't know / refused"": [""dont_know""]}",Adjacent positive/negative categories combined; published percentages may round to 99–101%.,,,,
ESS,gincdif,ordinal,"{""Agree"": [1, 2], ""Disagree"": [4, 5], ""Neither agree nor disagree"": [3], ""Don't know"": [8], ""Refused / no answer"": [7, 9]}",Adults 18+; supplied weights and 95% intervals. ESS10 is the related Ukrainian study.,Should the government take measures to reduce differences in income levels?,0.0,10.0,
ESS,imbgeco,numeric,"{""Mean"": [0, 1, 2, 3, 4, 5, 6, 7, 8, 9, 10]}",Adults 18+; supplied weights and 95% intervals. ESS10 is the related Ukrainian study.,Is immigration bad or good for Ukraine's economy?,0.0,10.0,
ESS,gvctzpv,numeric,"{""Mean"": [0, 1, 2, 3, 4, 5, 6, 7, 8, 9, 10]}",Adults 18+; supplied weights and 95% intervals. ESS10 is the related Ukrainian study.,How important is government protection against poverty for democracy?,0.0,10.0,
ESS,grdfinc,numeric,"{""Mean"": [0, 1, 2, 3, 4, 5, 6, 7, 8, 9, 10]}",Adults 18+; supplied weights and 95% intervals. ESS10 is the related Ukrainian study.,How important is government reduction of income differences for democracy?,0.0,10.0,
ESS,gvctzpvc,numeric,"{""Mean"": [0, 1, 2, 3, 4, 5, 6, 7, 8, 9, 10]}",Adults 18+; supplied weights and 95% intervals. ESS10 is the related Ukrainian study.,To what extent does the government in Ukraine protect citizens against poverty?,0.0,10.0,
ESS,grdfincc,numeric,"{""Mean"": [0, 1, 2, 3, 4, 5, 6, 7, 8, 9, 10]}",Adults 18+; supplied weights and 95% intervals. ESS10 is the related Ukrainian study.,To what extent does the government in Ukraine reduce income differences?,0.0,10.0,
ISSP,income_gap,ordinal,"{""Agree"": [1, 2], ""Disagree"": [4, 5], ""Neither agree nor disagree"": [3], ""Don't know"": [8], ""No answer"": [9]}",Adults 18+; supplied weights. Approximate 95% intervals; see methods for sampling and coverage.,Income differences are too large?,0.0,10.0,percent
ISSP,redistribution,ordinal,"{""Agree"": [1, 2], ""Disagree"": [4, 5], ""Neither agree nor disagree"": [3], ""Don't know"": [8], ""No answer"": [9]}",Adults 18+; supplied weights. Approximate 95% intervals; see methods for sampling and coverage.,Government should reduce income differences?,0.0,10.0,percent
ISSP,unemployed_living,ordinal,"{""Agree"": [1, 2], ""Disagree"": [4, 5], ""Neither agree nor disagree"": [3], ""Don't know"": [8], ""No answer"": [9]}",Adults 18+; supplied weights. Approximate 95% intervals; see methods for sampling and coverage.,Government should provide a decent living for unemployed people?,0.0,10.0,percent
ISSP,tax_rich,ordinal,"{""Higher taxes"": [1, 2], ""Lower taxes"": [4, 5], ""The same taxes"": [3], ""Don't know"": [8], ""No answer"": [9]}",Adults 18+; supplied weights. Approximate 95% intervals; see methods for sampling and coverage.,"Should richer people pay higher, the same or lower taxes?",0.0,10.0,percent
ISSP,tax_level,ordinal,"{""Too high"": [1, 2], ""Too low"": [4, 5], ""About right"": [3], ""Don't know"": [8], ""No answer"": [9]}",Adults 18+; supplied weights. Approximate 95% intervals; see methods for sampling and coverage.,Are current taxes on high incomes too high or too low?,0.0,10.0,percent
ISSP,buy_health,ordinal,"{""Fair"": [1, 2], ""Unfair"": [4, 5], ""Mixed feelings"": [3], ""Don't know"": [8], ""No answer"": [9]}",Adults 18+; supplied weights. Approximate 95% intervals; see methods for sampling and coverage.,Is it fair that richer people can buy better healthcare?,0.0,10.0,percent
ISSP,buy_education,ordinal,"{""Fair"": [1, 2], ""Unfair"": [4, 5], ""Mixed feelings"": [3], ""Don't know"": [8], ""No answer"": [9]}",Adults 18+; supplied weights. Approximate 95% intervals; see methods for sampling and coverage.,Is it fair that richer people can buy better education for their children?,0.0,10.0,percent
ISSP,society_actual,nominal,"{""A: Elite over a large bottom"": [1], ""B: Pyramid"": [2], ""C: Pyramid with few at bottom"": [3], ""D: Most people in the middle"": [4], ""E: Many near top, few at bottom"": [5], ""Don't know"": [8], ""No answer"": [9]}",Adults 18+; supplied weights. Approximate 95% intervals; see methods for sampling and coverage.,Which diagram best describes the shape of Ukrainian society?,0.0,10.0,percent
ISSP,society_ideal,nominal,"{""A: Elite over a large bottom"": [1], ""B: Pyramid"": [2], ""C: Pyramid with few at bottom"": [3], ""D: Most people in the middle"": [4], ""E: Many near top, few at bottom"": [5], ""Don't know"": [8], ""No answer"": [9]}",Adults 18+; supplied weights. Approximate 95% intervals; see methods for sampling and coverage.,Which shape of society would you prefer for Ukraine?,0.0,10.0,percent
ISSP,ahead_wealth,ordinal,"{""Essential / very important"": [1, 2], ""Not very / not at all important"": [4, 5], ""Important"": [3], ""Don't know"": [8], ""No answer"": [9]}",Adults 18+; supplied weights. Approximate 95% intervals; see methods for sampling and coverage.,Importance for getting ahead: coming from a wealthy family?,0.0,10.0,percent
ISSP,ahead_parents,ordinal,"{""Essential / very important"": [1, 2], ""Not very / not at all important"": [4, 5], ""Important"": [3], ""Don't know"": [8], ""No answer"": [9]}",Adults 18+; supplied weights. Approximate 95% intervals; see methods for sampling and coverage.,Importance for getting ahead: having well-educated parents?,0.0,10.0,percent
ISSP,ahead_education,ordinal,"{""Essential / very important"": [1, 2], ""Not very / not at all important"": [4, 5], ""Important"": [3], ""Don't know"": [8], ""No answer"": [9]}",Adults 18+; supplied weights. Approximate 95% intervals; see methods for sampling and coverage.,Importance for getting ahead: having a good education?,0.0,10.0,percent
ISSP,ahead_work,ordinal,"{""Essential / very important"": [1, 2], ""Not very / not at all important"": [4, 5], ""Important"": [3], ""Don't know"": [8], ""No answer"": [9]}",Adults 18+; supplied weights. Approximate 95% intervals; see methods for sampling and coverage.,Importance for getting ahead: hard work?,0.0,10.0,percent
ISSP,ahead_connections,ordinal,"{""Essential / very important"": [1, 2], ""Not very / not at all important"": [4, 5], ""Important"": [3], ""Don't know"": [8], ""No answer"": [9]}",Adults 18+; supplied weights. Approximate 95% intervals; see methods for sampling and coverage.,Importance for getting ahead: knowing the right people?,0.0,10.0,percent
ISSP,ahead_political,ordinal,"{""Essential / very important"": [1, 2], ""Not very / not at all important"": [4, 5], ""Important"": [3], ""Don't know"": [8], ""No answer"": [9]}",Adults 18+; supplied weights. Approximate 95% intervals; see methods for sampling and coverage.,Importance for getting ahead: political connections?,0.0,10.0,percent
ISSP,ahead_bribes,ordinal,"{""Essential / very important"": [1, 2], ""Not very / not at all important"": [4, 5], ""Important"": [3], ""Don't know"": [8], ""No answer"": [9]}",Adults 18+; supplied weights. Approximate 95% intervals; see methods for sampling and coverage.,Importance for getting ahead: giving bribes?,0.0,10.0,percent
ISSP,ahead_race,ordinal,"{""Essential / very important"": [1, 2], ""Not very / not at all important"": [4, 5], ""Important"": [3], ""Don't know"": [8], ""No answer"": [9]}",Adults 18+; supplied weights. Approximate 95% intervals; see methods for sampling and coverage.,Importance for getting ahead: ethnic background (nationality)?,0.0,10.0,percent
ISSP,ahead_religion,ordinal,"{""Essential / very important"": [1, 2], ""Not very / not at all important"": [4, 5], ""Important"": [3], ""Don't know"": [8], ""No answer"": [9]}",Adults 18+; supplied weights. Approximate 95% intervals; see methods for sampling and coverage.,Importance for getting ahead: a person’s religion?,0.0,10.0,percent
ISSP,ahead_gender,ordinal,"{""Essential / very important"": [1, 2], ""Not very / not at all important"": [4, 5], ""Important"": [3], ""Don't know"": [8], ""No answer"": [9]}",Adults 18+; supplied weights. Approximate 95% intervals; see methods for sampling and coverage.,Importance for getting ahead: being born a man or woman?,0.0,10.0,percent
ISSP,pay_responsibility,ordinal,"{""Essential / very important"": [1, 2], ""Not very / not at all important"": [4, 5], ""Important"": [3], ""Don't know"": [8], ""No answer"": [9]}",Adults 18+; supplied weights. Approximate 95% intervals; see methods for sampling and coverage.,What should determine pay: job responsibility?,0.0,10.0,percent
ISSP,pay_education,ordinal,"{""Essential / very important"": [1, 2], ""Not very / not at all important"": [4, 5], ""Important"": [3], ""Don't know"": [8], ""No answer"": [9]}",Adults 18+; supplied weights. Approximate 95% intervals; see methods for sampling and coverage.,What should determine pay: education and training?,0.0,10.0,percent
ISSP,pay_children,ordinal,"{""Essential / very important"": [1, 2], ""Not very / not at all important"": [4, 5], ""Important"": [3], ""Don't know"": [8], ""No answer"": [9]}",Adults 18+; supplied weights. Approximate 95% intervals; see methods for sampling and coverage.,What should determine pay: children to support?,0.0,10.0,percent
ISSP,pay_performance,ordinal,"{""Essential / very important"": [1, 2], ""Not very / not at all important"": [4, 5], ""Important"": [3], ""Don't know"": [8], ""No answer"": [9]}",Adults 18+; supplied weights. Approximate 95% intervals; see methods for sampling and coverage.,What should determine pay: how well the job is done?,0.0,10.0,percent
ISSP,conflict_rich_poor,ordinal,"{""Strong conflicts"": [1, 2], ""Weak / no conflicts"": [3, 4], ""Don't know"": [8], ""No answer"": [9]}",Adults 18+; supplied weights. Approximate 95% intervals; see methods for sampling and coverage.,How much conflict is there between rich and poor?,0.0,10.0,percent
ISSP,conflict_class,ordinal,"{""Strong conflicts"": [1, 2], ""Weak / no conflicts"": [3, 4], ""Don't know"": [8], ""No answer"": [9]}",Adults 18+; supplied weights. Approximate 95% intervals; see methods for sampling and coverage.,How much conflict is there between working and middle classes?,0.0,10.0,percent
ISSP,conflict_management,ordinal,"{""Strong conflicts"": [1, 2], ""Weak / no conflicts"": [3, 4], ""Don't know"": [8], ""No answer"": [9]}",Adults 18+; supplied weights. Approximate 95% intervals; see methods for sampling and coverage.,How much conflict is there between management and workers?,0.0,10.0,percent
ISSP,earn_actual_doctor,numeric,"{""Mean"": []}",Adults 18+; weighted means and approximate 95% intervals. Nominal UAH; price levels differ.,How much does a doctor earn per month after taxes?,0.0,,"UAH per month after tax, nominal"
ISSP,earn_ideal_doctor,numeric,"{""Mean"": []}",Adults 18+; weighted means and approximate 95% intervals. Nominal UAH; price levels differ.,How much should a doctor earn per month after taxes?,0.0,,"UAH per month after tax, nominal"
ISSP,earn_actual_chairman,numeric,"{""Mean"": []}",Adults 18+; weighted means and approximate 95% intervals. Nominal UAH; price levels differ.,How much does a corporate chairman earn per month after taxes?,0.0,,"UAH per month after tax, nominal"
ISSP,earn_ideal_chairman,numeric,"{""Mean"": []}",Adults 18+; weighted means and approximate 95% intervals. Nominal UAH; price levels differ.,How much should a corporate chairman earn per month after taxes?,0.0,,"UAH per month after tax, nominal"
ISSP,earn_actual_shop,numeric,"{""Mean"": []}",Adults 18+; weighted means and approximate 95% intervals. Nominal UAH; price levels differ.,How much does a shop assistant earn per month after taxes?,0.0,,"UAH per month after tax, nominal"
ISSP,earn_ideal_shop,numeric,"{""Mean"": []}",Adults 18+; weighted means and approximate 95% intervals. Nominal UAH; price levels differ.,How much should a shop assistant earn per month after taxes?,0.0,,"UAH per month after tax, nominal"
ISSP,earn_actual_worker,numeric,"{""Mean"": []}",Adults 18+; weighted means and approximate 95% intervals. Nominal UAH; price levels differ.,How much does an unskilled factory worker earn per month after taxes?,0.0,,"UAH per month after tax, nominal"
ISSP,earn_ideal_worker,numeric,"{""Mean"": []}",Adults 18+; weighted means and approximate 95% intervals. Nominal UAH; price levels differ.,How much should an unskilled factory worker earn per month after taxes?,0.0,,"UAH per month after tax, nominal"
ISSP,earn_actual_minister,numeric,"{""Mean"": []}",Adults 18+; weighted means and approximate 95% intervals. Nominal UAH; price levels differ.,How much does a cabinet minister earn per month after taxes?,0.0,,"UAH per month after tax, nominal"
ISSP,earn_ideal_minister,numeric,"{""Mean"": []}",Adults 18+; weighted means and approximate 95% intervals. Nominal UAH; price levels differ.,How much should a cabinet minister earn per month after taxes?,0.0,,"UAH per month after tax, nominal"
