survey,item,year,question_type,source_file,source_field,source_table,source_sha256,response,estimate,se,ci_low,ci_high,n_valid,n_domain,n_psu,kish_n,weight_sum,weighted,variance_method,denominator,excluded_non_numeric_pct,spontaneous_against_democracy_pct,round,fieldwork_period,question,study_status,age_group,design_df,chart_id,plotted_metric
ISSP,buy_education,2009,ordinal,ZA5400_v4-0-0.sav,V39,original microdata,ff5bd2c5c8c7ba6e8e7ba11541b464be2d464ddfa95385d74507f226bbbaaa2d,Fair,12.48956309713193,0.7821710784781791,10.955612721222924,14.023513473040934,2012.0,2012.0,2012.0,1829.3848508727403,2012.0000000000048,True,Approximate weighted respondent linearization; PSU/stratum unavailable in supplied file,all eligible adults,,,,,Is it fair that richer people can buy better education for their children?,,All,2011.0,issp__buy_education,Response shares (%)
ISSP,buy_education,2019,ordinal,ZA7810_v1-0-0.sav,v31,original microdata,694abfea6f4a06ec211c0e24428d0bce0acc0f3eff4453f98f44c99641d2bb43,Fair,26.30777160804368,1.1633053775317,24.02635430589147,28.58918891019589,2001.0,2001.0,2001.0,1624.113195252279,2000.9999999999995,True,Approximate weighted respondent linearization; PSU/stratum unavailable in supplied file,all eligible adults,,,,,Is it fair that richer people can buy better education for their children?,,All,2000.0,issp__buy_education,Response shares (%)
ISSP,buy_education,2009,ordinal,ZA5400_v4-0-0.sav,V39,original microdata,ff5bd2c5c8c7ba6e8e7ba11541b464be2d464ddfa95385d74507f226bbbaaa2d,Unfair,62.86771771818378,1.1331199654505155,60.64550592235182,65.08992951401575,2012.0,2012.0,2012.0,1829.3848508727403,2012.0000000000048,True,Approximate weighted respondent linearization; PSU/stratum unavailable in supplied file,all eligible adults,,,,,Is it fair that richer people can buy better education for their children?,,All,2011.0,issp__buy_education,Response shares (%)
ISSP,buy_education,2019,ordinal,ZA7810_v1-0-0.sav,v31,original microdata,694abfea6f4a06ec211c0e24428d0bce0acc0f3eff4453f98f44c99641d2bb43,Unfair,58.18826935079493,1.239077546047059,55.75825139776348,60.61828730382639,2001.0,2001.0,2001.0,1624.113195252279,2000.9999999999995,True,Approximate weighted respondent linearization; PSU/stratum unavailable in supplied file,all eligible adults,,,,,Is it fair that richer people can buy better education for their children?,,All,2000.0,issp__buy_education,Response shares (%)
ISSP,buy_education,2009,ordinal,ZA5400_v4-0-0.sav,V39,original microdata,ff5bd2c5c8c7ba6e8e7ba11541b464be2d464ddfa95385d74507f226bbbaaa2d,Mixed feelings,17.63422614324422,0.8983370501079567,15.872457530695694,19.395994755792746,2012.0,2012.0,2012.0,1829.3848508727403,2012.0000000000048,True,Approximate weighted respondent linearization; PSU/stratum unavailable in supplied file,all eligible adults,,,,,Is it fair that richer people can buy better education for their children?,,All,2011.0,issp__buy_education,Response shares (%)
ISSP,buy_education,2019,ordinal,ZA7810_v1-0-0.sav,v31,original microdata,694abfea6f4a06ec211c0e24428d0bce0acc0f3eff4453f98f44c99641d2bb43,Mixed feelings,12.453397360944376,0.780610603860909,10.922502230320577,13.98429249156818,2001.0,2001.0,2001.0,1624.113195252279,2000.9999999999995,True,Approximate weighted respondent linearization; PSU/stratum unavailable in supplied file,all eligible adults,,,,,Is it fair that richer people can buy better education for their children?,,All,2000.0,issp__buy_education,Response shares (%)
ISSP,buy_education,2009,ordinal,ZA5400_v4-0-0.sav,V39,original microdata,ff5bd2c5c8c7ba6e8e7ba11541b464be2d464ddfa95385d74507f226bbbaaa2d,Don't know,6.787336183341149,0.5801379311041727,5.649601968944287,7.925070397738011,2012.0,2012.0,2012.0,1829.3848508727403,2012.0000000000048,True,Approximate weighted respondent linearization; PSU/stratum unavailable in supplied file,all eligible adults,,,,,Is it fair that richer people can buy better education for their children?,,All,2011.0,issp__buy_education,Response shares (%)
ISSP,buy_education,2019,ordinal,ZA7810_v1-0-0.sav,v31,original microdata,694abfea6f4a06ec211c0e24428d0bce0acc0f3eff4453f98f44c99641d2bb43,Don't know,3.05056168021702,0.3930948647148746,2.279643361545997,3.8214799988880426,2001.0,2001.0,2001.0,1624.113195252279,2000.9999999999995,True,Approximate weighted respondent linearization; PSU/stratum unavailable in supplied file,all eligible adults,,,,,Is it fair that richer people can buy better education for their children?,,All,2000.0,issp__buy_education,Response shares (%)
ISSP,buy_education,2009,ordinal,ZA5400_v4-0-0.sav,V39,original microdata,ff5bd2c5c8c7ba6e8e7ba11541b464be2d464ddfa95385d74507f226bbbaaa2d,No answer,0.2211568580989167,0.113680695742745,0.0,0.4441011100232681,2012.0,2012.0,2012.0,1829.3848508727403,2012.0000000000048,True,Approximate weighted respondent linearization; PSU/stratum unavailable in supplied file,all eligible adults,,,,,Is it fair that richer people can buy better education for their children?,,All,2011.0,issp__buy_education,Response shares (%)
ISSP,buy_education,2019,ordinal,ZA7810_v1-0-0.sav,v31,original microdata,694abfea6f4a06ec211c0e24428d0bce0acc0f3eff4453f98f44c99641d2bb43,No answer,0.0,0.0,0.0,0.0,2001.0,2001.0,2001.0,1624.113195252279,2000.9999999999995,True,Approximate weighted respondent linearization; PSU/stratum unavailable in supplied file,all eligible adults,,,,,Is it fair that richer people can buy better education for their children?,,All,2000.0,issp__buy_education,Response shares (%)
