survey,item,year,question_type,source_file,source_field,source_table,source_sha256,response,estimate,se,ci_low,ci_high,n_valid,n_domain,n_psu,kish_n,weight_sum,weighted,variance_method,denominator,excluded_non_numeric_pct,spontaneous_against_democracy_pct,round,fieldwork_period,question,study_status,age_group,design_df,source_response,chart_id,plotted_metric
ISSP,tax_rich,2009,ordinal,ZA5400_v4-0-0.sav,V36,original microdata,ff5bd2c5c8c7ba6e8e7ba11541b464be2d464ddfa95385d74507f226bbbaaa2d,Higher taxes,80.84907479350882,0.9224418602917146,79.04003316913463,82.65811641788301,2012.0,2012.0,2012.0,1829.3848508727403,2012.0000000000048,True,Approximate weighted respondent linearization; PSU/stratum unavailable in supplied file,all eligible adults,,,,,"Should people with high incomes pay higher, the same, or lower taxes than people with low incomes?",,All,2011.0,Higher taxes,issp__tax_rich,Response shares (%)
ISSP,tax_rich,2019,ordinal,ZA7810_v1-0-0.sav,v28,original microdata,694abfea6f4a06ec211c0e24428d0bce0acc0f3eff4453f98f44c99641d2bb43,Higher taxes,78.4862995314572,1.0587701051741505,76.40989166504554,80.56270739786888,2001.0,2001.0,2001.0,1624.113195252279,2000.9999999999995,True,Approximate weighted respondent linearization; PSU/stratum unavailable in supplied file,all eligible adults,,,,,"Should people with high incomes pay higher, the same, or lower taxes than people with low incomes?",,All,2000.0,Higher taxes,issp__tax_rich,Response shares (%)
ISSP,tax_rich,2009,ordinal,ZA5400_v4-0-0.sav,V36,original microdata,ff5bd2c5c8c7ba6e8e7ba11541b464be2d464ddfa95385d74507f226bbbaaa2d,Lower taxes,1.372631859979618,0.2632402270382574,0.8563797812076059,1.8888839387516296,2012.0,2012.0,2012.0,1829.3848508727403,2012.0000000000048,True,Approximate weighted respondent linearization; PSU/stratum unavailable in supplied file,all eligible adults,,,,,"Should people with high incomes pay higher, the same, or lower taxes than people with low incomes?",,All,2011.0,Lower taxes,issp__tax_rich,Response shares (%)
ISSP,tax_rich,2019,ordinal,ZA7810_v1-0-0.sav,v28,original microdata,694abfea6f4a06ec211c0e24428d0bce0acc0f3eff4453f98f44c99641d2bb43,Lower taxes,2.3296303849314484,0.4127275771125201,1.5202093561232104,3.1390514137396863,2001.0,2001.0,2001.0,1624.113195252279,2000.9999999999995,True,Approximate weighted respondent linearization; PSU/stratum unavailable in supplied file,all eligible adults,,,,,"Should people with high incomes pay higher, the same, or lower taxes than people with low incomes?",,All,2000.0,Lower taxes,issp__tax_rich,Response shares (%)
ISSP,tax_rich,2009,ordinal,ZA5400_v4-0-0.sav,V36,original microdata,ff5bd2c5c8c7ba6e8e7ba11541b464be2d464ddfa95385d74507f226bbbaaa2d,The same taxes,9.928123190911585,0.7106839239509838,8.534369442795327,11.321876939027842,2012.0,2012.0,2012.0,1829.3848508727403,2012.0000000000048,True,Approximate weighted respondent linearization; PSU/stratum unavailable in supplied file,all eligible adults,,,,,"Should people with high incomes pay higher, the same, or lower taxes than people with low incomes?",,All,2011.0,The same taxes,issp__tax_rich,Response shares (%)
ISSP,tax_rich,2019,ordinal,ZA7810_v1-0-0.sav,v28,original microdata,694abfea6f4a06ec211c0e24428d0bce0acc0f3eff4453f98f44c99641d2bb43,The same taxes,15.24718022043066,0.9229879798887318,13.43706158119202,17.057298859669295,2001.0,2001.0,2001.0,1624.113195252279,2000.9999999999995,True,Approximate weighted respondent linearization; PSU/stratum unavailable in supplied file,all eligible adults,,,,,"Should people with high incomes pay higher, the same, or lower taxes than people with low incomes?",,All,2000.0,The same taxes,issp__tax_rich,Response shares (%)
ISSP,tax_rich,2009,ordinal,ZA5400_v4-0-0.sav,V36,original microdata,ff5bd2c5c8c7ba6e8e7ba11541b464be2d464ddfa95385d74507f226bbbaaa2d,Hard to say,7.850170155599975,0.6233105806026534,6.627768144413654,9.072572166786296,2012.0,2012.0,2012.0,1829.3848508727403,2012.0000000000048,True,Approximate weighted respondent linearization; PSU/stratum unavailable in supplied file,all eligible adults,,,,,"Should people with high incomes pay higher, the same, or lower taxes than people with low incomes?",,All,2011.0,Don't know,issp__tax_rich,Response shares (%)
ISSP,tax_rich,2019,ordinal,ZA7810_v1-0-0.sav,v28,original microdata,694abfea6f4a06ec211c0e24428d0bce0acc0f3eff4453f98f44c99641d2bb43,Hard to say,3.936889863180714,0.510358740182969,2.935999398263816,4.937780328097611,2001.0,2001.0,2001.0,1624.113195252279,2000.9999999999995,True,Approximate weighted respondent linearization; PSU/stratum unavailable in supplied file,all eligible adults,,,,,"Should people with high incomes pay higher, the same, or lower taxes than people with low incomes?",,All,2000.0,Don't know,issp__tax_rich,Response shares (%)
ISSP,tax_rich,2009,ordinal,ZA5400_v4-0-0.sav,V36,original microdata,ff5bd2c5c8c7ba6e8e7ba11541b464be2d464ddfa95385d74507f226bbbaaa2d,No answer,0.0,0.0,0.0,0.0,2012.0,2012.0,2012.0,1829.3848508727403,2012.0000000000048,True,Approximate weighted respondent linearization; PSU/stratum unavailable in supplied file,all eligible adults,,,,,"Should people with high incomes pay higher, the same, or lower taxes than people with low incomes?",,All,2011.0,No answer,issp__tax_rich,Response shares (%)
ISSP,tax_rich,2019,ordinal,ZA7810_v1-0-0.sav,v28,original microdata,694abfea6f4a06ec211c0e24428d0bce0acc0f3eff4453f98f44c99641d2bb43,No answer,0.0,0.0,0.0,0.0,2001.0,2001.0,2001.0,1624.113195252279,2000.9999999999995,True,Approximate weighted respondent linearization; PSU/stratum unavailable in supplied file,all eligible adults,,,,,"Should people with high incomes pay higher, the same, or lower taxes than people with low incomes?",,All,2000.0,No answer,issp__tax_rich,Response shares (%)
